#{"t_start": 1706992086.7645898, "env_id": "CustomHopper-source-v0"}
r,l,t
11.528733,13,0.010082
12.900667,14,0.016133
7.988676,13,0.021513
2.737666,27,0.032923
19.250018,24,0.042784
6.182043,25,0.053072
12.150702,19,0.060911
9.8415,11,0.065473
28.03516,29,0.077294
17.340818,26,0.087932
19.910259,31,0.100501
7.483956,12,0.107193
11.009927,19,0.115057
9.15022,12,0.119923
8.199207,12,0.12482
5.090827,9,0.12849
8.854566,17,0.135449
10.497723,18,0.142835
8.041647,24,0.152725
9.629762,33,0.166063
3.258517,9,0.169811
7.382636,12,0.174709
26.229821,41,0.191425
8.082645,16,0.197792
20.039445,25,0.209669
8.601011,19,0.217364
23.544636,26,0.228052
13.523758,30,0.240482
15.115618,23,0.250044
5.101772,11,0.254598
6.025857,15,0.260715
9.741406,12,0.265669
6.15658,13,0.270911
13.102266,13,0.276194
17.944529,24,0.285971
14.125088,18,0.293291
5.734283,19,0.300976
28.197964,33,0.31618
9.62782,20,0.324231
18.934373,22,0.333129
5.078038,21,0.341786
7.926216,10,0.345934
6.924926,9,0.349585
9.823929,16,0.356089
15.931086,26,0.366565
19.860832,19,0.374344
4.47846,10,0.378464
22.334002,28,0.389769
8.607707,14,0.395442
9.211362,14,0.401135
7.870515,26,0.413138
9.000157,13,0.418493
9.561362,13,0.423848
7.193717,19,0.431438
7.760897,27,0.442575
14.175297,14,0.448484
21.718361,21,0.457057
7.454908,10,0.461111
7.676475,14,0.466922
12.490053,23,0.476271
9.362596,12,0.48114
4.346201,11,0.485673
14.292659,18,0.492922
21.848891,31,0.505383
10.458409,14,0.512702
2.660642,12,0.517707
7.16372,9,0.521433
17.976577,21,0.529879
8.812121,12,0.534726
5.533179,8,0.537972
26.175978,22,0.54692
17.14329,34,0.561199
19.442899,35,0.576229
6.435514,10,0.58283
6.99093,15,0.58964
22.705326,21,0.59863
68.720441,43,0.617629
9.252727,16,0.624095
7.440493,13,0.629478
30.413816,26,0.640099
13.889772,20,0.648425
12.742415,19,0.656235
11.919091,27,0.667354
8.717952,18,0.674602
7.751679,13,0.679988
44.611383,54,0.70125
96.558707,61,0.727196
6.451434,9,0.730814
16.334004,24,0.740695
32.470579,34,0.754542
5.010068,13,0.759833
7.392145,13,0.76523
27.917775,36,0.779703
10.510956,23,0.788952
8.553426,16,0.79544
17.76071,19,0.803207
3.587564,22,0.812203
7.077867,10,0.817859
7.924662,15,0.823965
10.399304,13,0.829194
11.547462,13,0.834503
38.482848,28,0.845905
9.45886,12,0.850776
56.702173,57,1.490896
9.725727,22,1.500542
8.738212,16,1.507405
5.247599,9,1.51146
11.467358,35,1.526009
18.978872,20,1.535822
22.288872,21,1.544365
4.458379,9,1.54802
12.148531,21,1.556596
58.702643,46,1.575618
8.025465,16,1.582221
32.083512,28,1.593686
9.855186,16,1.600225
15.592792,25,1.610477
57.061504,34,1.624262
5.74636,11,1.630527
8.160999,15,1.63682
9.777173,16,1.643361
39.373255,38,1.659024
9.565499,21,1.667776
10.165174,18,1.675197
84.316541,47,1.694174
7.730854,13,1.699508
16.696065,20,1.707701
4.422218,14,1.713485
29.00055,36,1.72799
16.512991,19,1.73752
23.560625,30,1.749862
82.502989,55,1.772259
18.677466,18,1.779753
13.649532,18,1.78714
10.540062,13,1.792392
4.928304,11,1.797016
30.693132,26,1.807446
7.139022,12,1.812228
14.075366,15,1.818283
7.199225,12,1.823165
11.637239,20,1.832877
19.161682,17,1.839888
7.522821,14,1.845559
12.970134,26,1.856019
21.420832,27,1.867061
9.57595,13,1.872315
75.407573,43,1.889766
4.811927,12,1.894874
13.04217,16,1.901406
6.978936,23,1.910841
5.17642,16,1.917423
22.969086,20,1.925648
4.853828,12,1.930547
29.918455,28,1.94386
52.86853,70,1.971823
11.814637,13,1.977304
56.857122,56,1.99995
12.642302,25,2.010187
17.681923,22,2.019211
14.953509,18,2.026436
29.433896,29,2.039981
45.429696,39,2.055723
6.875844,9,2.059392
18.125087,19,2.06718
13.391585,20,2.075406
29.369662,26,2.085849
8.436638,18,2.093257
27.976654,28,2.104625
8.581577,12,2.109363
27.406928,28,2.120683
5.062845,9,2.124468
15.665733,21,2.132906
10.558139,22,2.143585
8.901515,16,2.150115
33.575764,40,2.16634
30.259847,33,2.179951
9.633616,18,2.187302
62.975427,38,2.202593
56.881864,62,2.227322
12.876961,20,2.235569
26.764141,24,2.24708
6.481614,10,2.251334
4.910197,9,2.255085
10.016131,20,2.26322
14.264955,26,2.27393
13.312212,21,2.282584
9.098322,13,2.287871
12.834199,19,2.295765
9.953073,12,2.300664
11.010716,21,2.309071
28.533452,24,2.318741
46.905954,52,2.958626
59.664253,48,2.979234
139.061982,86,3.016133
44.998408,40,3.032877
29.541964,38,3.048433
94.895393,51,3.07067
152.11918,97,3.110228
12.497804,27,3.121205
21.658937,37,3.13641
210.563771,90,3.174335
13.058638,21,3.183068
97.961756,53,3.20457
19.528239,25,3.214982
37.225836,35,3.22932
13.860368,16,3.235841
31.037588,25,3.246172
19.842671,19,3.254029
90.810602,100,3.296498
203.818031,136,3.351185
11.181893,17,3.359949
31.545094,42,3.376971
144.262055,75,3.407389
152.895278,95,3.445879
46.906629,30,3.459774
41.267871,33,3.473369
7.861576,18,3.480751
102.656621,71,3.50957
11.363849,28,3.521114
136.091679,92,3.55783
10.218088,12,3.564478
13.026806,23,3.573827
102.391522,91,3.610774
22.069,28,3.622286
72.517506,44,3.640005
27.164043,41,3.656438
16.732069,25,3.66841
49.998031,46,3.687192
237.703549,106,3.729181
80.186052,46,3.747577
56.915087,39,3.764942
18.12281,33,3.778485
157.299641,88,4.433058
188.71421,113,4.481958
13.773498,21,4.490591
112.592923,57,4.514088
163.443834,88,4.550621
51.361647,42,4.567595
220.24754,118,4.617344
210.448265,88,4.653454
69.352576,43,4.67091
83.060954,47,4.691807
133.92935,76,4.722333
46.194728,34,4.736636
22.98217,27,4.747833
50.429499,34,4.76165
18.21086,22,4.770709
227.56944,107,4.815245
25.299506,23,4.824755
189.660813,134,4.878651
233.728398,113,4.925858
233.764233,125,4.976004
193.973942,104,5.020353
46.18597,33,5.033811
71.182965,41,5.050665
265.629937,142,5.10864
23.007475,28,5.12016
259.720207,134,5.173881
80.051695,55,5.197275
220.4675,101,5.23766
231.421607,128,5.911611
105.428712,59,5.935342
124.369344,62,5.960872
187.937057,82,5.993958
97.109184,53,6.017117
234.10389,111,6.061911
108.204472,67,6.089021
209.022687,96,6.129288
240.12681,121,6.178601
147.063773,77,6.21106
299.454614,170,6.279511
9.80757,12,6.284446
176.392929,78,6.31755
173.971003,95,6.356047
97.039265,55,6.378066
95.177924,54,6.39943
239.975693,117,6.448125
156.954912,77,6.479421
123.353587,79,6.512459
66.495474,46,6.530481
224.13226,95,6.571848
232.89454,112,6.619947
27.548856,44,6.637819
135.182026,64,6.663979
165.860026,95,6.702217
210.436555,92,7.374979
194.954657,85,7.41093
97.67694,67,7.439729
210.224993,90,7.479232
193.14376,91,7.516687
223.61392,110,7.565368
225.759845,103,7.607704
116.636449,59,7.633001
211.488941,92,7.672522
231.665016,109,7.717745
213.591169,92,7.757549
187.637446,82,7.79267
208.507903,89,7.828696
218.981774,98,7.871375
224.696868,107,7.914985
21.718536,19,7.922956
210.485668,90,7.961911
118.532373,62,7.988071
213.749669,98,8.027754
213.839769,89,8.06766
224.378314,98,8.107844
236.077942,114,8.154934
225.153784,102,8.198616
206.990882,89,8.859984
228.427072,116,8.908463
194.16062,95,8.947263
94.443415,52,8.969944
72.313989,41,8.988609
214.341127,107,9.03322
220.171885,101,9.07591
208.984498,95,9.114192
323.942428,133,9.168761
190.768441,82,9.201841
213.497891,91,9.239359
256.673716,115,9.287472
155.968694,76,9.318143
266.975053,116,9.366301
211.837871,90,9.402458
173.950333,85,9.436577
215.315125,109,9.48177
158.461572,99,9.524137
250.553752,131,9.578887
105.479366,59,9.604539
140.048165,73,9.633901
185.229607,81,9.668007
223.999308,101,10.345202
203.707103,87,10.384516
212.516154,97,10.424585
212.78567,97,10.465056
235.78042,118,10.514712
245.920189,104,10.557634
186.287651,81,10.592435
215.627619,91,10.632631
116.861233,59,10.657168
217.037452,97,10.697382
269.766593,117,10.744752
189.804906,97,10.785709
209.21846,95,10.826408
213.698369,91,10.863216
221.719999,95,10.902843
219.018646,100,10.943602
201.670523,88,10.979669
218.665483,114,11.027615
205.485458,94,11.065427
275.607725,132,11.119876
178.381078,81,11.152679
233.890349,102,11.825892
203.663976,94,11.868112
201.347143,90,11.904762
310.733827,120,11.956485
204.623066,88,11.992954
259.327087,112,12.04
190.397084,101,12.083383
203.421729,90,12.121418
219.964395,97,12.163081
201.402745,88,12.198637
56.869514,40,12.214969
248.796257,118,12.266305
221.178216,97,12.306183
216.716198,93,12.346199
219.955734,100,12.388811
214.624354,97,12.42926
153.446547,88,12.466907
244.146843,119,12.515464
302.434286,121,12.567664
250.01714,121,12.616414
287.850902,121,12.668862
233.824333,111,13.343826
308.992714,133,13.398093
333.117044,127,13.451786
218.419367,103,13.494769
136.220283,68,13.522637
218.22135,97,13.563388
218.737397,94,13.602346
213.00206,91,13.639356
226.226413,101,13.681667
210.372271,94,13.720007
211.358889,108,13.764917
223.335573,109,13.8096
227.179978,104,13.852615
111.566454,61,13.877002
334.035554,141,13.933891
317.383851,123,13.984554
214.981469,94,14.023252
150.128228,76,14.055566
248.537087,109,14.099841
209.209153,95,14.13821
265.42155,112,14.817386
247.697727,127,14.872445
208.64102,89,14.90936
220.611056,118,14.958519
150.188729,73,14.989828
229.510063,110,15.035746
261.584081,110,15.081158
347.029225,135,15.136366
227.471384,102,15.179119
237.572442,101,15.220603
315.930033,123,15.273167
263.166217,121,15.323032
242.834937,118,15.370338
238.725602,104,15.414442
218.204804,102,15.457972
223.62406,100,15.502276
231.835629,113,15.550014
179.136464,88,15.589057
255.836715,111,15.636339
299.098468,125,16.449381
238.470471,108,16.510421
387.277954,145,16.583615
181.44042,86,16.628118
345.269762,136,16.694076
329.840942,129,16.756426
305.726083,134,16.819637
345.412982,137,16.881088
323.442189,134,16.94164
315.447156,125,16.995795
325.762637,131,17.052958
276.304363,120,17.103922
274.197068,117,17.154301
291.86568,118,17.203703
313.475083,131,17.259212
201.042469,96,17.29908
289.268382,114,18.132536
331.642483,130,18.20107
369.781822,135,18.270777
303.534987,132,18.336385
344.749619,141,23.055333
329.078626,138,23.113073
353.902159,136,23.171251
334.864823,133,23.228595
289.092825,115,23.276143
203.100665,92,23.314493
312.12249,128,23.368275
326.956405,131,23.424447
335.423667,139,23.480651
324.713855,131,23.535972
321.844168,135,23.589936
322.001933,132,23.644772
327.704465,131,24.434866
238.828702,95,24.490347
324.880723,140,24.565283
361.86888,137,24.633909
271.348026,109,24.688776
229.103996,102,24.735903
307.6846,142,24.801678
330.062836,130,24.86061
350.913765,130,24.916845
326.610562,137,24.977655
356.217524,150,25.046074
320.877003,130,25.102165
230.774467,98,25.142996
298.669172,117,25.1936
201.685166,90,25.231787
284.080845,124,25.284795
313.223585,131,25.338779
193.633463,90,26.12912
319.833572,133,26.204567
368.885105,137,26.277853
352.494115,142,26.347188
329.388627,137,26.41404
207.551559,90,26.456895
357.195975,131,26.517415
320.965245,131,26.574503
206.90066,92,26.616391
275.743261,129,26.670951
378.452327,139,26.731308
241.831472,102,26.774513
224.793673,99,26.8171
279.324797,131,26.870942
243.955832,102,26.914768
227.299815,97,26.954655
321.111222,130,27.009636
332.015011,133,27.824672
328.478674,133,27.899305
233.221992,98,27.952097
325.066306,123,28.015146
392.214753,152,28.086966
232.830938,102,28.135986
207.518108,94,28.17861
224.193767,98,28.224159
228.128307,97,28.266246
318.627537,124,28.322155
249.965861,104,28.366292
271.375208,106,28.411746
373.569091,146,28.475053
287.435374,123,28.527617
348.873489,134,28.582703
325.589981,130,28.637713
359.419385,140,28.695195
334.562658,123,29.48426
308.122573,124,29.5544
378.34076,141,29.629233
364.095616,142,29.702289
387.987247,157,29.778344
329.442362,132,29.838338
321.688542,130,29.899376
346.441046,139,29.960363
338.334479,124,30.014782
335.584573,135,30.074421
371.374877,142,30.135154
336.333153,128,30.189731
311.051017,125,30.242678
322.847518,146,30.30415
211.9973,95,30.343699
319.267008,125,30.395547
233.6119,110,31.189859
337.830227,137,31.264811
362.86611,147,31.340619
389.737442,165,31.420416
389.150308,153,31.492681
322.947898,127,31.548855
385.80619,145,31.61424
375.918043,141,31.674935
348.253624,131,31.731467
342.954157,138,31.789837
404.551645,155,31.853464
357.005506,147,31.916358
380.459415,148,31.97777
354.236142,139,32.035657
330.617276,136,32.825609
318.109923,124,32.892078
271.861326,107,32.948643
252.96837,102,32.99965
333.118862,130,33.064142
381.926167,141,33.131323
372.099984,136,33.193275
428.063911,161,33.265452
275.930245,108,33.313478
367.662961,137,33.372624
417.300419,155,33.440111
337.38257,122,33.491396
336.253404,127,33.546019
244.200587,100,33.587287
328.429551,123,33.64003
272.715131,110,33.685663
315.777504,119,33.735583
333.326115,120,34.530699
348.392182,127,34.600349
245.400355,103,34.655666
228.885396,94,34.702477
375.56767,133,34.767814
412.195859,151,34.836833
307.431851,119,34.892244
302.996474,110,34.941079
330.296825,119,34.993586
357.609206,129,35.048537
348.123899,135,35.107192
350.163828,136,35.165966
400.031041,149,35.227611
334.74266,141,35.287673
360.846283,139,35.345418
282.974006,109,35.391964
345.145266,126,36.18971
338.223797,129,36.259028
356.789912,133,36.328109
352.377733,130,36.393466
367.417403,132,36.455645
356.018602,126,36.514997
298.073952,118,36.5671
344.633652,144,36.634823
312.322543,120,36.691769
335.745498,131,36.748413
365.819696,128,36.80543
347.0684,127,36.859061
328.327784,120,36.912076
325.70829,122,36.962322
317.446712,122,37.014623
314.635805,127,37.066561
364.112349,131,37.859735
350.155436,127,37.928412
344.692812,131,37.992889
372.609354,136,38.05926
345.544841,131,38.11957
358.002176,138,38.183173
328.473551,121,38.238539
357.332793,134,38.295963
350.340479,132,38.353599
358.328515,131,38.409456
366.246661,132,38.465623
325.737382,118,38.514431
346.522326,128,38.568781
187.969751,84,38.603429
325.088487,131,38.659368
353.975739,129,38.712005
371.719271,134,39.505306
334.917179,129,39.575945
359.645522,133,39.642893
341.757737,128,39.708338
371.597882,135,39.773031
366.467657,130,39.833258
333.343638,132,39.894973
383.439269,139,39.956108
356.685991,131,40.014434
350.620635,127,40.069917
319.798698,121,40.120648
325.620849,125,40.174107
255.07045,102,40.218378
321.360607,125,40.272712
377.764178,133,40.326915
379.881029,137,40.384251
391.592788,140,41.182869
327.465229,131,41.254225
344.691248,127,41.318527
373.618631,137,41.383549
347.963623,139,41.448151
324.001877,127,41.506501
231.417245,102,41.551515
369.438253,135,41.611811
347.830836,128,41.666008
338.29264,132,41.722224
356.743611,129,41.775427
337.504703,131,41.830874
361.196865,133,41.883814
364.202013,139,41.941088
378.638958,134,41.994992
255.608816,109,42.039748
330.867808,126,42.81535
381.996531,135,42.886392
272.682081,104,42.937356
373.184887,135,42.99876
373.416576,132,43.060764
394.282464,141,43.119704
361.349848,133,47.813335
375.118985,138,47.868683
376.910789,136,47.924088
352.028626,128,47.975025
385.279932,139,48.02996
367.096229,135,48.082582
373.772221,137,48.137016
383.809128,137,48.189887
348.674392,130,48.24159
342.632067,121,48.965582
404.216194,142,49.037766
381.273845,140,49.101924
318.094423,116,49.154949
319.229465,123,49.207663
344.473793,123,49.259575
388.317861,136,49.31475
380.691721,141,49.372443
350.663485,126,49.422228
361.371289,131,49.474941
369.781584,139,49.528762
333.426291,124,49.578399
374.346575,133,49.630304
386.797023,138,49.684965
313.709758,115,49.729401
339.748938,127,49.778428
355.587116,134,50.513687
384.480439,146,50.585851
399.318244,142,50.64833
338.465333,125,50.704517
363.617945,134,50.7606
358.061873,133,50.815764
383.938085,134,50.870929
351.356513,131,50.923831
403.52405,138,50.97915
353.113193,130,51.030595
398.711393,140,51.085944
371.87575,135,51.138335
351.164601,127,51.188696
371.320142,129,51.239447
240.226942,98,51.277685
239.060582,98,51.316539
395.884165,144,52.04533
444.409346,160,52.125303
416.473178,145,52.191494
405.743836,142,52.253634
348.352467,129,52.308945
423.698329,145,52.369334
387.171922,141,52.428894
335.730155,123,52.477494
382.146341,134,52.53252
387.618958,135,52.585257
372.962946,131,52.638921
361.287092,131,52.688556
382.586254,134,52.742712
429.370072,148,52.798998
416.840913,140,52.854044
380.051042,133,53.583718
408.461129,143,53.652925
392.545898,138,53.715436
403.968511,142,53.777228
399.12226,138,53.835141
393.917102,142,53.893707
373.470735,130,53.949299
400.479417,141,54.003065
314.728869,117,54.05176
415.828224,144,54.105913
445.684439,149,54.165807
336.033522,121,54.211637
386.083661,139,54.266605
361.196695,125,54.313901
373.178891,130,54.366785
378.822158,135,55.095296
417.250573,146,55.166799
410.192985,147,55.231391
428.669033,148,55.296465
432.779436,153,55.36107
413.449581,150,55.420153
411.418772,146,55.478536
432.464652,151,55.537299
398.565187,139,55.591928
439.004753,157,55.653131
425.519771,151,55.710343
402.495619,136,55.763599
107.849736,56,55.785446
397.266023,137,55.83664
385.852868,145,56.606123
382.642151,139,56.682205
396.868792,142,56.752895
384.248661,136,56.819193
421.087674,149,56.889359
509.249473,177,56.967237
500.227371,178,57.045883
419.948485,149,57.110406
406.9925,148,57.173357
398.814932,141,57.234062
409.544035,150,57.298564
398.299929,138,57.354837
242.08184,103,57.398914
410.596268,143,57.457821
421.668404,147,58.242514
382.475659,137,58.318848
412.795783,148,58.393126
404.280468,149,58.466281
417.345275,148,58.535805
423.22988,150,58.602048
399.007052,147,58.667064
407.479938,144,58.729898
437.643641,157,58.7954
429.177725,149,58.857655
427.769698,149,58.920634
397.329861,141,58.978602
262.777407,105,59.023054
404.195643,146,59.082254
377.739118,141,59.139834
575.927967,209,59.97048
419.303376,169,60.054969
610.869618,213,60.155731
602.221359,217,60.253919
508.877733,197,60.340078
564.855715,212,60.428758
517.703073,182,60.505824
826.477902,303,60.630875
626.372039,223,60.722316
518.080686,192,61.535041
501.188723,188,61.634437
175.22242,86,61.679565
702.892668,235,61.790528
403.526795,159,61.860748
422.91677,152,61.927591
627.332402,212,62.017193
494.958971,198,62.099541
381.819598,151,62.161007
584.836401,211,62.246404
541.217923,202,62.328999
476.10518,167,62.398815
243.195142,113,63.162499
432.838479,153,63.242409
211.087759,104,63.290854
568.542187,211,63.388403
669.172595,220,63.484733
394.461825,174,63.559709
382.387901,145,63.620394
415.273139,148,63.681543
456.706555,160,63.748481
587.93831,226,63.840857
405.144634,150,63.900467
564.433382,207,63.981608
394.260181,143,64.753856
433.569386,158,64.831698
462.62692,164,64.907364
497.64742,178,64.98651
689.116599,229,65.082818
562.797317,216,65.172215
352.21958,142,65.227819
582.89446,216,65.314375
512.591424,194,65.39454
603.907088,216,65.480641
404.913969,153,65.540592
502.146739,187,66.30355
443.032697,158,66.382307
651.779477,219,66.48079
450.669084,156,66.54788
408.652583,149,66.614832
591.215573,202,66.700619
702.490888,224,66.793417
463.452631,162,72.315243
434.339257,157,72.376213
412.198551,147,72.432986
608.846169,207,72.513405
416.667205,149,72.571258
476.178219,163,73.313654
432.504607,155,73.388749
418.830833,148,73.456418
432.676105,153,73.525809
427.597202,152,73.590513
585.470859,213,73.677175
634.94531,228,73.767279
473.462309,168,73.835689
519.924883,185,73.906404
382.884062,148,73.963703
427.040883,150,74.023374
447.659771,166,74.085021
450.644519,157,74.825259
451.510987,158,74.901068
446.498175,159,74.974002
425.104897,149,75.03987
499.178145,171,75.111381
557.498228,192,75.189471
707.080535,228,75.28
805.61747,273,75.388611
499.024703,170,75.458678
443.32135,158,75.520507
671.399333,215,75.60454
408.166362,156,76.365234
414.065463,144,76.435909
675.437692,219,76.53238
677.704857,219,76.625255
586.378385,197,76.706403
505.828514,176,76.779495
435.32984,150,76.840951
601.8777,205,76.9201
640.117916,221,77.007301
675.645219,230,77.095537
704.367612,222,77.868474
417.404167,152,77.943252
475.539006,172,78.023555
522.514228,196,78.109697
719.897604,240,78.209837
550.1129,209,78.29402
514.702097,180,78.365283
742.678932,239,78.459154
775.315613,291,78.572796
537.472124,186,78.643257
658.096738,221,79.41001
599.395954,210,79.511184
458.752308,161,79.582533
27.825608,21,79.593515
413.458333,145,79.654967
627.713495,214,79.744366
697.089673,224,79.835393
579.357515,198,79.914845
674.781247,227,80.00391
947.166634,306,80.122625
663.916038,217,80.206414
868.411206,285,81.040638
894.338198,306,81.180757
732.722422,316,81.315436
888.825251,295,81.438121
657.467704,274,81.548616
704.121944,226,81.638341
677.473956,241,81.733329
468.979825,167,81.798946
193.434311,98,82.525933
521.639413,195,82.61964
927.818632,330,82.764352
882.786036,293,82.883524
1224.906945,400,83.041236
1315.084087,480,83.224619
820.482331,290,84.014081
1561.949024,500,84.243469
745.667749,250,84.349138
1126.634728,351,84.492525
555.619454,188,84.566618
459.02079,161,84.63101
915.536568,323,84.754704
910.416495,305,85.561408
667.623964,222,85.672287
1254.815238,500,85.896227
671.197536,210,85.985182
203.960576,102,86.027738
976.503509,390,86.184718
297.669977,134,86.238049
845.960588,263,86.342598
287.998017,124,86.39171
720.320657,282,87.213983
678.016128,306,87.353032
231.770744,122,87.404869
1278.192732,420,87.577288
296.390924,138,87.631743
974.043141,301,87.75076
236.532776,124,87.797668
813.171046,256,87.895888
687.598088,227,88.672584
1258.378439,393,88.851116
549.424901,184,88.929415
749.845007,313,89.055827
831.385233,257,89.156914
536.935822,215,89.241012
1137.919784,500,89.431679
682.942274,211,90.212431
858.719408,320,90.36534
1158.825982,500,90.581563
1475.528149,500,90.78854
1255.660854,422,106.86938
596.343547,205,107.688515
420.85,152,107.772704
727.17916,232,107.888405
544.463126,184,107.975528
709.103167,222,108.074609
519.302857,177,108.152479
555.778111,195,108.236822
601.130766,193,108.315593
639.455078,199,108.3977
644.140212,211,108.485309
465.26885,156,108.550831
1260.42381,500,109.513347
927.859494,300,109.653014
426.088049,152,109.719194
688.430107,215,109.812186
734.346708,228,109.907967
423.386518,145,109.969611
1064.414622,342,110.10876
1231.319902,445,111.026864
671.786746,209,111.130605
562.645044,186,111.217654
427.366244,149,111.28599
523.410011,182,111.363352
687.631431,220,111.456423
439.408727,153,111.521063
510.011109,168,111.590895
390.999549,137,111.645947
572.112096,196,111.725793
481.766188,167,111.795215
402.842115,141,112.566988
605.378335,199,112.671124
645.352239,218,112.7749
777.71633,252,112.885736
386.247813,140,112.946527
575.002226,205,113.032871
702.23218,223,113.124936
808.19106,260,113.229676
647.00891,210,113.314476
1353.432465,500,114.230929
866.099047,268,114.357244
999.632602,303,114.489532
812.372523,309,114.619744
493.332098,165,114.688583
604.760804,190,114.766688
402.589719,138,114.822571
697.5724,215,114.908802
664.842736,206,114.98997
737.872718,224,115.797086
992.57777,312,115.939837
774.848399,245,116.043246
427.317227,147,116.105361
604.980698,190,116.18343
743.893742,234,116.275641
820.565379,265,116.380384
789.680886,245,116.476369
537.12552,178,116.543551
928.4613,280,117.35193
724.710702,228,117.45482
1288.602864,500,117.661394
622.40278,198,117.740544
1297.094073,500,117.932298
1349.172151,500,118.786223
752.605999,242,118.898373
1304.085572,500,119.10883
805.42296,249,119.209803
1250.222845,500,119.403776
1259.476016,500,120.262121
1377.922267,500,120.488529
769.266675,251,120.591374
1075.176131,352,120.729492
1255.95662,500,120.926345
1470.592402,500,121.870864
1319.178147,500,122.11456
1254.607877,500,122.335214
1368.679696,500,122.544695
763.801144,236,122.641721
643.811223,246,123.463469
1315.894001,500,123.708919
747.057237,223,123.809401
439.706853,151,123.872594
790.939862,243,123.972769
715.714897,219,124.062339
585.687425,188,124.139579
682.685336,207,124.22264
1160.036179,362,125.109713
1415.173969,500,125.344208
1335.444398,500,125.554289
416.148534,149,125.613327
1005.085702,350,125.754534
1276.294818,500,126.668341
1267.046903,500,142.900268
815.354173,261,143.004064
1154.108562,374,143.153064
692.750532,213,143.236751
675.419865,215,143.322659
904.150238,290,143.437654
1467.990911,478,144.260189
560.255289,184,144.335718
1292.476582,400,144.495255
519.431583,173,144.563706
932.316392,280,144.67604
730.702069,232,144.766662
452.261924,158,144.830732
695.080469,215,144.916497
737.23252,226,145.620949
762.322648,238,145.719364
719.124447,219,145.808758
706.980851,219,145.898953
1505.63032,488,146.098162
1197.455249,383,146.254667
1106.972167,352,146.396403
766.399546,244,147.120477
1489.334807,475,147.315028
704.846212,225,147.407946
434.638102,150,147.472181
1428.794888,500,147.6759
756.867944,233,147.77195
727.410063,222,147.863424
1056.060981,340,148.78551
702.163745,219,148.896902
987.556842,329,149.052132
989.183926,314,149.197337
1291.062123,404,149.370595
920.203553,279,149.492156
811.889146,255,150.344842
559.282607,177,150.442947
959.055068,308,150.598346
1044.258279,324,150.748698
712.934733,217,150.847091
755.901153,234,150.949473
951.737466,299,151.077205
515.011239,172,151.151435
445.415205,152,151.216126
982.140939,307,152.107316
768.828986,232,152.227922
1321.401782,485,152.454758
1217.579494,379,152.618549
1273.178769,500,152.830883
548.571857,226,152.923057
1300.366713,411,153.873996
813.520767,282,154.007384
909.17863,277,154.131554
809.499799,251,154.239423
1191.398675,403,154.412305
1330.647756,500,155.365787
1202.694335,398,155.575176
1006.565284,320,155.725516
1239.069896,390,155.896949
1029.108851,313,156.028538
691.062196,208,156.117225
1544.907366,500,157.108158
499.936044,180,157.205482
1524.956043,500,157.444371
665.41169,215,157.541583
702.272231,213,157.635634
570.938855,187,157.715494
601.095318,209,157.805212
1588.137207,500,158.763556
475.412438,162,158.852438
963.781857,297,159.000336
770.212276,242,159.11187
492.023147,167,159.188351
802.120488,255,159.298517
471.706097,156,159.365798
938.158535,290,159.487963
1204.16648,395,159.653508
1230.103201,388,160.585537
1036.046736,330,160.739768
985.717132,314,160.877764
1494.542573,480,161.078614
731.627634,238,161.177176
861.93312,271,161.289488
1058.309131,350,162.181833
1561.145974,500,176.233713
1488.947522,478,176.423459
1236.443644,392,176.579785
749.964744,243,176.676274
645.220796,246,177.391264
956.465737,299,177.514056
977.86891,323,177.647543
233.730965,108,177.690863
927.634303,283,177.807891
934.042057,306,177.934151
518.981094,170,178.003808
1185.465675,386,178.161903
754.681536,301,178.904725
1075.393317,350,179.050624
1399.220718,440,179.229249
891.482418,326,179.36364
1246.173388,380,179.515529
543.409464,216,179.602195
1478.007992,476,180.452726
704.714499,231,180.549053
758.477553,237,180.644874
934.30151,290,180.759589
1233.610941,392,180.914657
1213.356745,371,181.062955
1458.870546,472,181.921507
1213.677583,396,182.089202
1413.7299,443,182.265548
1357.165731,435,182.43843
1163.80732,374,182.588048
958.997521,299,183.381931
985.007627,302,183.516167
1505.418127,459,183.703009
1102.794739,351,183.841743
1430.135625,481,184.032803
1503.010668,481,184.897608
1133.371999,351,185.049586
1110.662458,345,185.188195
868.446563,269,185.295393
725.38526,228,185.386344
1495.649236,481,185.577928
1361.02457,431,186.416312
268.107468,111,186.466434
414.812224,144,186.52871
965.098312,292,186.647579
868.063339,265,186.757388
495.370142,179,186.828201
486.200481,161,186.893614
555.342676,173,186.96315
619.074424,223,187.050584
424.087407,147,187.110323
1167.286204,365,188.024444
707.883182,216,188.127087
823.64411,257,188.241703
729.93225,234,188.342052
738.926957,235,188.441549
441.653901,148,188.503002
282.387011,113,188.548347
701.42151,217,188.638184
941.541935,288,188.753115
1111.965283,355,189.654895
965.667632,308,189.79719
931.661961,285,189.922264
1061.097886,326,190.058209
852.069594,261,190.164914
599.809626,200,190.248101
718.34203,221,190.337803
1020.296812,312,191.207975
860.3758,271,191.337763
670.95369,208,191.431776
877.941714,273,191.55146
906.062192,277,191.666971
1273.990698,406,191.830642
825.358901,253,191.93331
943.114723,294,192.789286
986.955848,304,192.936651
1016.202125,315,193.078719
1253.77875,399,193.244335
1173.345627,363,193.393989
1378.224184,431,193.564729
1209.317111,395,194.481385
982.069946,306,194.626695
1291.010283,429,210.842545
1506.932139,481,211.043423
1203.707978,375,211.191643
865.023492,322,212.050166
757.164483,246,212.166015
1383.12831,427,212.348632
533.238777,217,212.438102
299.688401,136,212.491392
903.700358,275,212.599798
1093.195069,335,212.732284
64.178968,40,212.747989
980.302594,304,213.570255
913.324806,310,213.712723
934.751034,296,213.837848
476.469276,157,213.902758
1509.764872,500,214.097938
959.820919,303,214.21778
986.823806,311,214.340484
772.248705,242,215.132829
943.709343,292,215.265871
948.742606,294,215.389842
677.187371,208,215.475041
972.552092,302,215.596276
717.729888,234,215.691093
1309.410738,408,215.857246
1354.34269,438,216.698715
999.654172,315,216.836684
1489.902927,500,217.036108
898.275482,276,217.145176
1026.742257,323,217.272445
958.153505,300,217.391457
1238.375408,391,218.253414
713.120909,226,218.353236
1247.790922,393,218.514892
1179.048922,365,218.659549
784.518039,247,218.758904
314.401179,138,218.816585
1566.753505,500,219.678347
931.435885,282,219.806059
610.587369,226,219.901692
652.809959,202,219.982222
1035.360433,316,220.110139
492.455934,162,220.176113
1311.316291,400,220.339134
886.120477,271,220.448188
895.186244,302,221.230692
1175.230648,385,221.394692
889.404801,273,221.504623
1578.225432,500,221.706615
1171.884599,379,221.862327
1562.537438,500,222.730531
958.906874,299,222.85999
1174.465134,358,223.003043
855.122553,262,223.107301
1350.806195,427,223.277516
1574.027674,500,224.1203
1127.55114,343,224.275153
894.219514,270,224.388756
819.613799,251,224.489586
873.393184,266,224.59436
703.493951,220,224.681918
931.22143,292,224.796949
928.634914,281,224.908077
693.690141,220,225.650677
1176.576847,357,225.808087
912.515137,278,225.919582
944.093134,301,226.039536
716.525729,219,226.126878
657.829654,202,226.206483
1138.604218,350,226.346211
475.38171,156,226.407834
902.571972,274,227.177849
977.510385,307,227.309868
815.927302,266,227.417917
958.502956,300,227.538568
950.781317,291,227.6538
1262.09788,381,227.804144
1449.228357,455,228.643221
756.23316,235,228.745802
723.00484,228,228.839696
827.28436,261,228.943025
410.569058,140,228.999912
980.335735,297,237.58639
651.104894,200,237.666709
719.24748,229,237.758043
700.187513,219,237.84518
1149.38472,360,238.599091
939.490373,295,238.717115
924.382105,294,238.835703
444.692087,152,238.89629
947.221872,298,239.014734
490.433135,168,239.083014
495.769579,165,239.149658
938.77678,287,239.264854
1220.84464,371,240.208253
1339.607515,408,240.406316
1145.942414,355,240.563617
705.983535,217,240.674133
943.112439,287,240.819185
878.161369,269,240.954524
1471.176219,500,241.978768
1033.348857,323,242.13427
1258.330294,400,242.314899
1299.060105,401,242.485469
1246.192023,415,242.657928
1195.334342,377,243.583601
938.811406,289,243.729002
1216.60713,368,243.899314
939.461128,297,244.027802
1156.601859,365,244.182683
931.686696,284,244.301675
1515.73433,467,245.280423
710.474216,222,245.398289
1234.542841,370,245.567408
670.304753,222,245.664239
881.674389,261,245.77843
1504.347997,500,245.99043
486.869912,161,246.058706
973.629889,302,246.96239
1172.8857,363,247.146128
891.689346,266,247.267037
1187.904071,351,247.418541
84.227666,49,247.439303
1209.518063,374,247.594985
1558.738514,462,248.516614
475.431516,157,248.604327
214.184508,100,248.6589
76.989181,46,248.682171
69.004869,42,248.703262
889.815322,269,248.831061
1587.203895,467,249.035195
1314.961108,422,249.211427
1234.785516,363,249.361309
1231.315757,379,250.262437
955.578129,291,250.405879
924.073862,279,250.531451
942.781292,286,250.654006
1149.07148,339,250.795835
1030.413733,314,250.923331
1029.354665,317,251.052969
1449.400887,435,251.997069
1562.014469,500,252.230118
1205.153593,365,252.386852
1003.160231,302,252.513958
937.518738,310,252.640053
939.708615,301,253.52385
643.726464,195,253.62543
1183.510974,357,253.797496
811.419285,242,253.906871
1177.695914,356,254.060987
698.434197,216,254.150408
1294.957488,404,254.313411
1256.762199,376,255.238676
987.367337,301,255.38522
917.019397,274,255.507543
646.608768,197,255.593342
1334.755538,406,255.762135
746.741681,230,255.857945
1428.553404,448,256.78033
1210.420676,362,256.963201
658.834481,202,257.056496
952.67351,289,257.1812
1221.637783,356,257.32975
1149.817508,338,257.467509
1269.216422,379,270.26499
1211.519237,357,271.039974
1005.243821,306,271.163484
973.120672,296,271.283874
1128.141383,347,271.421491
1490.197969,500,271.619476
1019.735972,309,271.742238
1287.209033,381,272.508843
34.882681,23,272.518356
1251.592247,379,272.670699
1265.775041,389,272.830412
994.120297,303,272.95289
1208.456857,366,273.101046
95.467514,53,273.124419
37.626965,24,273.134193
33.363455,22,273.143297
67.822143,42,273.160307
1283.704731,390,273.929107
105.311829,57,273.952373
1002.321549,307,274.075471
1254.672926,379,274.227192
511.567855,192,274.304756
695.894046,210,274.387438
550.190986,208,274.471078
1522.161284,500,275.2808
1184.784991,345,275.41889
1595.640009,500,275.618027
698.775172,213,275.704021
1112.331594,333,275.837456
1539.717227,466,276.021635
1297.558031,397,276.795855
1263.436972,381,276.950768
1270.772967,382,277.10329
1200.896687,365,277.247826
1580.326108,500,277.447455
699.734109,218,278.15002
1263.030594,372,278.305441
1563.464577,464,278.494028
1325.624163,398,278.65569
964.52352,294,278.774552
1015.363455,312,278.901541
999.286121,303,279.652547
887.585728,322,279.784885
1500.32274,500,279.987036
1249.607177,358,280.130896
869.635411,319,280.258151
1461.79812,500,281.088085
1552.059927,472,281.28382
919.691612,301,281.406699
1433.023512,500,281.61086
995.980055,298,281.733127
930.849279,282,281.847563
1260.709805,368,282.634049
1545.091797,485,282.828068
1223.553449,363,282.972245
807.844231,239,283.065313
1469.267639,444,283.237481
1289.366205,393,284.112307
1013.111755,313,284.253082
1454.08229,500,284.466913
896.365354,274,284.578362
1535.986357,500,284.776076
981.997324,295,285.589965
1258.1388,391,285.773847
1428.464941,418,285.949708
1014.283918,308,286.073017
1300.213537,390,286.226968
1604.434395,479,286.414799
1454.758694,500,287.375121
1518.58433,438,287.563544
1521.38324,468,287.755538
1532.446487,473,287.939556
1563.201007,475,301.002303
468.692817,180,301.075854
1002.129671,318,301.206096
952.937687,289,301.32291
973.124593,297,301.44364
1622.200894,476,301.638092
1466.156795,500,302.60533
1290.018353,396,302.790156
1208.760796,358,302.946476
925.170657,282,303.063959
911.944673,272,303.1773
1581.723566,457,304.145028
961.30823,280,304.290231
491.299161,187,304.381576
1251.247578,364,304.546896
1259.50636,381,304.710162
954.780728,289,304.830453
1286.935994,393,304.994956
1486.906333,500,305.967728
1487.053347,447,306.170524
866.621016,254,306.280496
516.175395,197,306.365289
1080.804506,326,306.502372
1442.498972,500,307.436473
417.781323,145,307.509527
1554.663685,456,307.719947
1137.010821,332,307.857536
644.759595,208,307.942894
1278.878742,365,308.086912
1621.445739,500,309.000653
1501.278398,467,309.235194
349.448862,138,309.299343
797.006335,241,309.405321
915.364181,280,309.523536
1472.049942,500,309.729631
1201.7616,347,309.872209
683.707851,215,310.703014
955.963492,298,310.849154
1242.67195,373,311.017069
1241.173827,360,311.170545
1253.41733,381,311.327447
740.614673,227,311.423435
1225.868302,416,312.357579
399.777441,145,312.432596
626.76414,191,312.52702
986.230495,306,312.668536
1254.496881,357,312.824352
1519.656473,451,313.012074
1123.4957,328,313.147203
1285.229575,396,314.083539
1539.222724,500,314.318425
699.05978,216,314.41645
1474.036811,473,314.619623
1137.824903,333,314.760077
1043.741047,290,315.615817
1199.387848,348,315.790452
970.079306,289,315.922687
959.787442,285,316.044977
990.842866,287,316.165821
933.246875,268,316.274768
232.551148,100,316.318685
1221.316578,361,316.461616
1191.916602,346,317.357198
925.008151,281,317.485775
1201.033333,355,317.638129
1150.641895,337,317.775793
936.054006,269,317.884022
1285.148097,385,318.034972
821.736951,241,318.837108
1204.536592,358,319.005852
1551.69156,453,319.198101
1160.096,345,319.333781
1252.752158,376,319.480261
974.981164,297,319.59646
1186.845452,349,320.43276
1140.777129,336,331.96458
1146.469503,336,332.089758
1487.35089,500,332.274801
836.319507,253,332.367546
455.149593,175,332.433644
1377.19887,406,333.252267
676.430195,230,333.355675
1252.452984,366,333.51058
890.197479,256,333.614062
1068.828088,316,333.737757
1434.098388,409,333.89419
1510.210277,500,334.766247
1109.641779,337,334.913841
941.841123,283,335.028318
600.676786,186,335.102476
706.732412,218,335.1868
659.907196,205,335.267584
1256.938802,370,335.40865
940.638632,292,336.192271
1489.545318,458,336.405819
895.746021,257,336.514327
1337.415887,399,336.674716
968.79073,286,336.785522
675.044931,210,336.869213
1273.012092,382,337.685276
945.300138,300,337.826778
1308.977878,378,337.987665
646.093326,200,338.067132
1132.298589,345,338.204375
922.212376,264,338.309757
1225.55895,367,338.453034
831.020791,240,339.259861
942.123117,289,339.402989
916.821245,268,339.524528
645.911933,221,339.618569
620.328491,190,339.697022
663.640348,207,339.782055
1616.718735,500,339.982097
644.558202,202,340.062855
949.53934,273,340.896212
918.540846,260,341.01858
1322.011222,387,341.185974
1510.658017,500,341.390342
1554.842326,500,341.591395
1078.858146,313,342.422573
1522.863965,435,342.63014
1587.917805,492,342.839977
863.252343,257,342.946186
1635.206513,500,343.147889
963.66536,291,343.26451
825.30419,239,344.09079
1035.610356,301,344.235662
716.876686,222,344.334599
1394.824931,406,344.50662
1553.605752,500,344.709004
1501.865602,500,345.628648
655.257765,236,345.745248
659.129115,238,345.85252
941.959437,321,345.988584
1236.892427,421,346.160799
1390.502754,418,346.327976
1421.256825,500,347.269997
1584.005849,500,347.50037
1491.04558,451,347.687803
1219.647445,381,347.841166
651.676308,221,347.931003
620.119068,222,348.020402
241.757612,108,348.779767
1493.531934,500,349.024496
991.765413,299,349.154739
663.476164,240,349.256469
906.34823,270,349.370085
1043.313779,351,349.514464
1372.496793,440,350.398838
1539.970573,500,350.634295
1547.883208,500,366.924586
1540.041726,500,367.130485
1518.943679,443,367.305931
1538.77413,500,368.246775
1654.396316,484,368.452492
1569.055549,500,368.649989
1508.957939,500,368.846579
1630.343939,500,369.763265
804.233144,244,369.868188
1657.598718,500,370.069535
1661.872006,488,370.25891
1377.215993,412,371.150971
841.225603,243,371.270556
658.476197,211,371.366182
644.44877,210,371.456335
1478.40992,500,371.657725
1098.514641,335,371.786169
1543.680508,500,371.975252
870.811082,252,372.748634
894.43779,274,372.870965
1581.725053,500,373.074098
1193.33209,345,373.207757
1044.676746,314,373.328003
779.663722,231,373.415138
1249.932275,365,374.229705
1453.263841,422,374.418832
1509.572466,500,374.623472
1135.881521,329,374.753038
1015.468637,304,374.872494
859.885147,262,374.973857
927.048276,336,375.827038
34.369588,22,375.837284
389.227243,150,375.905059
1628.678533,500,376.118612
1626.215928,500,376.316021
1637.386052,500,376.511697
1462.003964,500,377.438216
652.92321,208,377.530223
1233.574028,391,377.691827
1519.81559,500,377.889378
393.289993,157,377.950965
1531.932344,500,378.831249
1622.237473,500,379.055309
1001.17109,292,379.174826
1696.114217,500,379.367353
1128.072246,324,379.49018
852.698772,257,379.586894
1230.437968,357,380.398557
996.72674,293,380.524577
1519.600402,500,380.725752
1176.452616,347,380.859422
907.462251,269,380.962707
1725.950737,496,381.82006
1261.25739,365,381.979112
1519.207363,442,382.157505
1664.895399,500,382.352299
1516.324768,500,382.543536
1193.075788,342,383.352575
1063.483313,313,383.48651
1158.73629,331,383.620384
1530.797004,453,383.79723
840.097745,245,383.890623
1561.019353,500,384.758208
1233.486179,408,384.947367
1531.048959,450,385.134414
326.85586,142,385.193448
1597.040004,500,398.412135
820.510049,235,398.504227
483.424069,174,398.569996
656.053811,203,399.37245
1491.086914,500,399.599469
970.637343,291,399.721076
1619.053018,500,399.920072
1606.056809,500,400.120876
995.126622,291,400.936302
1049.76951,302,401.076182
907.777047,259,401.186624
1105.887826,312,401.315003
956.383095,273,401.425092
939.936262,272,401.534641
1560.104698,500,402.427212
943.244741,266,402.560053
1295.736386,374,402.726108
1487.345939,426,402.904207
811.966021,236,402.998215
1229.942835,398,403.151932
1271.221754,377,404.003879
934.588926,307,404.147184
1159.555115,321,404.283653
1247.734025,379,404.441595
645.211187,221,404.532384
1101.051104,319,404.660076
978.826516,274,404.769963
1370.6863,404,405.663776
1235.546439,357,405.830468
1428.570834,412,406.004986
1610.965502,500,406.20968
1580.087159,500,406.410656
686.077134,209,407.236987
1430.608352,426,407.4452
1004.558132,285,407.574116
433.790133,156,407.640165
800.631476,232,407.736737
857.93134,243,407.836941
1556.397295,500,408.037428
41.138962,26,408.048359
833.089662,240,408.881964
855.577812,244,408.998254
977.133672,281,409.122136
992.160608,281,409.240176
959.973136,268,409.350266
969.885615,274,409.462517
1389.492815,393,409.624365
694.785437,213,410.443097
918.272637,256,410.568192
1388.805876,387,410.741832
346.762405,133,410.797317
965.264318,271,410.910142
1105.442632,312,411.038336
1487.571572,421,411.207835
1150.744015,334,412.083079
712.357863,212,412.185772
930.948697,266,412.308125
1220.144136,349,412.460633
1636.01431,500,412.667301
1659.263237,500,412.867242
1659.156101,500,413.830503
1230.768534,356,413.987009
1614.669734,500,414.195558
1219.614961,346,414.338366
681.49313,211,414.425847
946.629032,270,415.259978
968.430315,278,415.394372
843.292016,242,415.50397
818.555701,238,415.606763
1198.18063,338,415.748698
458.039552,170,415.817516
1305.387663,386,415.974022
349.050033,134,416.029039
1020.784991,294,416.87253
941.662929,273,417.00266
1142.143102,333,417.151157
1165.005185,337,417.291107
980.098115,281,417.406539
1391.80002,392,417.568345
1236.392494,350,430.699549
958.75727,279,430.829226
246.596576,107,430.874963
685.176154,231,430.970603
1233.417429,354,431.112606
638.605666,199,431.189394
1511.603449,461,431.36362
992.606934,281,431.469812
1680.633267,500,432.360921
1451.34957,420,432.538745
1302.882679,378,432.690155
1329.050481,422,432.853974
1238.547367,357,432.990968
1706.120662,500,433.883432
1732.038019,493,434.082919
1206.878768,352,434.218148
647.215455,222,434.304845
1114.458675,325,434.428003
1294.221117,364,435.232648
911.64165,258,435.348289
1686.337489,479,435.544925
1148.526562,328,435.674958
1025.794368,293,435.789953
1409.702374,399,435.941224
1356.533174,381,436.79289
1574.329369,500,437.009798
1591.034558,500,437.210785
1626.922697,500,437.40378
1298.041483,369,438.222564
1663.765785,500,438.447291
1676.21241,469,438.636152
1437.908817,407,438.790054
1150.79893,335,438.916081
1071.533824,308,439.705424
778.481284,226,439.808868
943.140292,263,439.920112
1234.741576,351,440.063016
883.94685,251,440.161387
1217.895053,346,440.299767
1605.762547,500,440.498288
1406.169288,387,441.313132
1609.68857,500,441.524494
1276.632276,360,441.669506
1250.10352,364,441.817289
761.925232,224,441.909098
1728.56041,500,442.776489
1081.688486,307,442.909357
1639.460255,500,443.109603
1678.125805,500,443.308753
1209.939199,343,443.445844
961.792443,271,444.196343
1466.736106,419,444.382273
1717.394861,500,444.585963
1163.982089,331,444.717101
537.70431,172,444.786249
977.794075,280,444.897457
1162.827016,329,445.677901
1497.415489,426,445.866128
1623.165659,455,446.052433
1670.217058,472,446.240739
1637.469007,463,446.424932
1321.643628,384,447.237938
1235.824108,358,447.394911
1167.369824,334,447.531431
947.395828,274,447.640377
1062.444149,298,447.758876
1588.616393,500,447.957622
1317.484127,365,464.006032
1599.648923,500,464.218726
957.789222,269,464.333733
1614.745075,500,464.546526
1588.358646,455,464.734048
1590.513202,500,465.726006
871.65835,248,465.839106
965.020163,277,465.959406
1296.975216,374,466.115553
1596.25451,500,466.322762
1573.605227,500,467.330492
1558.731438,500,467.562618
1554.44512,500,467.775692
1539.435868,500,467.982142
1348.908741,389,468.923274
1562.432688,500,469.161375
946.983881,271,469.282252
1538.941054,441,469.470445
1108.310565,313,469.603865
900.670872,255,469.70819
1604.789718,500,470.695773
1415.516412,394,470.878622
930.449724,272,470.998186
1612.83162,500,471.210603
1181.991039,338,471.351275
893.116609,251,472.207883
1602.186296,500,472.462063
863.373253,245,472.572394
1438.55059,408,472.746264
1063.34332,310,472.876476
987.165174,282,472.992133
652.911688,220,473.794103
1581.144054,500,474.032473
1253.596911,356,474.185189
965.799067,273,474.2984
1115.551195,317,474.427161
1727.819326,500,474.626227
1362.516948,397,475.503536
1596.36503,500,475.717927
1114.800906,313,475.841536
1393.638533,393,475.997002
1591.390067,500,476.194947
1400.524391,445,477.067914
1450.556115,408,477.237302
1378.031871,384,477.388697
1118.665234,311,477.511876
1629.287826,500,477.708333
1283.507919,364,478.542861
1496.159475,415,478.718003
1588.594369,500,478.917294
1549.953392,500,479.115957
1749.873854,496,479.982975
1600.419568,500,480.199378
1305.964795,367,480.345123
1607.888543,500,480.544229
516.610409,184,480.618241
1153.457875,318,481.420571
1713.86676,469,481.638209
1592.170978,500,481.844977
1267.036747,364,481.987888
1768.895246,500,482.185848
1391.753156,392,483.012862
1633.533807,500,498.202388
1591.289144,500,498.393825
1574.323802,442,498.559802
1592.570573,500,499.37508
1601.465968,500,499.576028
1791.804902,500,499.775997
1672.876252,500,499.974083
1308.251786,373,500.122907
1711.394077,500,500.953446
1730.993024,500,501.156082
1602.581311,453,501.340942
1043.396864,310,501.465267
685.159818,210,501.550916
1089.906635,304,502.298034
1386.450205,397,502.457458
1090.534011,304,502.579744
1572.747887,446,502.760235
1572.355162,445,502.9405
1536.797271,427,503.741828
768.595877,232,503.836995
1455.000904,407,503.999599
1270.109005,357,504.143046
1109.681584,310,504.269789
666.727676,225,504.360476
1542.383065,455,505.167593
1174.000542,322,505.299024
1400.818507,386,505.455426
1277.299453,362,505.600509
996.781048,298,505.719244
1721.2528,478,505.909234
1155.965673,330,506.743803
964.060693,267,506.872054
1359.275121,381,507.03804
942.494126,270,507.152307
1267.733677,358,507.298994
959.09939,279,507.40958
1036.506816,294,508.262894
1256.567034,352,508.437917
1106.26255,302,508.572457
1561.645197,431,508.754245
786.528917,231,508.84919
1807.767383,500,509.048881
991.515579,285,509.878343
1423.636025,422,510.08598
1706.444576,500,510.303569
977.30654,277,510.41796
824.786641,235,510.514472
1194.650016,327,510.650866
961.651569,275,511.53168
1084.875011,305,511.702512
1294.159116,373,511.88277
1261.048321,353,512.043014
901.295856,252,512.153119
986.814206,280,512.273293
894.896959,249,512.378807
1108.764677,305,513.278275
1602.201497,456,513.508891
1542.506998,436,513.703434
1627.39071,500,513.914952
1608.367859,500,514.122472
1574.112712,446,515.107512
1694.622337,500,515.341495
1598.820098,500,515.559098
1398.730865,384,515.721155
1606.166266,500,516.713032
1020.550737,287,516.858095
1665.772241,500,517.089627
1464.492126,406,531.935506
1599.932337,500,532.131275
1469.270381,410,533.026674
1527.639073,414,533.213095
1610.495958,500,533.421688
1630.224599,500,533.624359
1105.642512,319,533.752616
984.917134,274,534.580763
1220.075691,336,534.7303
1218.536373,333,534.867443
1578.875081,444,535.042417
1749.064214,500,535.239451
853.672068,245,536.015549
1531.252219,429,536.21067
940.137829,263,536.319725
1639.110563,464,536.503023
1434.703839,395,536.659063
1178.538755,329,536.788697
1257.707853,361,537.62979
1557.869603,439,537.820046
1415.500493,381,537.97419
881.046767,255,538.075467
1353.232045,370,538.220715
1221.833025,380,539.038934
1225.311846,382,539.220062
1443.12916,388,539.382779
804.878401,237,539.478091
991.809835,277,539.588193
817.717806,234,539.682074
1618.347804,500,540.542231
1675.264823,500,540.799593
1365.336374,373,540.968704
1598.010671,500,541.175286
1185.974458,328,541.306164
1614.648173,459,542.191076
1669.608461,469,542.406674
992.540904,275,542.521882
1554.344684,436,542.699795
828.584139,247,542.800084
1655.548025,500,543.003207
1620.925684,500,543.935701
1076.925626,291,544.059229
1253.544918,347,544.200095
1115.598829,304,544.32538
339.888952,134,544.378358
1158.858831,311,544.506392
1668.984661,500,545.433717
1494.582799,417,545.613174
1281.270221,361,545.762021
1222.943374,327,545.893661
903.556301,254,545.9968
1068.741592,299,546.113443
1051.708447,307,546.957102
1127.703995,310,547.0975
1653.997564,500,547.303738
1155.379512,316,547.42892
1278.496417,354,547.566864
1322.908132,369,548.400832
1010.67002,283,548.535583
1564.14317,437,548.721185
1280.902925,356,548.862656
1242.65598,331,548.992913
1645.267471,500,549.183159
1684.096824,486,550.080812
1616.758049,500,550.290365
1545.433977,498,550.488692
1645.245716,444,565.194563
1194.644453,329,566.067125
1735.324483,500,566.313216
1304.106007,364,566.475835
1192.442811,326,566.617134
1355.546588,379,566.772051
1039.410142,294,566.89352
879.650351,247,567.73642
1149.269824,331,567.895076
1272.742668,350,568.050834
1630.963038,500,568.261658
1546.584478,436,568.441203
1641.359399,500,569.391873
1631.662166,500,569.6238
998.59793,286,569.747939
1655.652863,500,569.954152
1749.325742,488,570.151166
1317.638563,360,571.062828
1662.60821,500,571.294578
1531.177426,415,571.470386
1632.657408,500,571.677465
1602.055638,453,572.620787
1673.726846,500,572.865041
1229.440957,345,573.01804
1721.980632,500,573.229183
1104.525547,319,573.363022
996.022025,278,574.208249
1141.202647,305,574.368737
1657.398116,452,574.575722
1694.213218,500,574.785408
954.149267,291,574.903272
1695.434582,467,575.797729
1633.481794,500,576.034559
1126.417167,319,576.172582
1646.618238,500,576.381222
969.267349,266,576.488921
963.18427,303,576.61109
1297.77657,362,577.471816
1534.139221,433,577.664244
1659.052226,500,577.86711
1474.960286,423,578.031977
962.846091,288,578.140268
1134.011763,305,578.929475
1046.710586,289,579.059304
1161.827623,328,579.194141
1003.14722,299,579.312787
1130.673616,312,579.433572
1444.555347,413,579.58885
1599.302655,500,580.459705
717.979935,215,580.556542
1043.988301,287,580.677519
1133.670803,310,580.803554
1380.844927,386,580.951812
1634.365846,500,581.141719
672.961123,202,581.890723
1283.292802,357,582.053866
1771.38518,500,582.25908
1245.243798,342,582.3949
983.972472,282,582.502311
1651.451735,500,583.351424
1770.130377,481,583.577382
1437.64844,399,583.74358
1065.483922,298,583.861286
1680.693803,500,584.053645
1356.65137,370,598.940284
994.765732,277,599.075577
1618.99809,500,599.290264
1625.473561,500,599.489669
552.272734,189,599.563043
1750.389413,482,599.747713
1797.311091,492,600.653397
1356.818828,375,600.816601
1806.883252,500,601.020124
1685.138745,500,601.217265
1672.747844,500,602.146389
1614.332547,500,602.370356
981.181941,271,602.483002
1656.330074,500,602.685481
1739.78351,500,602.881874
1204.562775,338,603.760659
1672.096097,500,603.984978
1571.151312,444,604.169454
1618.743187,500,604.378461
1698.402883,474,605.316033
1132.36731,304,605.460914
1688.692738,500,605.676482
1565.715889,438,605.857739
1183.855635,332,605.990565
1800.690669,500,606.904626
985.700065,267,607.03311
1606.47459,454,607.23056
532.760746,183,607.306192
1643.277006,452,607.488391
1452.385493,402,607.64501
1634.464143,500,608.56892
1415.471312,390,608.735805
1707.876346,476,608.92977
1686.222704,476,609.117831
1303.129406,352,609.953429
1623.012511,500,610.188682
1763.719563,500,610.396448
1641.9824,500,610.59468
1466.359582,414,610.753278
1612.841345,500,611.668239
1588.249733,500,611.880873
1372.177666,368,612.028598
1642.873911,500,612.227275
1606.552561,500,613.140032
1702.729531,500,613.3596
1799.841986,500,613.563855
1652.814815,500,613.760778
1711.904297,479,614.645457
1410.429681,390,614.821339
1652.490388,500,615.026225
1433.789302,395,615.181798
1318.841106,355,615.317042
1536.74333,413,616.201655
1215.156253,339,616.366249
1686.618873,500,616.586232
1512.455194,411,616.75778
1518.584552,424,616.933379
1506.787161,425,617.87298
1672.092869,500,633.077278
1529.211635,416,633.234482
1032.855117,288,633.341512
1457.951969,413,633.495418
1777.969338,500,634.363835
1473.861735,403,634.53773
1603.781468,443,634.713562
1743.977225,496,634.904662
1227.277649,345,635.037832
1214.140572,342,635.870548
1118.637189,312,636.00696
1745.580715,500,636.210912
1660.769982,500,636.405943
1100.310043,310,636.523623
1430.950356,401,637.421505
1766.852556,493,637.641473
1122.313153,309,637.767795
942.958573,262,637.873756
1165.531602,324,638.005939
1769.035092,500,638.869585
1118.923915,306,639.008449
1656.073864,500,639.213334
1689.247685,500,639.405008
1515.349812,426,639.567858
1221.07058,347,640.373664
1666.745789,500,640.59595
1032.046926,287,640.713219
1429.599267,389,640.867774
1658.006753,500,641.058165
1622.837707,447,641.909168
1171.932439,326,642.054701
1090.16209,309,642.182898
1353.694254,381,642.331865
1441.896272,394,642.483784
1747.205093,500,643.342199
1665.048853,500,643.569454
1390.84807,384,643.727448
1654.316605,500,643.926362
1675.991057,500,644.125411
996.233437,275,644.895513
1765.559821,477,645.10616
970.498813,271,645.218005
1662.287871,500,645.416032
1658.307075,500,645.6159
1741.47749,500,646.473024
1082.257666,297,646.598568
1033.287813,284,646.712821
1776.707971,497,646.909534
1642.469136,500,647.113523
1139.424315,348,647.925751
1501.600201,411,648.10572
1264.917388,352,648.247239
1057.925781,288,648.364264
967.777291,267,648.473312
1614.088956,500,648.678255
1729.923555,500,649.544127
1694.215502,500,649.751466
1387.461265,384,649.904868
1586.90812,415,650.070934
1429.964076,402,650.919866
1643.917341,500,651.145746
1672.80283,500,665.485044
1219.30607,334,665.618565
966.206449,272,665.726871
1658.016671,500,666.548887
1634.181691,500,666.74972
1308.6568,364,666.895314
1312.197156,363,667.041401
1303.95058,363,667.17171
1726.531099,500,667.924103
1676.744592,500,668.11418
1697.812831,500,668.303734
1673.905094,500,668.492661
1001.610368,275,668.595833
1677.345848,500,669.367204
1256.019491,335,669.504549
1700.870649,500,669.712804
901.002762,254,669.820124
1610.832057,441,670.002617
1181.348101,331,670.947606
1671.114524,500,671.204711
1670.580181,500,671.43405
1028.493603,281,671.556215
1219.991114,334,671.696498
1703.337238,475,672.679767
1669.36116,500,672.920426
1236.270144,345,673.074982
1640.897592,500,673.287788
1497.704562,413,674.213792
1740.509904,476,674.468943
1448.266044,398,674.65412
1806.501034,497,674.870744
1597.009522,433,675.050196
1492.457643,405,675.984741
1669.014029,451,676.208449
998.749521,274,676.333176
1685.503376,500,676.550831
1796.404177,497,676.757193
1253.057295,344,677.675483
867.475631,242,677.796424
1498.370619,411,677.988305
1427.182002,385,678.15574
1334.970015,361,678.303033
1664.413745,500,679.247741
1386.060007,378,679.439879
1653.332529,500,679.666326
1392.51624,378,679.825434
991.554794,276,679.938776
1712.004119,500,680.881128
1716.102835,500,681.13685
1408.540498,386,681.309419
1469.232624,401,681.479039
1037.896863,284,681.598543
1650.992039,500,682.547606
1672.711184,500,682.792594
964.02458,267,682.911601
1281.504526,353,683.063058
1012.709816,279,683.178511
1085.518237,298,683.299846
1561.77294,424,684.214091
876.429841,246,684.337659
1352.808833,377,684.513759
1138.196969,313,684.650171
1644.08572,500,698.824565
1171.94008,322,698.943791
1205.539826,323,699.730141
1134.719103,313,699.86701
1133.454636,316,699.995399
1674.567119,500,700.189649
1782.175989,500,700.379412
1631.933311,500,701.239763
1511.585594,406,701.412174
1303.295976,361,701.557934
1491.933415,406,701.715921
1041.730822,285,701.825285
1642.327185,500,702.706557
1146.819666,309,702.847903
1725.492183,500,703.055201
1322.213329,368,703.200022
1676.069502,500,703.391656
1679.216969,500,704.277677
1012.221576,282,704.401525
1279.849116,362,704.552168
1651.081384,500,704.750308
1435.76966,390,704.897074
1459.52263,395,705.726879
1758.847111,474,705.935807
1606.596403,441,706.113941
1699.95319,500,706.309266
1073.176652,294,706.422542
1466.410441,408,707.30468
1115.042422,302,707.447652
992.679917,270,707.568355
1650.593421,500,707.778379
1011.526665,277,707.889965
1673.480494,500,708.807792
978.684065,272,708.9473
1791.344783,500,709.172069
1685.158942,500,709.384742
1802.811578,500,709.590386
956.983647,267,710.423039
1151.770287,309,710.581134
882.912604,245,710.693033
1492.809568,397,710.86604
1664.412535,500,711.072006
1771.693534,500,711.274139
1663.736762,500,712.233915
1692.957644,500,712.456304
1678.505181,500,712.66529
1691.551471,500,712.867878
1532.855057,405,713.783589
1655.842176,500,714.013753
1692.496227,500,714.223269
1670.592834,500,714.426543
1550.74499,429,715.342519
1150.42145,310,715.490674
1655.994095,500,715.707654
1629.346341,500,715.91365
1708.741474,500,716.114162
1305.992445,368,717.016574
1664.062558,449,717.216742
1209.723255,341,717.36021
1160.618277,309,717.49014
1479.884653,402,730.907835
1317.64652,405,731.742829
1268.793605,345,731.897016
1355.706066,408,732.063867
1811.633149,498,732.257336
1303.552639,358,732.392766
1179.838655,322,733.17049
1205.311941,339,733.324507
1715.42677,500,733.529094
1035.101269,330,733.659794
1249.177345,345,733.789854
1663.112815,500,734.643959
1660.730125,500,734.868721
1770.925871,500,735.069921
1465.150705,391,735.220812
1795.484783,495,735.408686
1624.10071,500,736.27866
1221.4887,335,736.421243
1475.011909,398,736.579758
1635.385233,500,736.771963
1626.731414,500,737.62211
1492.084838,407,737.807019
1672.309313,500,738.00947
1699.273209,500,738.201166
1658.174582,500,738.391239
1640.46808,500,739.263115
1264.636699,336,739.40103
1674.027936,500,739.597133
1056.238605,294,739.709117
1367.727169,381,739.850657
1640.234454,500,740.728259
1246.682497,342,740.870698
1677.540621,500,741.067077
1512.606809,413,741.227901
1626.524376,500,742.112649
1638.247468,500,742.344335
1258.035759,332,742.480824
1522.663217,415,742.647804
1666.344549,500,742.840189
1808.172811,500,743.734582
1669.057013,500,743.94746
1281.574989,349,744.086746
1657.469394,456,744.26167
826.289997,237,744.354867
1037.258389,283,745.15526
1681.564073,500,745.382574
1683.625181,500,745.586663
1652.959409,500,745.780795
1622.684577,443,745.949392
1680.681519,500,746.862662
1631.900408,500,747.068497
1662.103877,500,747.265321
1672.664439,500,747.460183
1052.63548,341,748.297395
1667.678036,500,748.51225
1237.35173,346,748.653027
677.386952,203,748.731006
1351.978781,426,748.896792
1629.983686,500,764.732052
1863.934107,498,764.958817
1632.066541,500,765.167447
992.634715,272,765.278592
1786.304367,480,765.473007
1642.63571,500,766.407006
1822.951076,492,766.61981
1774.239969,500,766.824454
1342.960647,372,766.971343
1834.399258,493,767.893187
1659.905693,500,768.119776
1675.357341,500,768.327299
999.565783,332,768.460385
1540.750687,427,768.630574
1653.947645,500,769.572575
1344.404914,421,769.756697
1665.181121,500,769.959442
1689.572153,500,770.157546
1481.219416,411,771.030532
1665.710865,500,771.255546
1424.458874,392,771.416513
1905.483493,500,771.617673
1762.09333,500,772.49191
1326.755525,368,772.665967
1534.84245,418,772.84126
1638.151684,500,773.040865
1681.111313,500,773.242419
1649.621298,500,774.116944
1689.519608,500,774.33467
1380.77703,379,774.490055
1716.112017,500,774.689482
1771.850373,467,775.565159
1384.162407,378,775.74106
902.586529,253,775.848321
1395.704476,380,775.999803
1678.385066,500,776.197086
1781.26488,500,777.067596
1008.843678,273,777.198967
1696.295001,500,777.413355
1161.132927,306,777.537134
1267.369914,348,777.676496
1534.018689,410,777.838879
1754.415531,500,778.742441
1794.511662,480,778.946255
1353.656316,365,779.090735
1648.491999,500,779.288662
1681.854733,500,780.168552
1546.146247,420,780.359953
1670.612774,500,780.565371
1259.103734,350,780.703959
1809.650269,500,780.901878
1572.581569,424,781.764978
1417.482102,390,781.934504
1767.877623,500,782.135524
1634.004219,500,782.334301
1090.518116,296,782.451233
1295.761124,344,783.302318
862.238076,241,796.015579
1565.560264,429,796.183967
925.48715,260,796.288105
1255.884132,349,796.426796
1288.032615,340,796.560905
1654.286183,500,797.369808
1626.893168,449,797.548777
1801.899747,489,797.742202
1684.679892,500,797.939833
1143.782889,305,798.060593
1263.996167,347,798.950519
1132.519309,304,799.098629
993.476434,269,799.220855
1681.531901,500,799.436476
1485.924067,401,799.604303
1683.63623,500,800.589626
1563.329662,434,800.798403
1293.530634,358,800.959265
1787.379248,500,801.174247
1665.152714,500,802.130881
1769.47363,500,802.398361
1502.137492,400,802.588242
1411.063542,383,802.757529
1237.149057,344,802.901654
1628.227684,441,803.833325
1027.469627,278,803.98493
1294.304376,351,804.150954
1612.847891,438,804.348384
1448.941576,406,804.525699
1707.820719,500,804.733643
1159.727628,308,805.638768
1638.064522,446,805.851269
1794.781219,500,806.073426
1702.26254,500,806.283412
1707.36538,500,807.235168
1682.1604,500,807.480307
1731.077653,500,807.701137
1536.623696,426,807.882276
1677.119844,500,808.829905
1664.404084,500,809.086193
1363.456949,351,809.243411
1759.733303,500,809.45621
1634.456102,500,809.667942
1687.859968,500,810.648562
1737.95287,500,810.878296
1456.125409,402,811.052689
1265.888661,352,811.205259
1726.604781,500,812.162338
1084.649316,309,812.320992
1699.584152,500,812.553116
1157.840525,324,812.693395
1650.454927,437,812.878736
1522.036818,411,813.045646
1097.398607,312,813.945029
1630.460658,447,814.156837
1762.633143,500,814.379512
994.39618,290,814.504162
990.884362,267,814.616379
1733.777493,500,815.586934
1695.709837,500,815.826005
1683.756914,500,829.148498
1673.404881,500,829.335687
1692.574188,500,830.208313
1158.115268,318,830.35085
1208.164235,338,830.492525
1672.529718,500,830.690878
1511.394384,406,830.848455
1663.667489,500,831.803691
1669.800531,500,832.041666
1689.155846,500,832.258017
1696.959755,500,832.470966
1011.056839,274,832.586873
1695.918355,500,833.56416
1601.567592,442,833.756524
873.722378,243,833.857441
1291.307029,341,833.997031
1662.810993,500,834.196463
1376.010643,384,835.086533
1671.109529,500,835.306265
1793.542422,485,835.504228
1387.08793,372,835.653708
1617.111272,441,836.586452
1245.244123,346,836.745732
1283.856839,352,836.898131
1666.207771,500,837.102039
849.042741,244,837.200892
1418.896944,385,837.354339
871.244656,245,838.188529
1741.832126,468,838.420294
1003.488582,272,838.540406
1741.228538,500,838.74974
1807.280092,484,838.944599
1242.353676,337,839.804063
1216.513337,321,839.961766
1704.174683,500,840.180147
1262.635679,335,840.315972
1481.337101,392,840.473652
833.853706,235,840.567067
1678.691096,500,841.576516
1765.311136,470,841.78391
1701.109039,500,841.989716
1689.748795,500,842.190693
1808.072151,495,843.140761
1041.291657,281,843.269906
1682.706391,500,843.4882
1213.987027,334,843.627066
1248.854309,341,843.764589
1640.650121,446,844.670721
1773.758752,500,844.907544
1003.343078,273,845.025773
1697.43142,500,845.231383
1657.525573,500,845.429849
962.678277,261,846.247144
1688.08077,500,846.479216
1654.477587,500,846.686388
1324.507485,361,846.829667
1647.012947,434,846.999687
1729.160245,500,847.913738
1755.123849,500,848.129715
1674.909427,500,861.301665
1670.888095,500,861.485826
1698.477934,500,862.349663
1614.270197,427,862.531503
1884.096292,500,862.729086
1733.068989,500,862.919002
1196.69051,328,863.047233
463.475894,162,863.846933
1007.805598,275,863.985093
1253.093262,351,864.142727
1335.995831,413,864.32005
1680.689603,500,864.529637
1042.523821,330,864.667331
1713.392637,500,865.647235
1577.483871,416,865.835238
1019.966299,296,865.961228
985.030384,267,866.075948
1745.509623,500,866.288138
1226.493286,327,867.179117
1312.901776,356,867.346586
196.390495,86,867.385331
1278.521434,341,867.533196
1712.701228,500,867.739201
1368.957654,353,867.8799
1017.398173,283,868.736644
1665.025565,490,868.977201
1350.068379,411,869.157845
450.687144,158,869.225203
1805.628724,500,869.432675
1645.490591,436,870.350747
1063.268532,326,870.520303
1683.184847,500,870.747762
1700.311997,500,870.960112
1051.211633,330,871.097411
1057.374194,286,871.214099
1662.595091,500,872.188026
1030.654313,278,872.311914
1372.687184,374,872.471675
1679.428322,500,872.675278
1723.893987,500,873.595558
1664.716344,500,873.838045
1691.442506,500,874.056216
1013.575334,330,874.193551
1296.790215,341,874.332473
1164.457994,322,874.466897
1678.823769,500,875.430267
1648.292126,500,875.648889
449.279937,161,875.717172
1676.977395,500,875.921645
1649.519632,500,876.848978
1180.111385,313,877.006668
1022.773994,279,877.134407
1212.237833,320,877.278
1254.675958,339,877.424555
1023.472406,325,877.558182
445.147737,160,877.624762
1296.760777,350,878.499393
1341.391589,351,878.671376
1810.927593,500,878.888973
1376.100714,375,879.044279
1649.41401,500,879.247269
1428.771082,393,880.149783
1816.773179,500,880.385635
1058.315302,286,880.51057
1701.874929,500,880.719317
1297.043576,344,896.206385
1646.645715,494,897.06508
1651.927229,500,897.274781
1293.088464,337,897.409051
1643.861013,500,897.601362
1672.263528,500,898.451304
994.244401,268,898.573593
1672.498936,500,898.779083
1462.957914,389,898.930947
1652.16258,500,899.120386
1611.811893,500,899.974788
1477.927149,398,900.147743
1026.988396,279,900.260434
1177.493391,312,900.382715
1649.509352,500,900.575069
1777.511901,500,901.420223
1675.844534,452,901.618441
1360.365977,422,901.78937
1220.224357,337,901.918666
1670.893367,500,902.106858
1365.685962,419,902.933673
1618.986872,500,903.149958
792.10466,248,903.250125
1122.003789,304,903.369306
1709.227259,500,903.559079
1677.599544,500,904.452143
1154.226083,308,904.590096
1655.637878,500,904.798142
1842.929198,500,904.999673
1679.879847,500,905.20201
1015.740639,324,906.065098
775.854516,248,906.178688
1868.727566,500,906.38996
1234.053347,331,906.523048
1032.382787,340,906.658957
1086.396492,298,906.777219
1726.357408,500,907.736152
1668.478044,500,907.952062
1352.55143,370,908.103798
1690.166263,500,908.301903
454.395307,162,908.36601
1674.676316,500,909.319261
1393.539664,379,909.481826
1695.987233,500,909.685542
1662.010655,500,909.883691
1695.598021,500,910.816793
1278.180355,346,910.975033
764.804761,243,911.07896
1036.375263,282,911.194627
1736.73309,500,911.394093
1717.103474,500,912.308288
1634.638099,500,912.54542
1374.65088,377,912.706024
1674.229598,500,912.90756
1673.518267,500,913.109817
1354.090439,378,913.991974
1224.456471,326,914.142057
1652.453431,500,914.354436
1677.901016,500,914.556051
1732.27723,500,930.438837
1653.25731,500,930.643564
1648.659309,424,930.813612
1681.358211,500,931.013789
1781.624088,500,931.215831
1313.60181,362,932.123806
1677.228931,500,932.353974
1635.580049,485,932.560648
1706.380368,500,932.765434
1324.927817,365,933.653928
1684.419135,500,933.89605
1316.827272,360,934.050541
1742.166436,500,934.256413
1330.472946,352,934.401113
1695.098429,500,935.342039
1628.509528,500,935.561496
1306.790186,345,935.702655
1842.177691,500,935.900762
1681.448336,500,936.800769
1794.422346,500,937.031473
1754.496559,500,937.238464
958.979053,267,937.346298
1661.117954,500,937.543876
1403.041761,374,938.40911
1290.370059,353,938.571372
1668.501557,500,938.784213
1678.069,500,938.984544
1654.323599,499,939.183148
1883.146695,500,940.12266
1602.485407,438,940.303814
1734.514391,500,940.501633
1703.206214,500,940.69951
1679.344782,500,941.608828
1686.185445,500,941.81821
1630.674916,500,942.01648
1085.628287,293,942.129052
1529.434515,400,942.99214
1785.135792,500,943.220041
1765.944825,481,943.415061
1508.034025,392,943.568416
1662.76434,500,943.756241
1362.158883,370,944.593717
1699.943279,500,944.80802
1699.007648,500,945.007409
1307.626773,362,945.144298
1249.984003,332,945.270626
1033.022553,327,946.090361
1334.220392,347,946.243949
1671.345818,500,946.446888
1377.193331,376,946.592272
1684.523339,500,946.782234
1694.532284,500,947.686739
1501.959534,394,947.853531
1680.071109,500,948.052491
1723.821494,470,948.229594
1672.051825,500,949.119661
1660.545977,500,963.5462
1755.550031,500,963.741787
1712.389813,500,963.938644
1381.656366,378,964.802684
1656.772128,500,965.044449
1733.884062,453,965.280996
1684.261942,500,965.508771
1693.541401,500,965.728401
1687.627553,500,966.689084
1688.618487,500,966.907388
1692.594639,500,967.11247
1187.121986,312,967.239271
1656.837124,500,968.169525
1666.949767,500,968.399365
1655.838084,500,968.610237
1625.350997,448,968.791379
1662.412169,500,969.715019
1367.002913,367,969.893933
1766.088972,470,970.098047
1699.227205,500,970.302795
1128.951092,322,970.431617
1695.942772,500,971.422392
786.616535,246,971.54559
1696.90519,450,971.746639
1691.113668,500,971.957414
1273.23104,333,972.09358
1666.645173,500,973.032934
1509.813314,411,973.228504
1866.802884,500,973.443426
1817.434069,500,973.648429
1300.836156,361,973.794231
1672.904638,500,974.763711
1274.622786,357,974.925125
1758.811142,500,975.136341
1648.818911,500,975.340058
1363.566104,366,976.221372
1681.648699,500,976.469625
1118.140739,297,976.60388
1661.024813,500,976.818749
1659.553543,500,977.025078
1595.866877,427,977.962187
1816.218893,500,978.190394
1660.638475,500,978.398953
1687.442908,500,978.600681
1399.931263,381,979.499491
1768.993878,500,979.737405
1669.847353,500,979.949871
1698.896105,500,980.161881
1656.063936,500,981.090461
1696.140685,500,981.334297
1667.309225,500,981.549512
1319.544275,366,981.700483
1625.335123,441,981.876089
1705.516737,500,982.814918
1676.624724,500,983.037589
1708.036103,500,997.079427
1130.130553,321,997.199933
1102.163383,298,997.315263
1682.419922,500,998.195864
994.385668,272,998.311357
1756.01964,500,998.509536
1175.249535,313,998.629017
1726.996098,500,998.816535
1713.330165,500,999.682742
1068.72982,287,999.802327
1381.42908,377,999.953027
1308.143152,358,1000.088422
1367.557348,363,1000.224465
1699.993469,500,1001.099536
1674.067156,500,1001.316221
1650.375968,500,1001.517387
1369.755842,374,1001.662354
1854.367516,500,1002.526941
1214.739465,318,1002.681483
1035.037378,280,1002.802225
1083.331999,310,1002.930451
1089.71247,327,1003.057805
1713.604031,500,1003.250197
1670.143301,500,1004.13048
1688.997528,500,1004.349995
1231.466739,343,1004.488293
1731.65374,500,1004.689125
1684.480921,500,1005.579888
1748.265009,500,1005.807699
1613.416256,425,1005.981422
1046.319045,284,1006.092066
1299.912011,366,1006.236182
1640.136741,500,1007.13212
1677.366893,500,1007.364827
1699.910579,500,1007.577701
1486.485941,398,1007.739059
1676.14072,500,1007.936086
1688.066603,500,1008.858487
1375.809102,380,1009.018358
1304.409837,362,1009.162828
1699.161058,500,1009.357515
1076.639251,288,1009.467872
1664.499582,500,1010.376947
1121.032372,300,1010.503909
1748.030933,500,1010.703396
1514.266738,392,1010.857213
1724.38088,500,1011.741672
1374.04396,360,1011.914777
1679.20701,458,1012.110695
1114.098887,296,1012.23072
1304.941289,357,1012.373497
1557.854726,422,1012.541743
1707.507908,500,1013.463687
1665.344142,500,1013.676846
1174.65569,315,1013.805429
964.134795,269,1013.914673
1869.523496,498,1014.109001
1594.684463,428,1014.997416
1353.281279,363,1015.150136
784.774219,245,1015.247462
1702.652966,474,1029.445879
1727.215339,500,1029.64405
1365.724325,373,1030.402462
1821.292548,500,1030.601952
1237.641378,327,1030.731743
1794.088234,500,1030.930172
1754.234481,500,1031.815178
1314.686479,358,1031.997659
1748.05339,500,1032.229241
1763.70733,500,1032.450313
1257.810994,333,1032.592839
1678.276368,500,1033.600262
1759.511013,500,1033.849676
1785.931434,500,1034.074954
1684.928762,432,1034.262243
1768.67536,500,1035.245327
1362.884239,380,1035.447683
1687.829388,458,1035.661793
1716.486717,500,1035.881642
1798.25365,500,1036.091523
1868.746174,499,1037.098404
1708.275341,500,1037.329922
1678.079933,500,1037.548904
1422.944243,394,1037.716512
1279.70381,341,1038.616004
1677.416534,500,1038.874304
1179.203843,311,1039.015925
1646.017172,500,1039.232852
1226.594911,321,1039.368489
1383.735041,371,1040.266577
1677.078577,500,1040.528556
1748.295962,500,1040.752405
1300.168057,363,1040.909175
1672.396425,500,1041.11711
1888.077265,500,1042.080497
1179.772361,327,1042.233637
1310.986357,363,1042.391557
1403.043297,367,1042.545056
1690.256028,500,1042.751398
1718.604346,500,1043.689788
1687.080561,450,1043.886249
1735.487656,500,1044.093984
1683.700259,500,1044.296113
1419.731068,383,1045.149081
1817.594518,500,1045.373386
1079.40647,290,1045.493304
1130.659779,305,1045.613657
1732.281147,500,1045.811688
1848.849158,483,1046.690548
1656.699908,453,1046.89212
1347.649531,369,1047.043145
1436.902085,387,1047.194415
1687.346583,500,1047.392613
1179.261666,309,1048.19012
1708.604562,450,1048.39346
1432.602946,391,1048.55511
1030.035254,287,1048.668036
1656.268325,500,1062.009609
1035.860696,283,1062.117566
1699.50046,500,1062.892432
1626.902419,420,1063.052098
1376.666354,362,1063.189593
1706.34053,500,1063.379736
1682.335879,500,1064.167068
1627.133635,428,1064.333373
1704.210718,500,1064.527374
1259.153913,338,1064.659477
1675.345751,500,1064.850888
1711.125398,500,1065.666206
1789.377825,500,1065.869503
1683.364248,500,1066.064258
1712.274247,500,1066.252635
1426.719321,385,1067.095984
1732.813993,500,1067.318285
1713.409695,500,1067.527448
1720.730051,500,1067.728249
1702.389202,500,1068.657834
1096.784859,293,1068.790518
1683.517258,464,1068.98573
1795.285415,500,1069.189039
1723.350679,500,1069.391633
1716.602611,500,1070.304323
1677.979693,500,1070.515462
1778.492099,466,1070.702288
1689.269121,500,1070.901442
1692.245316,500,1071.8242
1685.77643,500,1072.038167
1684.326771,500,1072.239849
1678.990983,500,1072.440727
1263.632061,332,1073.271916
1305.549389,358,1073.438323
1829.623055,500,1073.645232
1690.177699,500,1073.844062
1720.296103,455,1074.024741
1720.264314,459,1074.923881
1671.41379,459,1075.116141
1771.078514,500,1075.317436
1807.304482,500,1075.516216
1691.74787,500,1076.417134
1751.76347,500,1076.633521
1856.590396,500,1076.833175
1794.53174,500,1077.033054
1727.502043,500,1077.932445
1684.487622,443,1078.126998
1729.177194,500,1078.328346
1743.873641,500,1078.527406
1220.704931,338,1078.661528
1696.716958,500,1079.607066
1682.516622,500,1079.819012
1696.762917,500,1080.021128
1664.547605,500,1080.224535
1667.878238,500,1095.365026
1471.359523,394,1095.526667
1733.230301,500,1095.729829
1788.079391,469,1095.918078
1722.048681,500,1096.89176
1690.019897,500,1097.137326
1731.880439,500,1097.358309
1782.439167,464,1097.559449
1510.499134,406,1098.471184
1419.866315,374,1098.666208
1706.260391,500,1098.892742
1167.631362,316,1099.027374
1554.700515,418,1099.19901
1684.085156,500,1100.145583
1696.817522,500,1100.396567
1739.414246,500,1100.61751
1682.75497,444,1100.803967
1351.719589,368,1100.956618
1351.728691,370,1101.86794
1222.776942,321,1102.023133
1697.733767,500,1102.244567
1341.725905,360,1102.39974
1881.89464,489,1102.605013
1263.157229,340,1103.505579
1697.611419,500,1103.746451
1501.094127,384,1103.916579
1288.827559,353,1104.065702
1276.807943,340,1104.208253
1682.294487,500,1105.178045
937.423517,258,1105.303023
1691.366482,500,1105.524057
1698.256624,500,1105.733557
1696.180639,500,1105.938441
1914.04067,500,1106.925608
1708.633185,500,1107.149102
1694.621362,500,1107.359118
1560.144249,421,1107.531805
1717.646306,500,1108.511424
1713.640283,500,1108.742943
1407.356339,380,1108.905256
1731.318128,500,1109.112035
1689.682319,500,1110.055956
466.614191,165,1110.140563
1369.312828,390,1110.320801
1697.890867,500,1110.535259
1671.093136,500,1110.741772
1236.103946,339,1110.879247
1697.644073,500,1111.884048
1345.626014,410,1112.068381
1659.756463,500,1112.279427
1711.55506,500,1112.481011
1679.502822,500,1113.427037
1716.916303,500,1113.643653
1697.066195,500,1113.845665
1682.205428,500,1114.046403
760.937889,226,1114.842752
1761.422656,500,1130.173747
1726.753466,500,1130.371454
1914.423935,500,1130.568033
1355.664542,349,1130.705017
1677.739534,500,1131.505907
1539.568492,411,1131.66833
1685.400276,500,1131.86634
1629.280986,435,1132.038797
1736.868389,500,1132.868943
1674.608319,500,1133.069151
1755.184093,500,1133.267845
1146.123006,320,1133.394933
1381.829309,373,1133.542987
1437.115117,389,1134.306422
1543.02712,410,1134.471108
1297.056443,355,1134.611463
1703.092569,500,1134.809074
1709.619489,500,1135.007243
1683.050794,500,1135.816544
1716.03946,474,1136.005696
1649.778111,500,1136.204453
1698.950545,500,1136.404272
1706.687672,500,1137.213975
1279.943375,346,1137.354375
1871.203707,474,1137.542263
1723.507669,500,1137.739901
1674.342581,500,1138.551037
1794.428447,500,1138.754739
1751.810594,500,1138.954179
1770.091367,500,1139.153405
1459.962731,376,1139.30143
1743.421014,500,1140.125592
457.40305,161,1140.192507
1439.261168,386,1140.349576
1714.845057,500,1140.552796
1805.028046,500,1140.780952
1418.171552,383,1141.568584
1627.604982,451,1141.748617
1722.308911,486,1141.942444
1608.925498,425,1142.112576
1660.781329,500,1142.935134
1638.489651,500,1143.138807
1755.240173,500,1143.338202
1732.028863,500,1143.536649
1675.946984,500,1144.39843
1726.754601,500,1144.632722
1743.935062,500,1144.843755
1410.284036,384,1144.997534
1398.656652,379,1145.152213
1598.867168,439,1146.015836
1283.911857,352,1146.176482
1025.685361,276,1146.291378
1778.182926,500,1146.492625
1722.318703,500,1146.692433
1731.018094,465,1147.572009
1387.044929,381,1147.738315
1420.825736,380,1163.717782
1665.142897,500,1163.927225
1889.708029,476,1164.122473
1262.36564,341,1165.039754
1597.853923,420,1165.23662
1724.144337,500,1165.452069
1398.152953,378,1165.608971
1753.869234,480,1166.554824
1714.363038,500,1166.814283
1157.084664,326,1166.964531
1607.236927,412,1167.140626
1836.289262,471,1167.338851
1704.559279,500,1168.294642
1490.81742,395,1168.486616
1693.58946,500,1168.704538
1761.149824,500,1168.911915
1820.074915,477,1169.106407
1735.990162,500,1170.097505
1717.20997,500,1170.319014
1349.663774,361,1170.469646
1730.042626,500,1170.674796
1803.804144,500,1171.674751
1573.810032,400,1171.861823
1469.935416,398,1172.035994
1716.351134,500,1172.244898
1252.699336,334,1172.380036
1389.325041,372,1173.289711
1586.197726,436,1173.494116
1056.625066,305,1173.62715
1326.960747,354,1173.77598
1697.522066,500,1173.980437
1360.033218,374,1174.888678
1057.73664,304,1175.036088
1481.630288,393,1175.21303
1664.37202,445,1175.402513
1723.602064,500,1175.606546
1322.073204,358,1176.487202
1687.14008,500,1176.727824
1703.643419,500,1176.948441
1664.845014,441,1177.133836
1192.037153,328,1177.270812
1344.022955,366,1178.233652
1717.762598,500,1178.476416
1708.605898,500,1178.69192
1526.952101,423,1178.868646
1614.936954,433,1179.770681
1265.719588,329,1179.940768
1687.357692,500,1180.167386
1743.672688,500,1180.379537
1708.645867,500,1180.585945
1645.085197,445,1181.52369
466.989337,165,1181.603045
1190.598386,330,1181.754699
1766.936101,500,1181.966162
1682.077633,500,1182.170872
1706.370996,500,1183.130832
1684.046889,500,1183.36664
1710.496357,500,1183.57418
1019.522077,275,1198.481248
1710.442122,500,1198.678446
1369.97484,359,1199.450458
1702.584975,500,1199.649677
1765.348691,500,1199.847279
1701.753483,500,1200.045197
1079.568842,290,1200.778407
1714.704892,500,1200.980206
1692.173833,500,1201.179275
1820.492624,500,1201.378143
1531.252362,417,1201.543447
1903.411716,488,1202.363293
1062.852436,288,1202.480654
1780.870091,500,1202.681612
1699.561678,500,1202.885315
1802.082088,500,1203.715166
898.45681,252,1203.817055
1673.435668,500,1204.016322
1408.132811,414,1204.180966
1733.876121,500,1204.379381
1366.73124,372,1205.151148
1707.087497,500,1205.353048
1398.482898,364,1205.497302
1759.219588,448,1205.675022
1698.516434,500,1205.873461
1696.309147,500,1206.700787
1716.990059,500,1206.903339
1702.336358,500,1207.103429
1703.652038,500,1207.302876
1445.941881,387,1208.091141
1722.246435,500,1208.293662
1717.525924,500,1208.493464
472.029365,165,1208.559175
1672.169894,500,1208.758853
1695.762306,500,1209.588162
1673.72814,500,1209.789258
1684.555828,500,1209.989076
1705.239945,500,1210.188781
1278.94451,351,1210.956004
1674.03753,500,1211.159819
1838.838786,500,1211.359709
1667.61822,500,1211.560432
1716.303455,500,1212.388809
1679.56529,500,1212.593126
1746.236166,500,1212.794459
1428.328129,367,1212.941178
1678.545502,500,1213.141424
1490.131929,396,1213.942572
1774.623518,500,1214.144304
1702.502304,500,1214.345806
1826.746315,476,1214.535906
1334.67068,368,1215.324899
1701.232531,500,1215.53158
1710.482454,500,1215.733289
1688.270116,500,1215.934188
1773.082964,500,1232.684302
1684.487682,500,1232.93826
1673.928681,500,1233.162933
1671.606699,500,1233.375857
1569.873568,402,1233.543203
1687.026857,500,1234.555747
1695.748671,500,1234.792439
1692.980987,500,1235.008803
1385.088727,376,1235.165252
1370.115128,367,1236.070248
1730.104414,500,1236.321769
1707.75467,500,1236.543375
1750.638468,500,1236.755001
1663.786725,500,1237.758148
1709.692364,500,1238.002192
1695.313803,500,1238.221377
1695.846534,500,1238.428536
1653.91761,500,1239.365191
1673.971286,500,1239.618893
1409.639985,395,1239.794807
1645.974432,500,1240.007068
1667.893731,500,1240.212474
1383.345352,371,1241.118663
1689.170862,500,1241.353774
1694.299431,500,1241.567057
1574.519138,423,1241.740983
1654.647624,500,1242.679561
1732.625826,500,1242.921468
1709.389122,500,1243.134721
1726.879641,500,1243.339246
1724.592668,500,1244.253899
1769.564468,464,1244.472646
1400.492128,396,1244.637681
1151.744096,307,1244.761719
1004.007219,272,1244.868449
454.320125,160,1244.93106
1710.233449,500,1245.806861
1689.969623,500,1246.030037
1687.351781,500,1246.230468
942.922049,264,1246.334874
1349.645152,366,1246.478472
1724.724988,500,1247.327091
1673.233304,500,1247.541663
1822.582387,500,1247.741538
1739.078747,500,1247.938944
1447.189063,389,1248.736225
1004.356737,273,1248.862045
1700.492812,500,1249.072801
1358.724487,367,1249.217144
1715.896861,500,1249.413904
1541.815063,413,1250.256851
1699.98701,500,1250.493281
1727.51802,500,1250.700792
1756.350838,500,1250.898558
1874.553733,500,1251.096122
1328.599518,351,1267.058666
1743.056959,500,1267.257653
1347.092357,363,1267.400782
1710.151669,500,1267.600995
1734.501259,500,1268.418847
1379.794613,367,1268.564284
1929.196583,500,1268.761339
1739.1755,500,1268.958755
1805.90551,500,1269.15607
1707.407706,500,1269.973474
1734.121057,500,1270.171359
1684.494033,500,1270.37007
1752.924055,500,1270.567631
1689.166258,500,1271.416242
1535.873719,417,1271.582685
1708.725852,500,1271.781565
1444.130882,370,1271.926891
1844.964233,500,1272.75925
937.579059,261,1272.866708
1392.728018,375,1273.020098
1704.853984,500,1273.223239
1927.973309,500,1273.425698
1391.005749,364,1274.202709
1554.364761,422,1274.377421
1731.069735,500,1274.58249
1711.059482,500,1274.786086
1319.338986,360,1274.934669
1715.278793,500,1275.775092
1718.558512,500,1275.97964
1780.750425,500,1276.18237
1729.298921,500,1276.386097
1754.468591,500,1277.249892
1657.126662,500,1277.469598
1843.362203,500,1277.678651
1382.610101,374,1277.829453
1784.411773,500,1278.748826
1375.287543,375,1278.926649
1716.431438,500,1279.139087
1716.066412,500,1279.342023
1730.425197,445,1279.522549
1688.355885,500,1280.462275
1232.931565,323,1280.604089
1725.47509,500,1280.811342
1703.269854,500,1281.013068
1756.379284,500,1281.923649
1693.469711,500,1282.149175
1759.31536,500,1282.353491
1599.49304,420,1282.518927
1678.662893,500,1283.415555
1670.755791,500,1283.646064
1046.245486,285,1283.766506
1222.373431,316,1283.89815
1700.445297,500,1284.09973
1669.608503,500,1285.047791
1245.52164,330,1285.21925
1073.006682,332,1300.820271
1362.664046,356,1300.966124
1638.667339,428,1301.138567
1706.169891,500,1301.34063
1723.16052,500,1302.272907
1681.450127,500,1302.448685
1712.335324,500,1302.614563
1680.892552,464,1302.763658
1688.678883,500,1302.921389
1685.937873,500,1303.07519
1693.023129,500,1303.228461
1726.195833,500,1303.383279
1690.989603,500,1303.537232
1643.085698,500,1303.69112
1698.081215,463,1303.832997
1715.153063,500,1303.986876
1814.097731,500,1304.139956
1675.863504,458,1304.282938
1709.067576,500,1304.436691
1718.901141,500,1304.590464
1701.237642,500,1304.744472
1715.166391,500,1304.89836
1718.117714,500,1305.051904
1714.056199,500,1305.206012
1688.713276,500,1305.361535
1699.874356,500,1305.515903
1727.142031,500,1305.669237
1706.946567,500,1305.823479
1730.020561,471,1305.968153
1886.214129,500,1306.122232
1667.229656,500,1306.276894
1416.137025,385,1306.395254
1873.326024,500,1306.548157
1702.957422,500,1306.701654
1752.559539,470,1306.845623
1822.488813,494,1306.997649
1707.483048,500,1307.150814
1691.515131,500,1307.305445
1751.849219,471,1307.450125
1706.73553,500,1307.604098
1663.168675,500,1307.757542
1667.264222,436,1307.891348
1701.373245,500,1308.043725
1706.734245,500,1308.197141
1705.22631,500,1308.350929
1693.694347,500,1308.504141
1754.935455,469,1308.647
1717.317579,500,1308.800323
1832.681991,500,1308.952955
1698.220923,500,1309.106036
1667.417072,500,1309.259617
1342.021882,368,1309.37267
1680.382147,500,1309.525924
1709.623441,500,1309.678792
1689.595259,500,1309.831387
1698.133205,500,1309.984382
1731.717027,500,1310.137653
1513.731117,405,1310.262376
1709.103919,500,1310.415795
1682.334205,500,1310.568768
1671.498737,500,1310.722041
1716.775543,500,1310.875433
1701.402414,500,1311.028539
1677.656027,500,1311.181772
1735.050245,500,1311.335838
1687.916306,500,1311.489087
1699.044526,500,1311.641425
1686.547208,500,1311.794215
1800.92319,500,1311.946868
1668.00949,500,1312.100133
1690.20199,500,1312.253638
1453.039941,390,1312.372973
1716.865754,500,1312.526017
1697.834941,500,1312.678425
1733.075349,500,1312.831024
1688.181728,500,1312.984057
1403.778191,381,1313.100317
1715.691595,500,1313.254145
1685.791025,500,1313.407798
1515.590225,412,1313.534118
1681.615149,500,1313.686984
1682.990413,500,1313.839931
1681.065485,500,1313.992664
1680.869835,500,1314.146159
1687.126216,463,1314.289603
1694.987524,500,1314.442343
1681.182351,500,1314.59484
1730.007394,454,1314.732556
1812.782573,485,1314.880232
1688.97675,500,1315.032671
1834.00441,500,1315.184735
1901.221567,486,1315.333104
1740.453814,500,1315.48561
1669.217248,500,1315.638149
1689.111132,500,1315.790037
1714.261617,500,1315.942371
1718.690464,500,1316.094978
1708.286287,500,1316.248214
1671.468213,500,1316.401169
1694.13687,500,1316.553818
1672.907703,500,1316.706613
1680.726312,500,1316.859151
1800.250175,485,1317.007032
1715.945108,500,1317.16014
