#{"t_start": 1706982978.0429597, "env_id": "CustomHopper-source-v0"}
r,l,t
10.797417,29,0.391332
11.725934,15,0.39737
5.315234,11,0.401731
6.412662,14,0.407398
7.245905,24,0.417116
10.695333,15,0.423194
6.430049,13,0.428536
2.894642,7,0.431362
18.215029,20,0.439347
8.100826,10,0.443385
3.509762,15,0.449406
11.641084,14,0.455019
14.976385,17,0.461771
2.807242,11,0.466258
5.582707,9,0.470175
8.71661,19,0.479354
15.128103,17,0.486119
4.768113,10,0.490048
12.13179,16,0.496187
2.839998,18,0.503407
5.206315,9,0.507144
16.793491,19,0.514996
8.527221,11,0.519387
13.596206,20,0.527482
60.538981,38,0.542332
21.212542,35,0.556078
36.282833,26,0.566315
7.382371,13,0.571424
56.842975,36,0.587022
9.890099,15,0.59287
8.00586,16,0.599092
10.272766,11,0.603446
6.905791,11,0.607876
11.425012,15,0.614156
28.925776,22,0.62288
30.822458,23,0.63199
7.182493,10,0.636002
8.582939,15,0.641982
6.505684,12,0.646845
6.322336,13,0.652016
32.648285,30,0.663813
16.280334,22,0.672532
19.711328,20,0.680528
16.839889,19,0.689621
11.815932,18,0.696673
20.134217,32,0.709398
34.504995,30,0.721577
5.032745,8,0.724934
9.927992,12,0.729652
5.580982,13,0.734925
9.715259,12,0.739794
38.680365,41,0.755964
6.694423,9,0.759655
9.343126,11,0.764016
13.618697,18,0.771095
8.250012,13,0.776158
15.459149,16,0.782664
9.658387,14,0.789745
3.667215,11,0.794006
14.370467,23,0.80301
7.950795,10,0.806898
7.538321,15,0.812942
18.452152,17,0.81992
28.078567,36,0.834252
13.823311,18,0.841443
5.7733,11,0.845878
7.863492,11,0.850215
65.163537,44,0.866916
4.365477,17,0.873649
18.00812,22,0.88233
8.744656,14,0.889478
8.201965,14,0.894954
21.019431,23,0.90385
13.33021,14,0.909328
9.473464,12,0.914034
12.340676,15,0.920095
17.497792,19,0.92764
11.295685,18,0.934917
2.123357,22,0.943674
29.472961,40,0.960026
6.934458,9,0.963671
5.925634,9,0.967274
5.220941,12,0.972135
7.153406,22,0.983223
3.916651,10,0.989163
29.722706,25,0.999199
22.820515,28,1.010306
13.818504,27,1.02335
14.377127,21,1.031873
10.077386,19,1.039594
3.682384,7,1.042454
6.86765,11,1.04686
2.268495,12,1.05173
6.102958,17,1.05856
7.027569,11,1.062902
14.034812,21,1.071282
17.813228,20,1.07909
11.572775,27,1.09127
10.315501,14,1.0967
6.792441,18,1.103854
17.798686,19,1.11138
9.002988,12,1.117082
12.277107,17,1.125043
6.315056,12,1.13
14.264974,19,1.137652
8.025182,13,1.142865
28.789649,40,1.158636
5.239612,9,1.162306
7.100209,15,1.168234
7.790289,13,1.173295
30.440469,29,1.184712
19.000964,26,1.196415
9.568692,14,1.20193
20.846132,21,1.210018
11.12627,19,1.830378
10.396712,18,1.839049
31.396667,46,1.858154
13.442289,23,1.867508
17.286202,24,1.877151
12.384743,17,1.883893
18.98576,17,1.890748
10.819318,17,1.897469
83.994448,66,1.924838
8.594069,13,1.930636
83.772425,53,1.953789
11.931483,25,1.964645
70.828402,47,1.983396
9.706084,13,1.988661
4.178815,29,2.000399
16.45296,19,2.009615
24.153988,23,2.018945
7.651091,15,2.024863
17.261809,24,2.036335
15.195278,15,2.042585
23.828858,26,2.053208
26.248545,22,2.06215
9.656575,13,2.06735
87.39928,49,2.086442
30.839375,41,2.102697
39.894691,48,2.123028
6.666997,9,2.126578
48.435343,51,2.148989
96.338108,54,2.170208
12.190593,17,2.177065
77.88819,46,2.194966
14.606747,15,2.200992
10.642933,18,2.209717
12.545569,23,2.218647
8.148978,10,2.222672
11.19437,14,2.228125
35.017869,32,2.242915
34.762511,34,2.256873
21.871814,23,2.266172
11.465863,29,2.277827
14.839144,15,2.283876
28.126469,24,2.293448
23.124243,21,2.301841
17.438917,17,2.308519
13.59582,14,2.315579
177.341054,95,2.354909
18.400983,20,2.36305
9.115752,14,2.368717
10.395135,18,2.375882
20.700104,22,2.384632
6.500489,9,2.388206
71.47725,42,2.404766
5.006973,9,2.408351
41.702151,29,2.421081
7.277199,13,2.426263
6.503196,10,2.430195
8.230773,27,2.442822
44.214783,47,2.461855
9.727265,13,2.466933
82.866258,44,2.484143
24.735824,23,2.493368
29.770536,26,2.503788
18.398378,32,2.518069
22.907556,29,2.529539
10.111892,16,2.535963
11.242852,28,2.549033
45.455171,48,2.56867
15.391651,36,2.582977
6.635654,20,2.590989
23.355289,40,2.606801
24.288641,33,2.621392
17.65734,23,2.630647
24.593386,21,2.638879
24.608208,22,2.649699
120.929912,79,3.291605
9.457271,14,3.297519
10.956708,13,3.30289
84.080654,46,3.321325
101.932145,59,3.346413
113.892553,58,3.369797
10.936954,21,3.378381
7.515166,12,3.3833
13.684793,33,3.39766
10.347191,23,3.406934
75.76957,47,3.425684
11.179725,22,3.436219
129.904678,64,3.461246
42.681359,47,3.480238
181.612935,107,3.522586
50.549647,55,3.54572
14.074288,42,3.562473
7.404851,10,3.566587
8.463354,12,3.571357
29.332282,27,3.582308
48.625779,28,3.593569
12.190078,21,3.602029
11.363369,14,3.607662
78.927867,44,3.625286
22.254234,29,3.638735
7.7755,12,3.643474
39.458772,33,3.656457
80.203369,44,3.673814
16.698843,18,3.681175
189.650744,119,3.728467
19.900958,25,3.740261
31.534305,24,3.749948
6.530132,12,3.754774
13.172566,16,3.761109
14.367195,21,3.769642
85.606275,67,3.796538
62.946753,54,3.818361
35.897002,28,3.829551
34.657891,28,3.842162
6.58497,9,3.845721
7.007055,30,3.857391
6.581986,10,3.861292
12.06387,14,3.866951
150.220312,70,3.894695
71.852381,44,3.912374
10.220976,12,3.917165
83.409676,48,3.936114
12.16861,16,3.944008
23.920692,33,3.956958
130.572158,98,3.99679
54.410835,37,4.011327
132.492725,74,4.0399
11.812602,16,4.047905
39.697321,39,4.063466
7.494565,12,4.068203
110.052456,61,4.092413
10.615557,12,4.097298
61.516157,44,4.114751
58.257419,41,4.748543
110.155216,76,4.782326
106.194712,55,4.806438
11.835841,14,4.812195
6.741445,11,4.81675
107.593935,65,4.843073
64.190517,38,4.859854
70.951197,44,4.877372
84.333145,81,4.912101
169.866373,78,4.943179
42.655034,32,4.955962
7.851135,12,4.962661
58.141389,41,4.979282
10.458948,23,4.990641
28.051132,22,4.999763
129.592711,86,5.033847
101.818568,55,5.055646
32.746127,29,5.068788
59.287448,35,5.082849
118.258423,64,5.110564
84.198235,55,5.132639
91.104992,50,5.152425
43.356517,34,5.167572
118.422458,79,5.200969
118.336132,73,5.229407
75.448235,44,5.246758
14.806469,15,5.252684
88.25923,50,5.273832
59.818941,41,5.290638
9.197411,15,5.298386
113.405974,74,5.327674
201.425599,86,5.361503
82.626557,45,5.380691
69.584813,44,5.400046
66.147308,38,5.415587
60.51421,36,5.430105
153.741334,101,5.471559
159.439279,80,5.504638
216.156678,93,5.54153
41.382618,38,5.556551
204.835383,90,6.215327
170.916538,82,6.249318
93.084466,64,6.276002
17.209582,14,6.283483
10.155448,14,6.289295
113.455281,91,6.327415
101.057097,53,6.349343
129.252003,64,6.375489
85.555298,49,6.396378
93.095568,63,6.421701
61.086734,35,6.436274
78.346923,44,6.45407
97.729822,52,6.474661
37.887571,26,6.486794
214.392412,93,6.524343
95.450291,60,6.548791
111.23669,56,6.571
198.93558,89,6.607662
80.384621,48,6.628127
153.775363,76,6.658393
123.105045,69,6.685787
197.189969,93,6.73088
172.778207,81,6.763185
116.033506,62,6.787744
113.803941,64,6.814295
62.420856,35,6.829099
144.505844,68,6.855617
118.846508,60,6.879328
31.003705,24,6.889243
64.243251,38,6.905959
165.530137,87,6.941799
100.791981,54,6.964036
80.767006,54,6.986964
60.481417,35,7.003022
22.919549,20,7.011266
145.551946,68,7.038938
234.17074,116,7.706012
81.998642,44,7.724003
176.874189,79,7.756259
76.556816,43,7.7739
229.394635,100,7.815171
203.87339,96,7.853519
41.508457,32,7.866489
102.639937,58,7.889917
165.966768,86,7.92606
89.672043,50,7.945957
205.577725,91,7.982381
100.408619,53,8.00341
63.393574,37,8.020152
270.298052,107,8.062133
99.763214,53,8.083493
168.393104,85,8.118961
81.167531,45,8.136588
167.955201,83,8.170568
65.300941,37,8.185482
148.387445,70,8.215477
109.890837,56,8.238127
127.361234,62,8.264343
139.514781,70,8.293215
129.077435,67,8.321233
86.436605,49,8.340288
65.953444,39,8.357156
130.060446,64,8.38293
175.664882,81,8.414631
209.296794,98,8.459108
167.89629,115,8.508042
221.474874,96,9.171363
105.272261,52,9.193879
179.960771,84,9.248929
244.414194,115,9.297046
205.508948,87,9.333059
215.047911,105,9.377847
135.636242,67,9.405573
75.313497,43,9.424343
101.928172,53,9.448346
10.903476,17,9.455463
49.223258,33,9.469079
222.440216,91,9.506169
81.256772,47,9.525524
169.945569,78,9.558975
227.739468,105,9.601686
160.441008,80,9.633819
98.827684,54,9.657383
59.958946,33,9.67095
224.067764,98,9.710796
225.442733,108,9.756418
182.60005,88,9.792439
46.702477,34,9.806578
82.441134,46,9.825183
142.728926,69,9.854783
188.050393,84,9.889411
96.749723,51,9.910527
163.660539,82,9.945888
135.957492,65,9.972551
135.964451,78,10.004448
106.606178,57,10.643297
196.306471,86,10.679561
242.924964,122,10.728825
203.25958,92,10.767569
87.522028,50,10.787879
154.645728,80,10.819869
228.048749,97,10.859333
248.275498,111,10.905714
91.809208,49,10.925758
107.847513,57,10.948628
214.442042,93,10.987777
164.522482,75,11.018409
62.18448,36,11.032987
34.613163,25,11.043193
202.495113,97,11.083187
240.545465,105,11.12493
222.016635,104,11.168115
211.463364,90,11.203692
210.27967,89,11.239414
209.627873,108,11.283865
192.284074,84,11.317739
227.81079,99,11.358699
120.668502,60,11.386741
81.134857,45,11.407831
18.51592,18,11.415771
164.067124,79,11.452274
97.879701,54,11.476953
165.714142,75,12.120891
166.18426,77,12.152483
48.862838,28,12.163743
219.450315,104,12.206344
252.563666,120,12.25431
99.404198,53,12.27506
117.412149,61,12.300318
129.194946,65,12.325807
197.105939,86,12.359982
168.501602,76,12.391457
198.820897,87,12.425451
190.23592,84,12.458649
198.846445,86,12.493859
229.02861,108,12.535886
203.743836,89,12.570755
206.015153,99,12.610833
213.686864,90,12.646405
218.216543,95,12.683388
100.694564,57,12.706696
203.081034,98,12.744943
142.387967,69,12.771603
198.415112,87,12.807078
200.411547,91,12.842674
88.164531,48,12.861578
99.479314,56,12.883231
100.6939,53,12.905374
218.1355,95,13.566355
202.445145,89,13.600624
211.475085,90,13.636412
126.860296,63,13.660263
193.908004,89,13.693331
210.711914,91,13.729324
206.33797,88,13.762295
220.10888,103,13.801332
226.495225,101,13.840483
219.490287,95,13.876112
224.228265,98,13.912857
240.665532,104,13.954433
215.085715,95,13.990118
219.733574,92,14.026772
235.933353,99,14.064555
197.548789,86,14.097164
207.480899,89,14.134131
214.382742,105,14.175555
209.4099,94,14.211285
213.66374,91,14.247103
213.613854,97,14.283777
215.254625,98,14.321657
195.817129,85,15.091127
58.279571,32,15.104265
141.53637,67,15.130819
215.8092,92,15.169889
127.813047,62,15.19473
212.827354,92,15.230453
153.289923,71,15.258978
207.722679,91,15.295455
212.58561,91,15.3296
192.938876,88,15.364491
215.03443,92,15.401475
216.238021,97,15.43785
210.79205,89,15.474978
197.102348,89,15.508257
222.585785,96,15.545902
196.241891,97,15.584047
164.545316,74,15.611696
73.044038,40,15.626445
116.157269,62,15.651164
208.552382,91,15.689507
90.678643,49,15.708239
89.590509,49,15.728672
81.097795,44,15.747129
216.408166,93,15.782068
204.507314,89,15.815347
154.929129,72,15.84304
184.617146,85,16.476242
88.487456,48,16.498554
213.057215,95,16.536463
201.755639,92,16.573946
199.401704,85,16.609253
214.026864,90,16.644196
85.1635,48,16.664489
208.220744,95,16.703016
150.035637,73,16.730973
221.640481,98,16.770279
202.578856,88,16.806917
207.349232,90,16.840948
224.874362,99,16.88389
122.99172,63,16.910293
215.967083,94,16.946214
134.662222,68,16.975495
206.674472,97,17.018023
210.202774,92,17.053234
217.79983,92,17.090107
210.095926,90,17.126124
199.094667,89,17.160191
36.701001,29,17.172642
218.164922,97,17.211027
144.883071,71,17.237476
211.280606,94,17.274316
69.039284,47,17.879448
202.840107,88,17.915358
207.761835,97,17.952494
206.449938,90,17.988671
212.92265,95,18.025212
184.209767,81,21.135893
197.626421,89,21.177026
210.270149,90,21.213995
192.752695,91,21.252139
229.200109,100,21.294561
236.617839,103,21.335736
209.665456,90,21.375965
208.626319,89,21.41216
209.27653,89,21.451754
207.230502,88,21.488377
195.262849,85,21.523262
203.901394,88,21.560581
226.186302,97,21.599734
201.542661,86,21.634427
228.300034,100,21.675761
202.807521,89,21.711625
188.065546,82,21.744286
205.449232,89,21.783367
233.609689,102,22.498657
70.692947,41,22.517189
219.552784,97,22.555439
229.426024,100,22.596007
236.110042,104,22.63904
225.675342,96,22.677621
198.527926,86,22.712145
196.524416,86,22.744268
242.477009,99,22.782961
257.81965,104,22.823814
213.406527,96,22.85972
214.887758,92,22.896167
233.868233,102,22.936578
218.563507,105,22.977967
162.985779,74,23.008093
201.236747,87,23.040941
229.516518,100,23.079762
203.35271,87,23.11455
220.793339,97,23.15044
208.607347,91,23.185483
213.595413,92,23.221891
215.152403,94,23.256797
227.830775,101,23.872139
246.896983,101,23.911915
226.381328,100,23.949907
186.665931,85,23.981854
83.691866,47,24.001124
153.893207,71,24.027864
194.386463,89,24.061165
238.296019,99,24.099952
215.706159,103,24.138596
229.615887,112,24.18127
205.954986,89,24.215989
210.758046,95,24.251903
224.683425,104,24.291187
212.695575,93,24.327398
202.790972,88,24.36035
30.789062,24,24.369421
230.206973,98,24.407318
156.754282,74,24.434945
245.063954,106,24.474403
242.240331,109,24.516037
252.822546,112,24.557579
206.490843,89,24.591086
209.859305,91,24.626314
216.294198,93,25.233864
221.071354,93,25.269212
216.282861,94,25.304639
237.613851,103,25.34498
219.959373,102,25.382892
255.054045,102,25.422568
200.26496,90,25.456508
195.374467,85,25.488139
238.237832,97,25.526177
240.603015,100,25.563797
197.231881,87,25.595768
203.697682,89,25.630189
203.200517,89,25.663515
203.093478,92,25.697743
201.45612,88,25.73192
259.238403,106,25.771305
219.930983,101,25.808557
214.940368,96,25.845751
231.614117,101,25.883109
194.428683,85,25.914268
207.896744,90,25.948844
181.67934,95,25.984007
199.303058,87,26.691238
211.562174,94,26.740141
268.754571,106,26.790161
248.076349,104,26.840442
278.408769,116,26.891357
220.801148,95,26.932326
221.696753,98,26.975878
230.778011,98,27.016847
250.758199,103,27.060793
210.635543,95,27.099367
257.138854,108,27.143286
208.144752,91,27.18199
253.119124,110,27.226297
267.705817,111,27.272267
294.355675,118,27.320174
253.066302,124,27.370868
269.420884,115,27.416334
182.173193,83,27.45096
203.104417,89,27.485873
211.033318,90,27.521746
305.929356,118,28.283449
312.893583,126,28.345026
262.959866,112,28.399485
288.584643,113,28.450304
285.966004,117,28.502971
263.164794,104,28.546789
296.267942,118,28.597705
210.501067,92,28.635069
208.082229,90,28.671848
310.822023,133,28.727641
220.120319,101,28.767709
233.536335,110,28.812901
247.280112,109,28.856802
285.921296,122,28.90623
233.246123,102,28.945252
305.598609,122,28.995484
222.46717,99,29.033819
255.316158,105,29.075519
308.827295,129,29.827055
299.158174,127,29.889458
312.769777,123,29.948072
253.117483,124,30.007762
282.624014,114,30.057972
319.258875,118,30.110172
349.721219,138,30.167891
216.355367,98,30.210775
266.855745,107,30.254671
291.110603,116,30.301811
299.400194,126,30.354063
221.72214,100,30.393307
461.982699,165,30.458376
235.806968,105,30.498966
116.119923,61,30.52394
266.386522,109,30.566982
277.81202,122,30.616777
281.275713,118,30.662454
442.288267,157,31.432372
256.088798,107,31.483343
265.528663,142,31.54931
233.685269,103,31.594224
275.30271,105,31.640422
344.383869,141,31.699088
221.129105,94,31.738698
200.995229,91,31.775795
318.705032,140,31.831866
342.449305,137,31.888684
69.802566,40,31.904731
354.206452,148,31.964118
291.948999,121,32.011369
336.03663,124,32.061698
306.22885,118,32.106865
306.051337,133,32.163874
379.53116,149,32.221797
225.36793,102,32.977917
180.380377,81,33.019529
343.51298,149,33.09388
298.87802,132,33.152753
319.68858,142,33.218716
316.136508,120,33.27069
327.358396,138,33.329436
331.69588,121,33.380704
346.583047,136,33.437378
303.619914,134,33.491706
314.565346,124,33.541621
312.161109,136,33.600236
365.365659,128,33.649457
263.999174,109,33.694384
295.683214,115,33.741126
305.63481,126,33.791676
320.522845,124,34.551412
230.539508,98,34.602866
352.743554,141,34.669826
335.958215,131,34.731265
271.479625,124,34.784585
385.611001,150,34.849868
334.916675,125,34.902145
578.116843,218,34.989802
382.823732,140,35.048371
275.928294,129,35.101581
348.180739,132,35.155419
376.72199,135,35.209199
283.070688,114,35.255373
330.578804,131,35.307466
365.445277,145,35.364994
183.997961,86,36.103422
571.80308,203,36.20743
292.910274,120,36.266285
353.641786,140,36.331412
298.281662,111,36.381665
344.120106,140,36.44411
373.60079,154,36.510521
420.154651,161,36.578969
359.84501,145,36.639659
320.958461,130,36.693499
337.630243,128,36.745836
116.951221,68,36.775061
234.645311,98,36.813686
384.711943,144,36.874818
316.685007,134,36.928256
352.624391,146,36.990347
377.684699,136,37.782444
542.915873,192,37.879452
367.531242,138,37.94379
490.705639,179,38.025575
506.228183,219,38.122107
318.748848,139,38.180906
554.934765,200,38.263577
415.378412,170,38.335936
408.936068,148,38.398505
381.027861,135,38.451973
476.316479,207,38.535668
629.848913,229,39.35341
428.006458,164,39.441032
390.344963,148,39.513379
363.443834,152,39.58417
326.628282,119,39.639189
531.260418,196,39.724444
342.688574,140,46.557563
382.889892,144,46.615799
558.782869,192,46.69115
351.018428,137,46.747123
413.256409,169,46.813991
352.028095,142,46.871553
525.111671,187,46.947408
886.556332,334,47.81905
520.056476,204,47.926404
339.598949,127,47.993255
613.716852,221,48.108606
350.888478,128,48.180882
407.110391,162,48.271816
618.69284,217,48.398572
593.80495,206,48.513275
472.587655,195,48.616129
396.877006,145,48.692234
506.203066,194,48.789883
552.358975,201,49.7722
399.7064,160,49.86301
627.814407,203,49.968809
131.953781,67,50.00339
223.452644,102,50.050503
372.906712,141,50.116037
451.502049,166,50.187977
361.294729,130,50.245614
456.628909,161,50.315017
348.170076,137,50.371306
573.580963,196,50.451841
374.273807,136,50.508712
233.902829,97,50.546604
364.347467,130,50.599423
371.478519,136,51.372722
594.667582,213,51.481753
498.223856,165,51.561935
374.540366,137,51.625851
393.747005,158,51.696788
414.909055,141,51.759019
427.248154,152,51.826582
118.762211,62,51.852428
483.563148,174,51.926553
467.73879,162,51.992833
361.210554,129,52.047236
209.04744,93,52.084874
401.786532,144,52.144824
376.800771,128,52.196255
383.333354,135,52.97531
340.939024,134,53.050765
361.031084,135,53.120345
612.219123,205,53.220564
354.95448,133,53.283518
553.506114,189,53.367596
417.499289,163,53.437256
342.145689,140,53.498024
453.178533,158,53.565045
484.009001,171,53.63418
526.315284,180,53.709339
337.885967,121,53.758962
371.624186,130,53.812148
420.586881,149,53.87261
384.593467,137,54.661088
561.105616,185,54.755765
486.065501,168,54.836877
596.247759,204,54.930659
520.859098,189,55.015874
425.476628,151,55.08125
400.471516,148,55.144657
374.574599,133,55.202131
540.697956,174,55.272707
592.220062,195,55.354162
562.935414,193,55.435199
588.5948,202,55.518557
359.93601,127,56.302395
382.127123,132,56.37155
568.012348,195,56.46568
383.213463,132,56.526975
368.111969,139,56.587879
362.460843,138,56.648446
398.673042,152,56.712474
556.564774,196,56.795163
339.343668,128,56.85025
489.318775,171,56.921137
391.267738,136,56.977397
609.412665,233,57.073815
370.571357,132,57.129505
436.954467,177,57.932859
491.662736,161,58.014127
384.608085,135,58.080882
421.678963,146,58.151293
617.523284,202,58.23963
594.168864,197,58.32679
439.938158,151,58.391497
413.480255,143,58.450125
539.637559,188,58.526826
335.884588,135,58.583634
391.391023,135,58.638249
507.158154,172,58.708844
584.135536,204,59.536586
666.285568,209,59.647884
529.507403,168,59.729584
828.509605,297,59.863819
385.38898,135,59.923732
390.530838,149,59.988739
376.178541,136,60.045528
372.210261,130,60.10034
373.764251,138,60.156208
504.181615,172,60.229549
434.216975,156,60.294887
399.192465,148,60.354423
391.519086,140,60.412535
373.421501,134,61.206559
354.105746,126,61.273626
471.219057,150,61.3499
415.255303,137,61.415361
533.211589,175,61.49282
390.123193,135,61.552869
349.059257,124,61.605915
640.109052,202,61.691495
392.020315,136,61.749064
469.402556,155,61.811557
394.75304,141,61.869925
395.638642,148,61.931619
545.002858,180,62.002695
371.086143,133,62.792255
614.117626,201,62.901467
432.384235,152,62.979358
211.974083,92,63.022768
386.74143,134,63.088581
577.687063,198,63.180584
144.365094,79,63.214763
585.352837,193,63.300517
400.36141,137,63.358954
408.365964,140,63.41748
242.802491,107,63.46381
488.240863,174,63.53628
602.168162,184,63.612964
540.417576,184,63.690317
414.952595,143,64.490979
344.122486,123,64.556623
397.062478,135,64.629608
426.616332,141,64.699283
369.548174,131,64.760607
647.509037,211,64.85585
516.075561,176,64.934748
383.478804,133,64.992721
407.245951,141,65.052893
517.3515,176,65.128477
372.701339,132,65.182917
455.827841,175,65.25659
549.862689,187,65.334865
220.689575,100,65.375322
586.796562,192,66.212949
191.460808,89,66.257284
452.811129,160,66.337337
364.688518,136,66.400012
512.692056,185,66.485064
433.919984,164,66.558818
483.96928,168,66.63156
375.369178,130,66.687456
520.830814,185,71.625855
482.139782,176,71.695585
541.239393,182,71.770936
503.08129,170,71.842694
470.151653,160,72.64277
333.250469,123,72.708188
372.457288,130,72.775585
644.33408,204,72.873684
565.809252,180,72.95719
543.31375,184,73.041314
594.737278,195,73.125222
431.525511,151,73.190012
785.714419,241,73.291608
409.033485,138,73.34937
378.154059,137,73.405279
381.609957,134,73.461924
409.81591,141,73.518972
435.967818,152,74.319203
666.651383,211,74.424849
599.439529,204,74.519195
388.753058,131,74.578423
609.573483,191,74.659557
472.385152,164,74.728169
373.972963,140,74.786973
508.454663,169,74.856007
576.656576,190,74.932669
543.53632,185,75.008883
443.765567,148,75.069412
814.049158,258,75.891396
529.699241,168,75.980095
249.538996,100,76.030912
372.091948,129,76.091284
566.51482,177,76.170466
532.460948,178,76.247634
630.590199,200,76.331544
498.195593,171,76.401087
380.337008,131,76.454544
481.47316,153,76.51578
540.313456,179,76.586346
372.316902,138,76.640799
575.258921,182,76.710404
385.52272,132,77.463817
211.115642,91,77.509108
390.011134,133,77.572634
534.839859,168,77.648576
590.797914,177,77.723283
516.384474,197,77.805115
210.880358,88,77.84195
743.03,231,77.932351
604.364887,198,78.010502
410.800945,141,78.065899
178.121511,79,78.095793
572.409728,183,78.166368
487.01426,160,78.226654
129.262942,67,78.253033
597.192007,189,79.001751
576.682194,191,79.093462
577.127319,193,79.182047
795.758204,244,79.285119
529.100921,164,79.351321
397.12925,137,79.406751
456.442477,148,79.465525
604.000193,193,79.539732
137.448272,71,79.569295
390.01156,135,79.621496
218.509506,94,79.658113
586.67952,180,79.727399
625.739266,204,80.454184
606.063492,194,80.548272
650.841761,207,80.640106
592.024122,199,80.72465
589.852801,192,80.803683
394.974426,134,80.856693
406.914098,142,80.914337
380.132346,133,80.965246
617.09125,205,81.046066
381.560631,135,81.099182
629.348634,185,81.169343
536.569703,167,81.233111
584.227749,174,81.948945
400.873273,136,82.014251
606.425296,195,82.102497
615.827927,192,82.186229
395.486311,139,82.243691
403.720899,137,82.299123
638.266636,204,82.380473
556.462821,167,82.447648
554.802074,168,82.511761
602.199425,181,82.58281
379.514347,138,82.638181
634.753957,200,82.715397
378.867431,130,82.767086
140.811834,72,83.484055
604.87866,194,83.579185
701.65057,223,83.679245
813.267904,235,83.777282
135.651864,74,83.807161
151.15311,73,83.836798
422.802907,140,83.893863
605.566961,195,83.970163
163.215616,86,84.00332
649.921629,199,84.081524
688.923388,212,84.163749
174.474498,78,84.193862
89.80115,49,84.212186
582.937503,187,84.28505
496.926745,160,85.020771
201.000549,86,85.062775
695.054689,212,85.158943
611.659465,183,85.23742
619.035039,191,85.316359
591.489142,178,85.388746
651.870953,215,85.471964
417.5177,139,85.525626
831.875603,252,85.621423
104.494482,55,85.641701
741.768158,236,85.730506
598.30706,175,85.796048
751.005889,248,86.561798
782.381997,226,86.663001
579.065913,187,86.741438
840.279741,262,86.847225
664.98163,203,86.928585
642.167619,205,87.007857
848.739732,257,87.105951
623.704126,194,87.179455
661.736328,212,87.259774
672.28179,217,88.02554
577.099265,173,88.109638
815.784988,240,88.216329
504.066705,160,88.286011
741.999691,235,88.38271
529.779381,169,88.449521
551.062944,184,88.521759
569.810059,177,88.591036
543.551142,170,88.655845
806.775558,234,88.745349
813.729039,239,89.508063
593.949,178,89.595875
592.199471,193,89.681325
389.848113,134,89.738974
650.319501,208,89.826144
539.270846,180,89.900404
755.490548,229,89.988713
666.739472,211,90.071925
600.161591,180,90.141122
601.428286,192,95.347595
486.857698,160,95.411117
572.629111,183,96.118139
599.891918,184,96.203347
482.008182,154,96.271374
232.17146,95,96.311371
260.409841,109,96.356615
563.838438,186,96.432648
774.932403,228,96.52219
555.556867,165,96.586707
605.260147,185,96.657088
173.159082,80,96.689478
143.522006,77,96.718249
665.90639,208,96.797204
607.616538,182,96.864289
332.329706,143,97.581651
632.299072,200,97.68064
846.344577,259,97.795671
858.110564,274,97.911823
786.111483,247,98.012165
381.399335,133,98.06456
857.368542,264,98.168007
612.927524,206,98.248977
192.540084,87,98.283347
609.354892,201,98.360916
105.412688,55,98.381956
144.961624,73,98.411385
621.605807,196,99.182945
592.159562,179,99.266451
262.873421,108,99.313372
454.532047,152,99.378757
388.797465,133,99.435397
472.966443,153,99.49701
662.878876,201,99.578034
661.41208,201,99.659859
577.276963,168,99.725322
612.336401,197,99.801977
771.056306,228,99.889252
559.172915,174,100.641912
550.533548,167,100.728621
791.149661,239,100.838691
701.354428,200,100.925386
769.197391,229,101.022784
472.194218,154,101.088183
658.20144,204,101.170403
461.327813,153,101.231653
1160.661561,345,101.36827
507.488377,156,101.429128
622.52518,179,101.501109
502.685654,160,102.267628
713.371903,213,102.367412
479.762491,168,102.443199
433.510614,157,102.511427
746.209237,245,102.613394
558.842513,175,102.685066
618.893151,194,102.761389
517.847177,170,102.828524
518.59135,205,102.909127
552.113051,166,102.971377
482.853752,154,103.03178
716.340003,227,103.824181
657.165597,212,103.922401
615.153433,183,103.999464
1544.093055,488,104.199621
168.643093,87,104.235869
704.560323,217,104.321728
608.526839,201,104.398451
466.2065,164,104.461655
598.76822,188,104.533365
650.913115,195,105.302269
138.238936,70,105.337014
568.698041,170,105.420256
580.383832,175,105.500339
624.627686,191,105.584115
364.621263,126,105.634652
620.411793,185,105.712014
665.148545,212,105.798637
523.550961,159,105.862902
973.733835,329,105.994461
517.780518,159,106.057296
998.575843,321,106.894619
257.344937,99,106.944126
448.892779,153,107.016996
255.261467,101,107.061162
660.712316,218,107.155853
523.183405,162,107.224496
1463.397871,456,107.407193
626.966988,197,107.484913
1033.483446,318,107.609316
601.415982,176,107.677229
596.599522,179,108.454516
623.805557,190,108.547204
596.033001,187,108.630592
758.170656,229,108.728471
575.865204,199,108.81186
1166.583466,398,108.972131
664.611536,212,109.056321
641.675035,188,109.12882
536.675431,163,109.194522
796.029157,276,110.018695
611.058132,198,110.114452
301.08134,131,110.176009
558.333434,167,110.247746
520.473555,160,110.314784
1125.402077,352,110.458704
445.023006,144,110.515893
205.993564,104,110.557714
746.590672,241,110.652403
629.443981,188,110.725732
592.320634,201,110.805113
604.245625,194,111.591801
621.83876,186,111.680181
446.565756,149,111.745932
648.941123,189,111.827134
492.259071,151,111.890448
611.507311,189,111.965697
687.368004,206,112.047544
623.452899,183,112.119688
541.983496,167,112.185264
594.886394,175,112.251762
725.49187,229,112.340922
553.137989,168,113.138495
400.5096,139,113.21408
571.288447,193,113.309535
607.643426,201,113.403579
589.716023,186,113.486617
139.688287,69,113.51925
611.78399,180,113.599988
546.848738,172,113.673648
794.805683,250,113.779462
604.719654,184,113.857832
578.453327,187,113.935118
595.453591,188,114.012042
476.740449,149,119.268155
535.497062,164,119.336906
453.112881,154,119.398719
590.21132,182,119.473271
383.716159,149,119.535251
523.952243,176,119.604832
495.354377,153,119.666604
612.929984,178,119.738438
522.502663,165,119.804422
608.061086,190,119.879994
503.257187,157,119.943934
560.227365,179,120.014059
600.397583,192,120.825183
597.134846,181,120.917457
552.705959,167,120.997358
259.691032,107,121.047932
1023.667663,322,121.187749
553.089283,176,121.263143
537.501261,174,121.335541
520.647283,169,121.405855
559.57902,166,121.474971
824.988557,248,121.575954
606.009127,196,121.65571
550.675439,181,122.472528
536.508253,163,122.552924
224.705842,97,122.600914
520.206631,159,122.675009
469.275183,168,122.749064
607.878848,187,122.829537
510.208719,155,122.896733
614.618083,239,122.995724
627.566775,202,123.08077
264.088355,113,123.127892
715.166784,227,123.221615
572.784134,186,124.035641
540.350514,165,124.127068
385.420228,132,124.192235
497.484502,154,124.268928
340.755662,127,124.330637
616.691725,214,124.428196
736.087601,235,124.532599
605.595642,196,124.616278
548.297042,163,124.683757
950.610346,336,124.826296
520.449182,163,124.893122
587.164878,173,125.696008
573.89972,186,125.794184
593.11594,186,125.885345
567.044845,183,125.970473
540.26564,166,126.044887
310.837278,118,126.094781
1220.144487,378,126.254818
264.249467,110,126.299099
611.423618,187,126.376785
652.136804,203,126.459871
593.708784,189,126.535403
621.50579,203,127.348755
638.498289,191,127.446686
634.687407,190,127.538219
658.136229,207,127.632194
628.913918,200,127.718821
605.442937,189,127.800043
506.39474,178,127.874665
600.610659,183,127.948389
169.083444,84,127.983407
568.642628,206,128.06669
556.130636,171,128.13697
628.9596,185,128.931259
695.88934,219,129.044653
658.305763,204,129.143376
542.243757,168,129.219198
561.979188,170,129.29422
339.253083,133,129.352911
591.118728,174,129.430214
256.813858,104,129.472747
615.392684,180,129.549468
665.765625,246,129.651943
694.380489,233,129.746301
546.222893,197,129.825145
606.068133,192,130.627819
309.384722,121,130.684827
798.36633,240,130.79097
690.486708,215,130.882585
740.634018,222,130.974769
543.67458,176,131.045659
600.159067,188,131.119736
618.688959,201,131.199922
735.39111,228,131.28986
664.547531,196,131.366068
1011.609345,316,132.209215
581.855785,176,132.290954
597.010533,174,132.367366
600.667653,183,132.442414
839.845021,246,132.541641
291.934566,114,132.588979
294.047271,119,132.635465
531.408296,162,132.699378
510.066352,156,132.760906
471.179785,155,132.820645
632.165839,205,132.899729
596.840981,176,133.666965
757.675309,241,133.784752
617.718365,182,133.864706
683.739871,204,133.950627
598.842758,184,134.027655
862.707654,260,134.131723
813.530404,245,134.227891
606.665709,183,134.298606
656.509483,198,134.373497
819.658419,274,134.479701
685.819932,206,135.266576
606.341582,184,135.353135
269.310786,107,135.398708
689.173654,213,135.489346
496.993151,157,135.55574
661.106538,206,135.637278
532.25974,165,135.701936
589.51498,175,135.770778
786.18794,238,135.863681
734.639519,230,135.950434
576.626877,178,136.018223
726.473417,215,136.787056
524.339946,158,136.858579
628.300999,201,136.945015
385.387127,139,137.004465
625.359249,206,137.091241
505.490181,160,137.152725
495.660614,159,137.21757
671.705992,195,137.295103
286.412286,121,137.340811
1168.957863,416,137.502835
690.936748,214,138.248384
337.995493,129,138.309397
593.555073,179,138.388382
505.262267,158,143.568779
620.832151,183,143.635516
711.260645,217,143.716271
668.294171,206,143.792788
713.267181,234,143.879576
669.906388,206,143.954995
257.593133,106,143.995514
586.743861,182,144.061578
636.435559,189,144.783727
850.509992,250,144.898017
601.905126,185,144.976085
626.841256,184,145.051924
545.586094,165,145.119593
476.26887,151,145.179359
545.522324,165,145.244549
610.63088,195,145.321181
492.752725,154,145.3806
655.232131,194,145.456243
668.681533,205,145.535383
662.838403,213,146.324847
582.452153,204,146.425432
581.164922,176,146.505369
522.872107,163,146.578276
576.990826,198,146.662508
657.730264,206,146.748563
616.960394,195,146.828742
911.895538,291,146.945976
739.348114,230,147.038192
282.158417,110,147.082735
598.290193,173,147.151913
646.566194,188,147.951732
677.30083,204,148.048675
584.083344,184,148.130934
682.389005,204,148.220729
686.069605,227,148.316917
880.028961,275,148.430586
746.67983,224,148.521483
391.882195,138,148.57748
686.885942,222,148.666881
487.607539,154,148.726209
779.732917,236,149.539921
623.528194,182,149.626254
553.852349,169,149.702286
610.027379,199,149.787352
742.64323,231,149.882648
625.382498,187,149.95639
526.964237,181,150.028574
845.153076,247,150.127755
599.725138,188,150.203848
628.121687,191,150.277113
624.754945,196,151.075263
554.410493,180,151.163781
610.071977,187,151.250281
1041.108852,328,151.390393
735.89758,224,151.483541
617.351386,190,151.561399
656.438018,196,151.641411
670.502031,212,151.724927
707.92131,223,151.813326
823.354781,249,152.626172
612.731173,195,152.724645
685.557296,220,152.825848
700.55407,205,152.916022
540.772614,164,152.986669
239.383466,100,153.028429
378.048705,132,153.086298
316.014354,120,153.134719
690.775404,211,153.221791
593.508049,177,153.294385
688.101314,203,153.377212
635.912287,195,153.454304
710.323659,219,154.261988
682.85357,204,154.358671
724.32054,223,154.461603
771.420993,229,154.561593
585.34575,186,154.639977
789.896867,259,154.746535
244.524345,104,154.789104
698.492273,215,154.875705
684.261164,203,154.956612
623.962702,203,155.037544
654.970793,200,155.841497
623.562314,193,155.935948
981.576994,301,156.069626
660.434581,208,156.158269
724.506428,207,156.244879
727.960835,215,156.332441
753.561722,230,156.424054
529.608361,159,156.486716
885.194238,254,156.588109
639.84416,203,157.375564
391.055045,134,157.443326
690.317955,224,157.547099
626.693232,187,157.63099
611.978897,191,157.709646
671.258954,203,157.792299
661.097638,201,157.873292
528.426244,164,157.939279
546.314974,165,158.002507
834.904347,259,158.104408
607.176074,185,158.177049
986.012397,316,159.015231
726.17178,228,159.118627
571.232409,176,159.195173
603.14609,183,159.27261
609.478567,189,159.349224
660.107163,215,159.43627
376.311912,138,159.492411
368.482194,135,159.545163
727.122075,239,159.640737
606.249072,183,159.713171
751.033316,234,160.514298
898.693368,278,160.648081
705.041095,239,160.754838
739.45048,233,160.85503
698.563218,218,160.945911
856.684499,258,161.051287
736.217894,233,161.146089
1309.231795,420,161.314556
669.743591,217,162.118838
715.974354,235,162.233412
596.084073,187,162.31571
165.13353,81,162.352327
839.458995,261,162.464326
691.233978,211,170.098584
639.189771,205,170.180188
703.48386,224,170.269832
601.157239,178,170.3398
653.27856,196,170.417922
661.390972,202,171.117303
1284.182439,407,171.265554
580.31739,178,171.331518
750.276126,232,171.417419
696.56488,220,171.497889
781.207377,227,171.581301
366.002938,133,171.630983
768.147986,228,171.715208
604.794824,196,171.786608
740.558376,228,172.492384
612.603049,203,172.575643
865.741162,269,172.68672
691.248684,229,172.782508
705.849175,232,172.876652
638.197572,193,172.956433
687.228555,214,173.044067
803.893052,249,173.146577
692.303239,207,173.231639
733.313482,217,173.918014
666.135922,213,174.001261
636.737209,200,174.080116
271.217881,105,174.120165
726.876318,230,174.208628
717.53055,216,174.291851
796.439527,259,174.391505
613.44224,189,174.464038
818.358725,238,174.555247
180.93653,83,174.587029
716.443699,232,174.675806
1022.467412,314,175.382672
709.099683,236,175.474411
692.836256,214,175.555764
777.538715,245,175.65056
675.720545,219,175.735214
738.96067,224,175.821579
695.089746,221,175.906713
792.1898,245,176.002074
704.645358,224,176.677393
694.563558,223,176.773498
745.185225,223,176.866822
606.217651,201,176.949956
714.577295,239,177.046161
725.75886,228,177.138666
752.243026,233,177.233698
704.222479,224,177.323113
1093.70597,329,177.452281
995.998251,299,178.288388
731.336751,244,178.400079
738.550078,234,178.501116
626.567858,209,178.588812
700.291733,224,178.68042
593.309595,175,178.751346
957.14776,304,178.873327
998.654789,314,178.997305
695.736569,218,179.805211
793.862015,245,179.928727
878.507347,266,180.049331
984.771578,292,180.175647
723.986979,232,180.273158
845.077808,265,180.382273
827.670395,262,180.487152
1253.874072,378,180.638977
816.302029,251,181.478709
1054.359842,319,181.626899
876.674419,275,181.744911
792.435864,253,181.850046
590.907635,191,181.929051
914.93537,283,182.042837
683.716022,219,182.132522
1007.798242,301,182.960957
877.54262,265,183.096774
844.447381,266,183.220783
729.329175,232,183.320891
766.5801,245,183.421411
725.475073,227,183.511665
880.202545,269,183.617571
843.021426,250,183.716014
1342.599771,396,184.577128
769.612511,229,184.686226
994.461126,321,184.826974
792.032228,254,184.932999
1017.941541,314,185.061593
1219.877806,391,185.216501
1546.728511,490,186.112243
1565.370471,500,186.348191
863.553635,272,186.463339
949.710588,305,186.591576
763.333,242,186.689409
1296.458037,406,186.848362
1017.948168,316,187.682645
962.147049,309,187.835071
1319.413101,421,188.01503
1411.240895,500,188.220138
1631.368587,472,204.406612
1478.246195,500,205.334109
711.709363,220,205.438193
875.957976,269,205.55707
723.645551,221,205.651677
622.984147,202,205.735224
1220.176514,370,205.883617
501.005194,173,205.954089
997.721383,293,206.070798
1030.718936,329,206.928815
725.956349,224,207.031534
676.129325,212,207.12396
816.368725,239,207.223072
1451.809668,500,207.427674
769.839851,231,207.519265
1550.645087,500,208.43385
890.207703,269,208.562215
1144.348131,352,208.716864
1377.970003,500,208.923126
1037.817563,307,209.047091
234.078394,104,209.090297
1170.27253,343,209.224602
947.124794,282,210.063027
223.240092,98,210.111159
215.370488,97,210.154967
1126.226018,330,210.297453
271.441195,110,210.344082
817.818165,256,210.44971
790.731867,247,210.550031
1414.444126,409,210.712245
822.603187,248,210.811124
1052.238781,312,211.661379
1093.229078,317,211.80418
811.772838,255,211.913416
1391.369838,500,212.119536
858.873656,269,212.227708
1366.622531,500,213.13838
256.851479,106,213.192655
934.172067,270,213.315958
1120.174727,350,213.464667
1161.54289,424,213.637436
815.127782,251,213.736148
986.993159,298,213.852473
882.069021,269,213.957076
819.321722,260,214.784914
842.998659,259,214.905737
839.059188,249,215.012161
785.819689,236,215.111293
1132.923801,338,215.246837
1347.810526,388,215.398917
1057.729241,315,215.523921
873.174558,264,216.345836
1463.26854,500,216.566604
1698.322594,498,216.772651
983.584542,356,216.914763
648.076383,206,216.995469
910.055075,274,217.797209
1193.010952,351,217.964214
937.22504,285,218.085818
694.093663,219,218.17594
1367.738242,500,218.375212
977.200646,342,218.507896
833.605588,253,218.604466
1429.603884,500,219.506285
759.680597,238,219.604971
1498.504889,500,219.80543
1051.558888,305,219.9243
195.759627,92,219.959464
974.493122,299,220.072723
1410.224743,409,220.906298
860.044613,258,221.020902
1307.863129,500,221.224312
212.650021,93,221.260668
265.558227,105,221.301556
1524.526431,500,221.495069
1045.597116,320,221.621429
1481.096322,500,222.569231
1405.041227,500,222.78694
888.967278,264,222.896301
1144.792896,336,223.032811
1112.002601,345,238.26811
1690.905491,500,239.173651
839.331504,245,239.279984
978.31747,328,239.415997
1603.273101,500,239.613814
1348.04106,401,239.771138
1550.252462,500,240.672867
1284.931794,394,240.841207
1150.341253,355,240.986011
1426.282801,416,241.148138
807.062827,238,241.239135
1180.836129,362,241.378493
1162.679256,345,242.221329
950.88165,305,242.352828
1329.335669,402,242.516681
1695.978632,500,242.711349
1192.881698,350,242.844274
857.271668,256,243.637162
225.758016,98,243.684421
681.200051,205,243.777279
1142.974224,337,243.920618
1476.383935,500,244.120491
1228.291319,365,244.260926
724.68557,224,244.347136
1423.263226,469,245.235545
977.040404,295,245.365489
794.186485,236,245.46312
1499.191416,464,245.647876
810.459498,236,245.736362
1169.047841,330,245.863404
1521.913483,500,246.775086
1132.123098,350,246.92681
842.044854,257,247.031381
1456.161927,434,247.203619
1476.607289,500,247.399338
1408.667044,500,248.295517
1410.828581,427,248.477473
736.755165,229,248.570339
518.447242,186,248.643981
957.558101,291,248.758032
568.541209,188,248.830035
1104.201344,329,248.956251
1478.522097,500,249.860252
982.746469,313,249.995808
860.175066,255,250.100447
870.456621,257,250.203336
1537.976989,440,250.374012
1680.583455,500,251.261536
1576.188355,500,251.498472
1226.515709,354,251.648679
1480.246314,500,251.85552
1137.441848,337,251.994538
1651.543506,500,252.927535
1535.306041,500,253.157536
1158.3145,346,253.307453
1206.240402,364,253.456651
944.562021,284,253.569866
863.65332,266,253.677438
1450.77234,500,254.613302
1408.933182,500,254.831583
1111.086317,354,254.977278
1604.987888,500,255.183852
1511.027901,500,256.104426
1356.256517,500,256.32641
1553.85664,500,256.53104
715.330785,255,256.633001
839.592604,306,256.754325
1335.109117,500,270.632976
1431.788488,500,270.835078
1384.40887,500,271.035009
917.490058,305,271.155296
1533.572111,500,272.100086
1461.071575,500,272.35523
1717.983913,500,272.576861
1528.14984,477,272.778104
1450.350489,500,272.984806
1099.638121,321,273.89507
1543.269386,500,274.132596
1449.627406,471,274.339068
1464.24571,500,274.55191
1518.950457,453,275.506157
878.438547,258,275.636714
1561.414408,500,275.865424
1037.848417,327,276.006918
1133.73099,349,276.155899
1294.14505,377,276.312248
829.792172,255,277.167204
1653.826434,500,277.404054
1647.693004,494,277.616429
1105.090652,331,277.752895
1542.68704,500,277.955755
1585.960127,500,278.911664
1153.336613,326,279.056362
1265.994253,368,279.208495
1187.434271,335,279.342886
1604.29746,500,279.540497
893.936452,265,280.385272
1496.430805,500,280.616863
832.613604,249,280.721928
1527.639011,500,280.927042
1298.2903,402,281.089126
998.966356,331,281.927096
1213.6884,393,282.108397
1667.809118,500,282.31819
804.639759,240,282.415599
1378.400215,413,282.582484
1735.188414,499,283.463931
1533.159744,468,283.674444
894.856733,266,283.783449
1227.385529,366,283.929269
819.101086,250,284.029035
1562.019806,500,284.229493
1366.440957,418,285.125678
964.857439,282,285.247296
933.88097,273,285.359785
1053.577942,307,285.485003
593.346852,224,285.577508
1144.669323,339,285.715837
1579.613901,500,286.585099
1283.325885,367,286.748052
1554.139321,500,286.954824
1497.961452,500,287.160293
942.748628,277,287.273942
1132.913772,321,288.098292
1364.351343,381,288.276983
838.492096,252,288.384386
1663.937456,500,288.589229
870.582866,251,288.691468
993.006406,287,288.807859
1639.262178,500,289.716214
750.604834,223,289.816657
850.117686,259,306.033826
799.311222,240,306.130126
1618.831277,500,306.327581
1483.453833,500,306.527983
1588.162134,500,307.362061
1308.180936,411,307.528384
1615.659625,500,307.729002
1599.879248,500,307.930556
1432.741227,442,308.73866
1531.843811,463,308.926857
1315.191369,424,309.098377
1617.16283,500,309.29911
1615.16684,500,310.131796
191.826653,90,310.169111
1550.959529,500,310.371575
834.048291,250,310.472117
1428.667073,432,310.645273
893.0171,275,310.755484
1248.446479,356,310.896397
1620.765482,500,311.724026
1590.947469,500,311.92492
1730.68851,500,312.126369
1462.032017,500,312.329334
944.116461,273,313.189532
828.931997,271,313.325622
1374.788611,437,313.523634
775.770201,221,313.617664
1086.889624,328,313.753702
785.585995,259,313.861761
730.050889,247,313.964889
283.466545,114,314.012767
1091.771107,366,314.919367
734.724122,239,315.027089
889.194825,261,315.139311
1644.422066,500,315.34699
1700.870018,484,315.540346
562.340373,190,315.616549
884.999123,267,316.44847
1086.093784,308,316.588284
1429.563572,401,316.75879
1659.409761,500,316.961063
867.836606,257,317.066412
823.43836,252,317.168448
306.054839,119,317.921577
1635.380868,500,318.163626
1229.662173,339,318.308702
1054.164109,292,318.429167
1350.459352,388,318.585616
1443.015369,402,318.744701
1656.632796,481,319.692972
837.751287,255,319.807526
1549.435278,500,320.016598
800.352968,243,320.114367
1468.587614,426,320.282826
1709.681607,500,321.215475
950.304973,275,321.341454
1599.233443,500,321.553019
1246.488297,378,321.707212
1515.782248,500,321.908674
1615.284261,500,322.907022
1648.713125,500,323.127165
1521.438276,500,323.333198
1395.869195,392,323.489322
1511.802426,500,324.404304
930.934203,271,324.531705
1076.431676,335,324.677015
1071.179235,296,340.061809
1603.167316,500,340.269941
1006.761056,292,340.390723
834.194166,238,341.228786
1650.185666,500,341.47528
1676.67694,500,341.694083
965.200448,272,341.808158
1646.526659,500,342.013331
1244.351177,360,342.907695
1622.118056,500,343.147911
1628.873464,500,343.366818
1599.349025,500,343.575827
1650.52757,500,344.526784
1612.917562,500,344.77279
1740.093408,500,344.991119
1584.80503,500,345.201413
1171.548624,335,345.341007
1654.448818,500,346.338882
963.502014,277,346.467901
910.85738,265,346.586461
1061.785601,306,346.716694
1674.637153,493,346.923455
252.656889,102,346.964768
1625.032316,500,347.946637
250.0341,104,347.996642
1310.77294,371,348.165191
1589.471676,500,348.377845
1599.34151,500,348.58536
1641.987661,500,349.60954
1349.908137,389,349.81226
556.352923,180,349.897015
1612.199345,500,350.114715
1023.303202,290,350.234157
1593.861853,455,350.418183
1258.069712,359,351.307185
1601.316204,500,351.524304
1655.078851,500,351.726214
1430.510639,412,351.89155
1709.800785,500,352.800542
1509.284871,424,352.9844
1585.884232,500,353.189327
1638.270728,500,353.385376
972.240091,276,353.492825
1555.112769,500,354.384142
1687.112938,500,354.593612
1610.568518,500,354.789303
1552.728,500,354.983979
1623.612016,500,355.852819
1655.597584,500,356.06045
1046.554783,298,356.176663
1580.1562,500,356.371696
1162.257797,331,356.500111
1116.904954,315,357.293918
1628.091623,500,357.506848
1598.342209,500,357.704392
1611.858495,500,357.902647
1373.000731,437,358.737231
1575.822982,500,358.957218
1154.235677,331,359.090788
1583.779833,500,375.162827
1119.621392,324,375.301242
1205.497309,344,376.182233
1550.839631,500,376.429553
1559.91671,500,376.648777
1632.050716,500,376.85921
1714.400724,500,377.784656
1602.515879,500,378.036304
1594.319503,500,378.260181
1714.446904,485,378.461802
1510.963498,425,378.634623
1626.587914,500,379.592155
1615.731425,500,379.819992
1204.482506,347,379.96493
262.327116,106,380.010246
1625.980126,500,380.212574
1629.429217,500,381.150177
1135.327704,323,381.295585
1282.583515,357,381.4465
1646.461227,500,381.65026
1665.085119,500,381.849154
1547.894394,500,382.786592
1561.87833,500,383.004924
1047.572983,295,383.127807
1027.344007,289,383.246234
1332.001908,402,383.406031
1668.559286,500,384.350264
903.956538,276,384.475406
1592.373084,500,384.685865
1648.979513,500,384.895923
938.5313,278,385.009238
1571.173684,500,385.948448
1588.393046,500,386.165175
1675.015779,469,386.356952
1635.385762,500,386.556327
1631.347922,500,387.460446
1705.552057,482,387.666943
1560.376484,500,387.866221
1164.952589,346,388.003072
1600.082594,500,388.880865
1627.3971,500,389.114656
1585.457368,500,389.322107
1609.221014,500,389.52263
1673.705773,500,390.400352
1543.6706,500,390.634886
1488.074132,407,390.802601
1575.964758,500,391.005384
1116.766659,309,391.129616
521.316446,180,391.201817
1582.064179,500,392.090976
1413.573281,396,392.262312
1629.188066,500,392.463449
1627.357428,500,392.66236
1620.912195,500,393.582076
1613.176928,500,393.805878
1604.079088,500,394.012887
1178.636824,329,394.143961
1584.621733,500,409.460625
1497.859105,500,410.298293
1666.736303,500,410.501779
1539.591005,500,410.706424
258.277118,105,410.749595
1559.468458,500,411.589573
1620.648998,500,411.797651
1530.684695,500,412.005217
1529.805961,500,412.210284
1637.14558,500,412.413854
1169.779009,351,413.181918
1555.347264,500,413.383955
1589.915466,500,413.584516
926.675526,276,413.695312
1575.296399,500,414.523666
1157.01329,324,414.654883
924.869037,281,414.76758
1613.258288,500,414.969521
1692.007185,500,415.170822
1556.567796,500,416.091079
1161.943846,329,416.253408
1580.036017,500,416.474116
278.303944,111,416.521738
1136.727306,328,416.659102
892.052801,261,416.763723
1208.879668,354,416.906531
1647.296424,500,417.876673
1185.944207,343,418.02859
1659.01185,500,418.238082
1611.686654,500,418.439351
1706.027171,500,419.396629
1598.825339,500,419.636103
1573.92633,500,419.857854
1619.638567,500,420.068068
1635.738426,500,421.00824
1627.155333,500,421.237706
1507.849825,500,421.446872
1501.676796,500,421.647657
1477.328659,500,422.603068
1613.455873,500,422.844382
1690.924837,500,423.062007
692.178316,201,423.150413
900.866386,267,423.263107
963.821636,268,423.373344
1498.146837,500,424.35258
1615.802501,486,424.575769
707.262548,209,424.666893
1157.420555,342,424.812825
1588.942207,500,425.023316
1478.493184,409,425.954797
443.678145,156,426.031081
270.452917,108,426.084637
1553.935103,500,426.310071
1144.679492,326,426.447731
1635.46304,500,426.655614
879.955701,259,427.49891
1650.547083,500,427.747664
252.240775,104,427.796407
1794.724542,500,428.012499
1522.873793,457,428.202183
1563.821596,500,429.152375
1391.145066,394,438.994047
1620.259793,500,439.189593
1562.363311,500,439.391347
1069.382927,324,439.518674
913.374199,268,440.298578
894.240346,264,440.431341
276.705757,110,440.481295
1207.271493,343,440.628703
234.061903,105,440.672355
279.645251,115,440.718984
1782.305697,500,440.913757
1608.556538,500,441.109085
1149.894393,324,441.94797
1605.647571,459,442.150527
872.747034,260,442.257417
1663.227738,500,442.456469
1677.143359,500,442.656231
1662.828713,500,443.580843
1616.77539,500,443.795698
805.356571,225,443.886345
1182.070242,341,444.021379
1155.828833,321,444.146408
1732.443359,500,445.051106
1623.590237,500,445.268592
1640.367577,454,445.448866
1670.189597,500,445.643784
1093.815287,303,445.761806
1607.325873,500,446.651345
1218.283997,355,446.798753
1640.031882,500,446.999264
1644.948755,500,447.199851
1569.963236,500,448.070115
1598.178716,500,448.286894
1146.679001,322,448.415272
1599.921341,500,448.611756
1199.322439,339,448.744039
1120.769924,338,449.561071
1681.94613,500,449.785666
1120.073406,314,449.915516
1098.510502,309,450.038396
986.662283,284,450.151674
789.958336,241,450.248314
1202.825942,331,451.041857
1666.344379,500,451.259699
1697.470874,463,451.444324
1650.030886,500,451.640472
1728.094026,500,452.484108
1638.163988,500,452.707805
1707.525303,500,452.908814
1000.062172,284,453.020521
1387.464433,379,453.169897
787.692305,239,453.264057
1430.680425,404,454.103031
1673.046208,500,454.315979
1712.671296,500,454.515995
1491.293422,437,454.689771
806.068554,241,454.786573
983.245572,300,455.57908
1811.490494,500,455.795236
1619.906363,500,455.997495
1644.916548,500,456.196435
1005.573033,291,456.314837
923.51088,275,457.13789
1655.197573,500,469.444671
900.479139,265,469.551601
1482.986412,428,469.722473
1664.192501,466,469.910331
886.877986,262,470.618469
1664.013906,500,470.81723
1120.992182,309,470.939172
249.603524,103,470.981463
1673.332678,500,471.178905
1268.051389,368,471.323401
1705.576328,500,472.128235
1807.200074,500,472.328545
1729.564909,500,472.527902
189.11803,90,472.563833
886.97339,262,472.668535
1762.737759,490,473.474168
1169.113235,323,473.604965
1317.565828,364,473.750455
1749.640455,500,473.950327
1726.443947,500,474.150977
1716.331395,500,474.965963
1056.667511,298,475.087934
1715.929233,500,475.292407
1750.902083,480,475.488502
1404.510839,397,475.650055
1548.163251,435,476.609634
1655.282714,500,476.83315
1532.43338,500,477.045065
976.80228,297,477.16955
1119.055306,309,477.295245
1686.041388,484,478.259483
1299.946463,378,478.433013
1678.778195,471,478.633068
1752.332695,500,478.836967
1631.846381,500,479.794654
1642.740287,500,480.033265
1636.253986,500,480.251001
1704.071539,475,480.453885
1646.362041,500,481.392239
1662.568932,500,481.630519
1593.23545,500,481.840994
1604.406757,500,482.043259
1643.246023,500,482.968361
1145.147273,310,483.12798
1619.741803,500,483.353643
1314.265978,362,483.50707
1641.620519,500,483.711551
1616.635367,500,484.659835
1377.417939,379,484.844913
1598.057761,500,485.065533
263.149268,108,485.10996
1418.30057,389,485.271015
1657.978952,500,486.225666
1623.941581,500,486.499838
1630.886771,500,486.732941
891.986145,267,486.851838
878.597438,249,486.961566
1657.04613,500,487.177113
1648.631072,500,488.17805
1182.905828,337,488.335355
1611.849656,500,504.644666
1676.317559,500,504.855221
1658.137084,500,505.824269
1607.652915,500,506.056966
1624.443273,500,506.271279
1598.792046,500,506.477768
1678.931494,500,507.440391
1594.608747,500,507.675826
1659.217089,500,507.889206
1620.132783,500,508.097503
929.5236,270,508.20928
1117.308466,307,509.096097
1045.668132,289,509.234436
1654.667134,500,509.452718
1139.53173,324,509.590131
1012.482291,286,509.709405
1664.732943,500,510.653814
1680.397489,481,510.886824
1723.13346,500,511.102867
1083.36804,303,511.230193
1370.072593,380,511.384522
1106.719563,313,512.236831
1065.01768,294,512.387356
983.570723,280,512.515384
1504.751313,413,512.693778
1656.423134,500,512.899728
1084.362223,304,513.020866
1397.38219,381,513.903154
1666.203715,500,514.134181
1784.058166,499,514.343739
1699.136488,481,514.536283
1175.677404,322,514.665615
1629.018921,500,515.608702
1645.522656,500,515.822207
1638.035972,500,516.023132
1645.018861,500,516.218519
1624.649509,500,517.12834
1633.141321,500,517.336858
1648.479279,500,517.530876
1646.973697,500,517.725213
1601.249846,500,518.67219
1604.600535,500,518.905861
1650.677005,500,519.122222
1597.934055,500,519.331606
1614.679249,500,520.327203
1640.229164,500,520.56652
1259.917781,357,520.725344
1214.392433,350,520.872385
1638.169174,500,521.079725
1665.648767,500,522.065556
1678.840428,500,522.289021
1627.100124,456,522.478909
1671.350388,470,522.671068
1729.716922,500,523.623901
1513.330938,426,523.817697
1705.498736,500,524.024267
1170.780673,330,539.781975
1563.433343,441,539.953534
1342.067153,375,540.702614
1151.102893,318,540.828805
941.153489,272,540.936332
1642.140466,500,541.135996
204.311517,90,541.172889
1645.198823,500,541.371437
1663.373784,500,542.17493
1652.245125,500,542.375361
1647.948276,500,542.5733
1234.087198,347,542.711971
1732.685904,500,543.563665
1469.156785,418,543.749344
1726.728591,500,543.956887
1172.049243,333,544.090976
883.236392,258,544.193285
1683.979273,500,545.132144
1155.563026,328,545.284966
1419.47733,399,545.454203
1723.151708,500,545.656719
1656.30602,500,545.853845
1116.814088,316,546.697113
1684.702674,500,546.915724
1617.056528,446,547.096217
1529.740354,427,547.264613
1668.794245,460,548.122289
1687.389999,500,548.358755
894.511931,257,548.466825
1089.472724,306,548.589409
1699.379078,500,548.790092
1210.533642,327,548.92151
1683.53969,500,549.828076
1137.775519,313,549.968266
1309.448996,369,550.122576
1666.750231,500,550.32377
1696.184047,500,550.522306
1685.765566,461,551.436167
1691.114438,500,551.649379
1782.544448,493,551.848113
1666.7176,500,552.047954
1650.868831,500,552.988916
1724.435509,500,553.20166
1637.553547,500,553.401553
1646.552334,500,553.593668
1666.193336,500,554.51099
1670.49732,500,554.723856
1236.222237,338,554.859568
1168.776389,328,554.989124
1663.05978,500,555.184489
1651.142054,500,556.11237
1672.431516,500,556.321198
1656.248026,500,556.519602
1527.725793,422,556.683712
1650.212615,500,557.597896
1016.752082,287,557.723799
1113.955777,309,557.851797
1223.936776,346,557.99134
1715.443082,500,558.186814
1656.899531,500,574.81499
1225.759968,350,574.987234
1689.080568,500,575.212258
1193.54469,328,575.350146
1602.149173,483,575.551334
1692.786852,500,576.527943
1214.249532,346,576.687207
1070.287133,298,576.815983
1653.878822,500,577.026562
1655.364699,500,577.232125
1021.197366,288,578.103314
1626.162795,500,578.339675
1675.418486,500,578.553082
1551.19858,433,578.731298
1619.331706,451,579.64913
1755.211446,500,579.901906
993.716277,285,580.031812
1679.339142,500,580.24909
1718.98936,478,580.447767
1040.764699,290,581.310043
1691.829682,500,581.561185
1679.266865,500,581.781308
1788.940621,498,581.991022
1727.797432,500,582.916594
956.392843,274,583.060893
1716.545534,500,583.287811
1712.479925,500,583.49589
1725.874169,500,583.697414
1782.811033,493,584.624992
1146.8883,323,584.842117
1710.752574,500,585.069885
1681.790746,500,585.276155
1672.369913,500,586.15739
1325.079453,367,586.336175
1746.475725,481,586.540823
1720.80782,500,586.739844
1629.628199,500,586.9338
1494.151501,418,587.819027
1702.629497,500,588.039515
1468.424242,403,588.202861
1780.68834,500,588.401135
968.10666,281,588.510399
1250.520985,349,589.348342
1777.665128,491,589.568096
1236.370648,349,589.711657
1735.80904,500,589.908474
1185.482117,332,590.033788
902.633146,260,590.817122
1654.700021,500,591.041131
1690.559591,500,591.241495
1656.08214,500,591.433783
1686.11283,500,592.29874
1694.626113,500,592.522277
1282.503801,353,592.664918
1664.901508,500,592.861085
603.393763,197,592.93788
1020.578114,292,593.048887
928.931527,265,593.816412
1170.438653,322,609.507295
1348.033046,414,609.674176
1735.617984,500,609.87506
1694.280652,500,610.074451
1142.167039,315,610.929449
1218.324736,336,611.091995
1701.008932,500,611.310357
1164.40154,318,611.444919
1181.38502,329,611.580572
1077.252167,299,611.701905
1213.409783,335,612.591662
856.249915,248,612.712187
1687.533583,500,612.93202
1682.245143,500,613.141982
1019.256932,287,613.261736
1307.924879,360,614.12694
1372.329908,375,614.313869
1643.649322,453,614.513233
1196.873868,325,614.649477
1677.286881,500,614.856743
1701.597325,500,615.789229
1198.858396,328,615.948088
1045.267053,290,616.077579
1152.56073,319,616.212456
1663.492296,500,616.417833
1673.041088,500,617.35165
1417.369655,428,617.569567
1609.907237,500,617.79376
1115.195117,311,617.922799
807.184891,264,618.031
1279.105112,344,618.172535
485.285793,172,618.242959
1583.884922,446,619.183113
1658.541543,500,619.400414
1669.850839,500,619.611102
1440.739152,392,619.771274
1050.675302,290,620.611692
1130.869791,308,620.761574
1381.09756,419,620.945149
779.934633,255,621.051786
1664.474708,500,621.257036
1248.358722,348,621.397116
1669.041335,500,622.335371
1323.830743,364,622.497591
1665.784357,500,622.705873
1664.519199,500,622.910004
1212.276088,334,623.756211
1677.465093,500,623.998919
915.504069,257,624.110805
859.813486,245,624.213226
941.258211,266,624.322361
1027.531594,285,624.437054
827.128739,269,624.545862
1055.836726,291,625.391369
840.392587,267,625.526176
1122.172356,316,625.670367
1066.247959,297,625.801599
859.259708,249,625.905814
1658.448818,500,626.111332
1738.071237,500,627.071157
1347.128058,369,627.250577
1452.291681,397,627.427165
1168.926438,319,627.564392
1662.224255,500,627.771201
1686.399687,500,628.727022
1652.116123,500,628.96089
516.853914,177,644.828166
1454.440206,396,644.982603
1814.083621,500,645.17592
1109.0739,306,645.894354
1719.226885,500,646.095638
1431.366046,390,646.249528
829.043147,268,646.3563
1035.419753,298,646.475709
1077.737908,300,646.593601
1704.983584,500,647.402577
1040.894607,289,647.518686
1526.530239,413,647.681556
1044.508402,287,647.796323
1666.498141,500,647.993453
1598.29704,446,648.839534
1690.499671,500,649.079707
1676.052648,500,649.293603
1084.040747,295,649.429927
1423.352392,400,649.623281
1672.314489,500,650.617474
923.460703,265,650.742191
1058.59974,302,650.877279
1200.761128,333,651.017978
1688.893868,500,651.221336
1642.654561,500,652.15919
1661.390544,500,652.39923
1043.36377,297,652.526505
1642.377927,500,652.731808
1403.80253,393,652.888144
1686.324092,465,653.816676
1276.587011,359,653.986444
1537.06191,417,654.165286
935.063898,271,654.276325
1278.272508,350,654.417132
1661.277935,500,655.338915
1638.56707,446,655.555009
1709.271381,500,655.76991
1251.630902,346,655.913322
878.832597,253,656.016277
1673.991708,500,656.933332
1102.36433,313,657.087289
1234.2188,348,657.237322
1692.055318,500,657.440754
996.661326,283,657.553578
1053.784893,296,657.668533
1728.83279,500,658.602141
1130.889306,308,658.744687
1599.137885,447,658.931597
1088.947625,292,659.051529
1668.349626,500,659.249915
1230.36595,326,660.102802
1652.93667,500,660.341094
1253.887218,351,660.492831
1547.407048,433,660.668652
1664.342982,500,660.866932
1234.751691,348,661.735326
1807.358833,500,661.960984
1065.061847,289,662.082278
1455.752373,395,662.242865
1172.874398,316,662.367354
1527.22764,430,663.248749
1228.218023,337,663.415025
1019.010352,278,663.539451
833.683525,240,663.640343
1419.383148,384,679.104177
1137.402139,315,679.231474
1053.842022,296,679.352182
1507.175017,414,680.310274
1040.694829,291,680.450871
1686.127052,500,680.670864
972.47132,286,680.790649
1699.552978,500,680.994265
1664.728669,500,681.973299
1661.029744,500,682.206419
1673.174715,500,682.419071
969.870234,271,682.531439
1717.324212,500,683.49046
872.083618,242,683.621528
999.793404,279,683.756904
1754.097983,500,683.981314
892.714593,252,684.087588
1675.584871,500,684.293799
1702.393924,500,685.262153
1268.397467,351,685.424971
1689.678988,500,685.639971
1664.22571,500,685.83832
1770.167708,488,686.720766
1692.246885,500,686.953489
1666.475859,500,687.162892
938.90274,268,687.270197
538.900235,184,687.344426
1630.541006,500,687.53934
1665.752785,500,688.492215
1388.592283,379,688.654861
1080.816219,316,688.787078
1651.784734,500,688.98867
1703.342692,500,689.924423
1680.601078,500,690.166298
1101.49277,298,690.296172
1700.499031,500,690.503654
1739.723497,500,690.702291
1518.85836,409,691.607149
1613.777371,500,691.834502
1663.522049,500,692.04254
1061.037972,301,692.164073
1223.586504,346,692.30156
1689.433392,500,693.240644
1667.719585,500,693.461475
1683.267041,500,693.6641
1194.49313,378,693.812575
1624.414299,500,694.744683
1753.005019,495,694.96977
1048.50399,299,695.097369
772.796769,231,695.193655
1658.899665,500,695.39484
1684.332941,500,696.306038
1688.78828,500,696.537967
1687.590337,500,696.74229
785.696979,236,696.837404
1663.324803,500,697.034262
1703.42371,500,697.977679
1678.225744,500,698.201092
924.747149,262,698.310286
1679.555503,500,714.45385
1676.678383,500,715.384771
271.708661,108,715.439216
288.841791,112,715.496879
407.940801,147,715.566521
382.637913,139,715.629169
282.118173,111,715.678825
522.897142,178,715.753659
384.067616,142,715.814588
662.619833,207,715.901974
1702.613086,500,716.10314
156.964938,74,716.132649
843.170886,262,716.237289
1756.234457,500,717.187263
1352.363892,409,717.355571
1674.270715,500,717.553582
1669.219796,500,717.74567
1720.377877,500,718.687252
1706.939093,500,718.919093
1679.426081,500,719.131347
1672.278796,500,719.337143
654.952097,219,720.169974
1700.118489,500,720.425822
1704.509521,500,720.64214
1771.694604,488,720.841842
1677.56044,500,721.041812
1723.712975,500,721.990914
1274.888009,356,722.145785
1745.767957,486,722.34571
1576.510045,436,722.519625
1002.580206,304,722.640727
706.609186,218,723.467735
960.96762,270,723.593393
1711.175444,500,723.81127
677.701546,209,723.897881
1080.826207,293,724.017394
1698.98072,500,724.218114
1154.755797,321,725.084679
1652.075715,500,725.307434
1020.472869,286,725.426033
1096.885666,310,725.551542
1679.616791,500,725.751101
1697.592698,500,726.6946
1053.193183,295,726.826688
154.506059,73,726.858041
1367.958403,376,727.013116
1763.332556,500,727.217094
391.456686,141,727.27343
892.012435,254,727.374174
1052.67556,288,728.206552
1396.09648,384,728.383134
1702.88788,500,728.59199
1002.799813,288,728.70778
1266.078442,349,728.847263
853.261783,247,728.944622
1078.873083,292,729.784467
1276.085177,350,729.945785
373.760397,137,730.006174
1686.155879,500,730.216162
1186.746106,328,730.35075
1020.269422,276,730.464076
1297.625214,356,731.308079
1792.497919,500,731.539174
884.689247,257,731.64817
1691.624754,500,731.852342
1696.193361,500,732.05139
1672.37599,500,733.017262
1644.899243,500,733.250667
1675.9408,500,733.464524
1636.758783,500,733.670805
1674.52723,500,750.293951
1693.25847,500,750.495751
1685.720374,500,750.696418
1663.263534,500,750.896767
823.325009,244,750.994946
1648.083878,500,751.807893
1535.202096,438,751.985536
1645.828316,500,752.187053
1675.198413,500,752.388332
714.976521,210,753.079034
1763.583315,490,753.273207
1648.532534,500,753.47145
1633.327449,500,753.668905
1637.744172,500,753.865947
1714.361623,500,754.671536
1688.531285,500,754.872501
1780.560294,500,755.07337
1681.177358,497,755.271089
1656.931404,500,756.080162
1282.603901,352,756.222271
1455.188918,403,756.38511
1793.971323,500,756.586144
1548.985415,428,757.428473
1106.806147,313,757.579798
1680.908818,500,757.794801
1674.570412,500,757.996024
1670.978056,500,758.1919
1475.501348,406,759.06742
1659.03931,458,759.270337
1797.871876,500,759.471903
1704.726537,500,759.66481
1761.031102,500,760.570712
1762.373828,500,760.797168
1617.20194,472,760.988983
1662.901512,500,761.187004
1707.881533,500,762.080095
1677.118292,500,762.308846
1644.890621,500,762.513628
1624.051449,500,762.710103
1672.428637,500,763.60717
1058.123865,290,763.750318
1658.654474,500,763.966492
930.174529,264,764.074133
1634.296996,442,764.247482
1714.538295,500,764.443494
1137.055925,313,765.292796
1063.762754,290,765.420166
1695.622289,500,765.623972
1116.220471,297,765.739926
1314.675902,361,765.880898
1689.494492,500,766.790117
144.569839,70,766.825167
1759.255542,500,767.042093
1723.260852,500,767.249264
1691.534005,500,767.453057
1709.045692,500,768.409465
1829.013395,500,784.663607
1495.240284,412,784.82853
1684.289898,500,785.032388
1729.75127,462,785.932127
1403.100691,407,786.135751
1722.812498,500,786.352309
1696.405967,500,786.556551
1661.367514,500,786.752558
1133.098539,327,787.606381
918.626434,261,787.726098
979.087173,274,787.843202
1365.121546,368,787.993802
1730.865568,472,788.182755
1741.421482,484,789.074811
1754.949081,500,789.311421
1680.647421,500,789.521361
1727.664745,500,789.722057
1698.836799,500,789.92309
1664.018492,500,790.867923
1658.230935,500,791.077624
1663.706484,500,791.279917
1640.361921,500,791.475961
1180.942756,325,792.335332
1329.004503,362,792.502778
1722.365206,471,792.698041
208.824492,90,792.73608
1054.357132,291,792.852902
1212.950855,336,792.98393
1769.4524,490,793.906186
1026.090807,290,794.038389
1592.4722,439,794.22102
1061.162729,285,794.337464
1743.129912,500,794.531307
1584.132153,430,795.421028
1473.459562,400,795.605781
965.226515,266,795.718743
1350.617525,368,795.869335
1090.942344,302,795.989553
1009.704344,273,796.096358
1084.859643,292,796.903636
1124.698345,312,797.057487
1674.140713,457,797.259504
938.172856,261,797.368468
954.894892,270,797.477655
1442.111804,393,797.632439
972.042478,269,797.736225
1465.32797,400,798.620672
864.758866,244,798.731068
1544.49209,419,798.903452
1457.453137,399,799.061795
1802.953238,500,799.256072
1724.489933,500,800.189633
1692.125096,454,800.389093
1089.039195,298,800.511189
1427.044054,384,800.66455
1405.077373,380,800.813708
1772.821055,482,801.729208
796.482468,235,801.835254
1662.764705,500,802.043335
888.011151,250,802.144239
1109.520646,307,802.26793
1126.231566,300,802.385703
1055.593801,286,803.211451
1342.60486,360,803.379809
1251.808637,341,817.050334
1682.391908,500,817.243923
1677.263847,500,817.437331
1070.599922,284,818.275545
1254.840478,346,818.447926
1095.398812,289,818.580327
1626.446587,437,818.763818
1797.647341,500,818.966334
1146.254629,312,819.091383
1697.682069,500,820.048982
1697.585327,500,820.27365
1519.393148,408,820.444444
1694.538312,500,820.647218
1011.473146,276,821.475669
1203.006368,319,821.637141
1751.972872,473,821.848971
1684.946625,445,822.031222
1757.716677,500,822.233098
1045.269652,292,823.061869
1300.924734,357,823.245105
1693.83121,500,823.471797
1696.163602,500,823.678288
964.589604,264,823.785295
1717.062473,500,824.708475
1702.865004,500,824.945895
1713.717957,500,825.15872
1711.760394,500,825.362148
1693.241659,500,826.309961
1093.397424,300,826.467026
1715.769085,500,826.69251
1153.49887,308,826.822525
1623.897933,437,827.002167
965.859687,268,827.111088
1734.302163,500,828.074417
1022.344349,286,828.210758
1741.594588,468,828.41833
1726.036048,500,828.629804
1193.48083,318,828.758264
1458.570305,393,829.686953
1307.82934,357,829.865876
1736.601914,464,830.075116
1735.532585,500,830.286958
1448.61401,387,830.448463
1259.824051,351,831.36597
911.380141,250,831.492815
709.976094,208,831.590657
1654.768001,500,831.808431
1258.844106,335,831.948311
1696.706834,500,832.151852
965.720759,262,833.031505
1827.243352,490,833.27046
1728.909171,500,833.493644
1268.871017,342,833.635911
1666.728701,500,834.572572
1667.38413,500,834.824347
1178.198288,320,834.967834
1752.777015,500,835.17936
1705.912126,500,835.38365
1766.335049,500,836.341183
1709.481591,500,836.575554
1718.498051,500,851.806381
989.135789,271,851.908733
1705.753985,500,852.776421
1710.575369,500,853.007819
1134.99996,306,853.137302
979.428223,268,853.244354
1177.002455,321,853.369823
1613.942455,500,853.56393
912.270179,257,854.319976
1531.585424,412,854.504332
1729.010296,500,854.707895
1069.140023,295,854.823046
1113.0748,303,854.94083
1710.040476,500,855.800799
996.333086,272,855.927328
917.188054,257,856.036625
1291.632495,340,856.176172
1725.634542,500,856.374474
1764.976046,500,856.565945
1247.18319,327,857.370963
894.341013,256,857.48948
1711.678825,500,857.698475
1735.375956,500,857.896082
1411.511046,380,858.039634
1596.609252,424,858.884919
1096.141211,301,859.017834
1729.538346,500,859.221491
1222.332123,335,859.353557
1720.67516,500,859.545431
1417.22066,395,860.396438
1685.484288,500,860.613978
1698.188808,500,860.811571
1687.018344,500,861.004446
1231.196744,325,861.127928
962.052249,264,861.916082
1390.172328,374,862.078026
974.961057,281,862.192599
1447.972025,385,862.344007
1696.179116,500,862.537197
1666.712072,500,863.434005
1693.450613,500,863.65341
632.743721,197,863.735111
1710.774757,500,863.932493
1267.916224,339,864.063671
1180.16499,323,864.885468
1311.777878,352,865.055986
1692.51871,500,865.270133
1784.829821,500,865.470346
1191.040335,310,865.589822
1631.758736,500,866.499782
1807.466448,500,866.720082
951.815251,268,866.828641
1379.265664,370,866.975187
1704.693117,500,867.171909
1767.903905,467,868.060274
1731.09848,500,868.277233
1882.017435,495,868.475449
1815.784609,500,868.672651
1249.044642,327,869.485538
1134.021615,303,869.634799
1717.469184,500,869.849684
1101.978486,300,869.970404
924.246085,261,870.072519
1002.945378,269,882.009022
1016.535026,273,882.120957
1815.492893,483,883.089842
1737.251761,500,883.322855
1209.020032,324,883.46341
1129.388536,300,883.590536
753.056418,220,883.68374
1716.290111,500,884.650692
1741.003065,500,884.895262
1660.709266,500,885.139037
1784.522952,475,885.353006
1707.031131,500,886.321864
1253.996471,340,886.492086
1692.416704,500,886.718677
1357.673914,363,886.869832
1687.048922,451,887.056563
1752.570266,500,888.025768
1721.06159,500,888.264
1716.151276,500,888.480089
1652.211365,500,888.689521
1398.760905,374,888.842096
1265.224078,351,889.771787
1709.559886,500,890.005138
1389.588668,379,890.165856
1535.122558,409,890.336695
1847.347304,500,891.302235
1438.430359,385,891.497254
693.3721,209,891.593687
1185.855803,330,891.742914
1786.687571,500,891.95833
1490.134196,415,892.131047
1713.636572,500,893.120406
1770.652678,477,893.340652
1695.056566,454,893.535716
1537.68726,426,893.714379
1044.573002,278,893.827265
1699.859339,500,894.817617
1840.040639,488,895.035665
1504.631515,411,895.209601
1503.508176,412,895.378588
1733.857364,500,896.339621
1724.588504,500,896.572496
772.980356,223,896.668809
1302.584429,354,896.817064
656.165419,199,896.896968
1770.399334,500,897.102085
1702.01227,500,898.085969
1193.712143,311,898.226104
1729.748517,500,898.441111
973.298405,266,898.552834
1057.763838,282,898.670071
1596.815651,440,899.613871
1843.588844,491,899.850087
1786.762505,478,900.060172
1173.633342,311,900.190377
1257.109148,332,900.327806
1224.744735,324,901.203898
1650.274635,500,901.44897
1620.048814,500,901.666855
1699.554588,500,901.87097
1517.750279,418,902.042366
1675.566522,500,918.877586
1680.760392,500,919.07362
1657.655852,500,919.269842
1706.463479,500,919.465258
1724.178989,500,920.269083
1694.297879,473,920.45442
1661.231193,500,920.650882
1689.62058,500,920.847621
1714.779011,500,921.64484
1737.842324,500,921.842425
1084.117214,292,921.957322
1571.68796,412,922.119786
1130.043881,298,922.23663
1739.902275,500,923.082318
1671.002658,500,923.295122
1702.269669,500,923.492964
1496.767312,416,923.657738
1709.817295,500,924.555548
1524.716594,411,924.735526
1331.888226,359,924.883731
1466.005909,388,925.037633
1843.73462,500,925.231262
1010.837233,276,926.02726
1704.623209,500,926.259276
1689.596607,500,926.464015
1692.145507,500,926.660213
1716.064602,456,926.838495
955.639313,258,927.639787
1766.461384,500,927.855688
1518.489366,398,928.015338
1292.164364,355,928.152571
881.480772,251,928.250316
1441.324087,391,929.087768
1335.573592,347,929.249633
1218.21145,326,929.385291
1351.20191,368,929.535196
1838.98811,482,929.721334
1033.254266,277,929.829545
1598.485563,433,930.710693
1414.1055,374,930.87516
1754.605155,470,931.06436
1220.132506,322,931.189178
1752.267194,500,931.384097
1734.157958,500,932.299957
1272.719075,346,932.446104
1175.464094,309,932.570995
1330.549313,367,932.715339
990.98284,273,932.824304
688.070365,205,932.90469
1214.063675,328,933.737273
1538.15771,405,933.92017
1742.276034,500,934.124777
983.20909,263,934.22805
1819.111486,500,934.424566
1501.421561,397,935.2741
1703.32377,500,935.497303
1681.130997,500,935.699526
1701.425246,500,935.894364
1691.132344,500,936.781072
1742.405845,500,953.013642
1621.335798,500,953.221291
1751.171583,500,953.424422
1741.418098,500,954.390484
1218.657129,327,954.561632
1394.271766,371,954.738244
1724.39878,500,954.958467
1675.838738,454,955.149007
1724.052638,500,956.10411
1201.700805,321,956.265781
1375.25619,370,956.433297
1846.800651,492,956.6414
1769.694982,471,956.834073
1660.799173,500,957.814106
1703.264254,466,958.032794
1202.802744,325,958.174428
1245.592652,344,958.315842
1761.017418,500,958.519514
1336.814532,363,959.417924
1351.059622,363,959.597059
1701.142007,500,959.818012
1738.403181,500,960.0252
1645.08048,430,960.201273
1398.236453,360,961.111604
1735.948259,500,961.34249
1730.468384,500,961.556377
1526.520793,402,961.721269
1639.468004,500,962.689017
1778.472285,500,962.925812
701.544231,207,963.016783
1585.376453,423,963.197597
1220.133534,317,963.327558
1711.069149,500,964.265962
1736.522732,500,964.509275
1522.586238,420,964.691669
971.87976,265,964.802632
1237.312118,329,964.935993
1707.681316,462,965.808088
1803.702398,478,966.028382
1736.856,500,966.235509
1588.67125,421,966.401239
1710.520703,500,966.596229
1556.093165,407,967.478529
1807.306873,500,967.697741
1900.473585,500,967.899419
1768.225165,500,968.097583
1721.422821,500,969.038548
1659.171166,500,969.272252
1776.596215,481,969.477235
1615.028064,500,969.686315
1723.149412,500,970.647754
1492.399676,391,970.837288
1762.72648,477,971.047873
1307.355711,349,971.193261
1637.301392,500,971.396706
1360.622576,356,972.305308
1294.541812,351,972.479069
1780.964804,489,987.410995
1743.319586,500,987.605962
1009.012368,272,987.711754
1721.357206,500,988.505112
1253.974169,335,988.639242
1691.4592,500,988.836342
1342.86396,359,988.977106
1732.858555,500,989.173023
1001.429324,267,989.877585
1679.788896,452,990.056097
1008.258441,276,990.16404
1636.224858,437,990.334192
1312.895949,361,990.476731
1708.894304,500,991.274033
1664.353381,500,991.472685
1713.322799,500,991.668771
1672.378209,500,991.865665
1633.008149,500,992.664967
1713.086376,500,992.86427
1642.274605,500,993.062803
1683.958327,500,993.260515
1735.692301,500,994.060137
1590.083122,426,994.229506
1728.056886,500,994.426623
1743.701904,500,994.622206
1901.46566,500,994.817989
1793.358722,500,995.676062
1705.309385,500,995.886793
1702.818093,500,996.089844
1679.823887,500,996.286591
1742.973246,500,997.220421
1744.586422,500,997.436814
1847.486894,500,997.637927
1676.626281,500,997.83397
1759.391734,500,998.768607
1045.588254,287,998.897662
1054.810808,285,999.01857
427.708617,143,999.076358
1666.516242,500,999.278365
1730.338465,500,999.473528
818.558431,229,1000.28229
1375.252214,373,1000.449692
1782.535036,470,1000.642943
1096.4206,282,1000.754942
1143.75739,319,1000.878253
1660.762529,500,1001.813322
1710.070929,500,1002.043614
1721.806946,500,1002.251373
859.776018,236,1002.346651
1756.41791,500,1002.545151
1727.683751,500,1003.482229
1759.319504,500,1003.705218
1439.250975,387,1003.861451
1735.752603,500,1004.058112
1653.216633,500,1004.993429
1688.428855,500,1005.238827
1731.260541,500,1005.458419
1722.729159,500,1021.544357
1737.527104,500,1022.454479
1720.057334,500,1022.684201
1647.969985,500,1022.889881
1722.07381,500,1023.090799
1709.016012,500,1023.974848
1672.331552,447,1024.182557
1729.656445,500,1024.388168
1660.616063,436,1024.557879
1760.987965,500,1024.748608
1057.500842,284,1025.542893
1685.649362,452,1025.744985
853.096677,241,1025.844435
939.062197,253,1025.946298
1594.857132,429,1026.112265
1833.358908,479,1026.296288
1685.257058,435,1027.163438
1688.094598,500,1027.372178
1172.930787,322,1027.498224
1247.030493,331,1027.626399
1746.675788,500,1028.477844
1421.249319,383,1028.657103
1758.904741,500,1028.864139
1478.909125,387,1029.016207
646.216875,188,1029.09104
998.995134,267,1029.19228
1728.171601,500,1030.124539
1562.863003,412,1030.323889
1249.069188,323,1030.465508
1396.927884,372,1030.625411
1746.524509,500,1030.833251
1120.291414,306,1031.708065
1328.060062,355,1031.887826
1770.279308,500,1032.116438
1347.16938,360,1032.272242
1705.826111,500,1032.481074
1758.96903,500,1033.458027
1749.666139,500,1033.691738
1724.607036,500,1033.906791
817.044455,230,1034.001352
1561.046293,418,1034.173549
1723.018288,500,1035.129768
1567.491954,411,1035.318671
1242.508643,335,1035.459876
1249.262522,336,1035.600945
1586.433261,413,1035.768241
1717.197903,500,1036.727341
1804.007304,500,1036.955346
1635.205152,500,1037.16879
1428.04521,377,1037.325278
1751.427094,500,1038.2662
1759.449973,500,1038.507014
898.063188,252,1038.617266
1786.000036,477,1038.815309
975.547546,266,1038.923723
1366.474391,371,1039.075515
1807.790844,500,1040.051863
1017.064966,274,1040.180909
1468.55472,387,1040.346708
1491.348567,384,1040.506803
1156.081537,306,1054.412854
1482.729368,391,1055.225084
1621.474895,431,1055.415886
1829.641735,500,1055.617299
1732.24174,500,1055.810256
1572.134464,409,1055.967201
1512.042537,404,1056.822087
1764.701812,500,1057.035477
1180.917668,307,1057.157815
1092.928739,293,1057.271344
1754.48756,500,1057.460716
1764.286843,500,1058.357212
1481.645548,405,1058.527079
1784.350968,478,1058.71191
1876.634724,498,1058.897527
1702.599733,500,1059.763948
1450.982836,386,1059.933115
1847.861957,489,1060.131321
1718.393578,500,1060.323117
1700.841167,500,1061.173155
1754.770069,500,1061.40126
1713.709186,451,1061.585543
912.542539,250,1061.684618
1197.199923,314,1061.805943
1847.432569,500,1061.998019
1760.004708,500,1062.92898
1713.314443,500,1063.14181
1657.534849,446,1063.322985
1584.589025,420,1063.487438
1447.177161,387,1064.356737
1730.052069,500,1064.578994
1751.759273,500,1064.78234
1348.561947,364,1064.924727
1606.586658,442,1065.096089
1385.787386,373,1065.958125
1175.380043,311,1066.093141
1801.887631,485,1066.289041
1808.938134,500,1066.482852
473.624374,166,1066.54743
1683.549123,500,1067.444638
1127.616586,307,1067.583127
1492.694643,392,1067.74478
1044.012269,280,1067.855668
1305.563553,352,1067.992862
1385.326783,375,1068.139125
1299.964066,346,1068.986626
1518.494679,405,1069.166319
1459.430946,388,1069.327401
1849.684431,500,1069.522207
1768.534465,500,1069.716556
1647.271391,447,1070.629655
1167.48731,318,1070.765393
951.264239,255,1070.869492
1810.695343,500,1071.06864
1253.048756,328,1071.195258
1749.498232,500,1072.111811
1856.981677,500,1072.327881
1161.374592,301,1072.449792
1729.096902,500,1072.64693
1867.986565,500,1073.551038
1115.185289,299,1087.846522
1542.355518,415,1088.011298
1542.715204,410,1088.175166
1170.699014,322,1088.303142
1772.663391,463,1088.488204
1776.098109,500,1089.449222
840.461139,228,1089.55406
1248.260709,327,1089.696885
1735.687978,462,1089.887406
1114.604309,292,1090.005331
1130.003852,303,1090.1285
1570.317629,418,1091.060911
1828.681058,500,1091.278751
1178.220305,310,1091.408178
996.101709,261,1091.515009
1800.810203,500,1091.711959
1813.877628,500,1092.665244
778.166472,218,1092.763967
710.671385,199,1092.848186
1850.818225,500,1093.055354
1414.144665,375,1093.205756
1087.319857,291,1093.32095
1024.44842,268,1094.135856
1839.030153,500,1094.350404
1051.405422,295,1094.470316
750.526595,212,1094.552039
1578.724443,423,1094.713179
1270.713132,329,1094.837212
1810.059203,500,1095.730214
1675.816158,446,1095.913397
1295.536298,349,1096.04835
1459.003697,389,1096.195631
1466.571137,392,1096.340014
1825.74497,500,1097.268168
1037.141806,272,1097.392692
1732.181382,458,1097.589588
1316.223822,356,1097.736727
1754.857855,466,1097.923262
1015.676165,280,1098.772472
1515.235349,406,1098.962006
1374.52544,388,1099.127921
1745.578767,500,1099.331646
1313.903996,353,1099.473991
1329.321649,363,1100.377343
240.204064,98,1100.425919
492.64177,166,1100.506402
1257.989779,338,1100.658344
1259.552427,336,1100.802268
1008.503277,273,1100.914788
1865.666195,492,1101.113428
1303.150083,342,1101.975472
1740.832905,500,1102.204125
1113.810337,297,1102.331073
494.622619,166,1102.398947
1295.969422,349,1102.539532
1242.664728,329,1102.669195
258.102136,101,1102.70908
1134.382591,299,1103.539994
1484.720065,403,1103.718915
1028.553016,276,1103.833203
1146.878435,312,1103.959665
1556.120909,405,1104.118477
1103.042431,294,1104.232643
1292.677687,340,1105.075905
1219.737734,323,1105.224561
1751.036757,500,1105.435996
1743.985668,500,1105.635281
1716.722362,465,1105.815691
1320.336184,357,1106.675409
1347.387786,369,1117.118552
1455.987877,377,1117.260184
1578.746563,420,1117.420308
1197.740846,307,1117.53728
868.837218,236,1117.626659
1538.077489,400,1118.487056
1891.780806,500,1118.696547
1779.846077,469,1118.882253
1766.570234,500,1119.071954
1356.494455,362,1119.892191
1258.963839,326,1120.043265
793.281624,222,1120.137488
1864.234514,500,1120.337572
1546.856847,409,1120.495529
1443.195618,376,1120.639746
1734.395885,500,1121.523076
1724.26569,500,1121.728616
1131.392743,297,1121.843217
1102.717071,298,1121.956459
1067.018562,292,1122.066828
1721.126887,500,1122.941837
1707.15662,500,1123.163656
1073.003637,281,1123.277463
1808.57495,500,1123.474491
1731.032798,500,1123.667986
1895.25684,500,1124.571596
1395.731515,374,1124.726153
1679.732736,448,1124.904046
1267.715143,337,1125.039571
1272.645366,333,1125.174069
1727.906003,500,1126.047925
1899.640071,496,1126.252739
1727.049773,500,1126.452747
1617.782407,424,1126.621943
1756.039095,500,1127.492777
1512.336491,394,1127.66087
1771.681337,500,1127.862246
1832.631102,500,1128.062255
1835.437054,491,1128.938407
1743.764456,500,1129.160967
1727.06569,500,1129.365691
1490.160366,377,1129.514348
1733.542982,455,1129.685805
1686.106509,500,1130.60342
1694.363328,500,1130.812402
1691.77967,500,1131.010009
1690.33312,500,1131.200753
1048.308015,272,1132.009222
1710.272007,500,1132.233606
1642.364809,500,1132.435429
1796.168994,500,1132.629085
1710.845718,500,1133.515952
1721.027866,500,1133.740945
1673.991411,446,1133.923896
1664.302962,500,1134.122983
1002.791289,281,1134.233111
1661.711345,452,1135.108707
1533.424985,417,1135.292821
1795.566197,500,1150.946278
1630.293346,419,1151.12043
1580.585254,421,1151.292823
1797.030304,493,1152.262894
1116.73877,294,1152.398655
1862.827168,470,1152.600195
1807.614333,500,1152.806962
1601.908043,426,1153.71643
1367.494319,351,1153.894626
1763.663329,500,1154.11711
1563.295773,409,1154.289114
1897.578749,500,1154.492615
1762.516638,500,1155.442285
1678.878407,500,1155.671458
1712.819983,500,1155.883291
1771.749158,500,1156.086086
1682.711328,500,1157.029925
1343.94711,350,1157.195873
693.24576,203,1157.286545
1741.342588,500,1157.503282
1846.164265,497,1157.708437
1758.062342,500,1158.655344
1181.436204,309,1158.80117
1780.448241,464,1159.003552
1750.066382,500,1159.211143
1733.09918,500,1159.412548
1806.967372,500,1160.425095
1280.064214,347,1160.585798
471.966008,164,1160.658008
1740.13208,500,1160.875132
381.176671,135,1160.933947
492.185084,169,1161.004427
1771.295477,500,1161.980289
1805.921849,480,1162.213234
1753.744905,500,1162.431915
473.590108,164,1162.501297
1734.335728,500,1162.707954
1744.214799,500,1163.696777
1866.101882,483,1163.922431
1851.237857,500,1164.137818
1787.875266,500,1164.34477
459.245137,156,1164.410189
1735.84915,500,1165.416605
711.061751,202,1165.515366
1804.69664,465,1165.726504
278.945044,109,1165.772734
1425.692526,379,1165.934669
867.735405,224,1166.029429
861.815372,235,1166.125358
1433.695609,371,1167.03994
1925.329664,498,1167.266671
1059.771169,267,1167.381177
1365.93867,358,1167.529866
487.8844,167,1167.598473
1395.70513,361,1167.74545
1784.378516,500,1168.722497
856.382069,230,1168.827798
1296.824132,348,1168.978562
1738.163078,475,1169.177391
1643.850774,422,1169.351004
1076.563804,284,1170.23255
1434.852166,390,1170.418374
1065.567213,279,1170.539758
1091.69501,308,1170.668915
1268.00605,324,1181.65661
944.506797,256,1181.753295
1397.2632,368,1182.551132
981.366088,249,1182.667077
939.419255,254,1182.77516
901.888566,231,1182.868927
697.657016,202,1182.950093
813.045399,223,1183.037175
978.172881,267,1183.141668
1303.147265,336,1183.269026
1263.550868,326,1184.061948
731.742976,209,1184.16001
1654.591427,454,1184.352568
1048.423676,271,1184.459322
1747.156216,500,1184.653214
491.139727,167,1184.716067
1500.678551,389,1185.607896
1313.423693,361,1185.781973
1635.34095,444,1185.970611
1731.764719,500,1186.166105
1271.489007,323,1186.291484
382.301413,134,1186.343441
1732.37934,500,1187.211397
1741.332743,500,1187.428531
1613.237403,420,1187.597189
1734.890264,462,1187.776403
718.65095,200,1187.854596
1730.477057,500,1188.714096
1819.976083,482,1188.919136
1212.321161,312,1189.042307
1211.157207,313,1189.166672
1257.536142,320,1189.290884
1364.666097,363,1189.432657
1039.446633,285,1190.266562
1728.954697,500,1190.497089
1159.70967,313,1190.631938
1697.019772,460,1190.821445
779.557645,214,1190.908375
1188.895205,314,1191.768625
1512.301369,390,1191.969552
1772.029989,500,1192.195216
1748.971834,500,1192.404395
1840.893096,475,1192.597464
1844.091826,500,1193.570361
1714.08344,500,1193.798217
1214.591589,309,1193.932081
1846.416098,500,1194.13711
1721.313622,500,1195.082938
1730.215307,500,1195.327829
1743.406097,500,1195.551735
1679.717973,500,1195.764024
1747.804997,500,1196.714669
862.284698,227,1196.833254
1705.771043,500,1197.065093
1710.745798,500,1197.280737
1710.150901,500,1197.489493
1621.220339,500,1198.459867
1256.573311,320,1198.613953
1713.879736,500,1198.83465
1719.053604,500,1199.043011
1722.600865,500,1199.988329
1720.763144,500,1200.249186
1685.779115,500,1200.47659
1700.675992,500,1200.689921
1709.075124,500,1216.644268
1761.596083,500,1217.450249
1675.550997,500,1217.650867
1805.947488,500,1217.844336
1750.284201,500,1218.039381
1241.485245,336,1218.782955
1776.130304,500,1218.983816
1355.122439,367,1219.131617
1765.505323,500,1219.330699
1450.543541,381,1219.482524
1031.577235,276,1220.213492
1395.152194,361,1220.360132
1742.933659,500,1220.561303
1494.188226,407,1220.724531
1193.92797,314,1220.852037
1747.782255,452,1221.67822
1779.323569,478,1221.886434
1312.806201,360,1222.03447
1351.395649,355,1222.17561
1605.993192,420,1222.34171
1747.52691,500,1223.280643
1347.732695,356,1223.442985
1842.161892,481,1223.642516
1650.421911,438,1223.817705
853.076362,228,1223.907328
1707.579774,440,1224.803096
1853.134507,480,1225.022894
1762.474304,500,1225.232963
1707.852292,500,1225.432981
1628.053672,431,1226.30944
1926.718303,500,1226.543814
1660.190545,447,1226.729762
1371.110111,357,1226.873706
1727.134411,467,1227.057484
1749.522223,500,1227.978945
1727.985378,500,1228.199294
1357.329553,360,1228.346026
1673.478565,441,1228.519227
1354.643749,357,1228.657648
1681.890542,455,1229.57515
1323.265426,357,1229.734622
1228.903133,325,1229.869925
1765.999072,500,1230.07211
1379.000801,358,1230.215653
1822.362886,483,1231.158965
1313.169649,344,1231.309858
1092.593188,290,1231.433573
1715.485728,500,1231.635014
1208.102689,324,1231.765132
1227.188164,320,1232.600418
1488.936613,403,1232.790345
1011.468861,273,1232.906326
1299.134287,331,1233.041188
1425.043897,373,1233.1934
1737.11546,500,1233.389656
1381.289555,366,1234.249356
1709.40917,500,1234.468437
1759.962949,500,1234.670818
1784.840509,466,1234.856719
1724.313465,500,1235.830628
1212.327598,316,1248.986413
1365.541695,360,1249.134333
1762.754484,500,1249.3367
974.805937,263,1249.466978
1830.73882,486,1250.492086
885.464202,240,1250.621902
374.196738,132,1250.687227
1205.366356,313,1250.833232
316.478135,117,1250.885358
1197.568681,308,1251.018312
795.930103,219,1251.11251
1298.164724,338,1251.252121
1364.778137,367,1252.139475
1920.357374,500,1252.390795
923.612611,248,1252.503386
1392.706458,363,1252.663141
1943.414707,500,1252.869564
256.718405,101,1252.910048
1469.653106,383,1253.807427
1881.353534,500,1254.056754
1748.315819,500,1254.277306
1412.977842,367,1254.429911
310.664424,114,1254.481383
1320.294748,351,1254.628488
1752.321486,500,1255.598878
1717.628844,500,1255.82379
1363.186841,347,1255.969419
902.815667,247,1256.072116
513.129857,173,1256.143495
1774.8776,500,1257.070178
1812.800766,474,1257.302568
1713.222037,500,1257.52041
1686.46403,442,1257.700441
1023.977805,263,1257.807501
1739.711848,500,1258.766537
1890.134226,500,1259.003429
1279.566965,333,1259.149173
970.220841,255,1259.257202
1322.758715,333,1259.39627
1742.912257,447,1260.327401
1412.884426,368,1260.515693
1789.424805,500,1260.73922
1453.498037,383,1260.899016
1021.05741,268,1261.006774
1700.195236,500,1261.210212
1689.75374,500,1262.171775
1382.352939,358,1262.327609
760.788645,231,1262.424055
1312.483007,355,1262.567034
1706.023928,500,1262.766264
1631.62547,426,1263.669232
1118.896651,302,1263.803293
1711.032703,500,1264.010251
1387.053307,361,1264.155104
1005.421596,261,1264.256921
1731.080798,500,1265.18855
699.253182,204,1265.287545
1156.766355,296,1265.419365
1944.602488,499,1265.627715
1814.978878,500,1265.827577
1335.085558,339,1265.960145
1644.959303,500,1266.898762
1717.626912,500,1267.108697
1746.071367,500,1267.306746
1690.359108,500,1267.498885
1720.460261,500,1268.425004
1915.724825,500,1279.305477
881.885878,241,1279.400755
1496.396244,393,1279.556562
1751.369808,500,1280.512063
1746.172141,500,1280.664865
1741.588066,500,1280.817589
1747.294315,500,1280.969707
1737.333671,500,1281.122047
1751.086421,500,1281.274195
1778.494022,500,1281.426331
1748.96291,500,1281.579028
1802.088226,500,1281.731556
1755.119774,500,1281.884058
1739.679169,500,1282.036797
1758.474498,500,1282.189393
1747.526029,500,1282.342221
1744.064447,500,1282.495879
1751.951699,500,1282.648677
1759.692447,500,1282.801457
1749.712713,500,1282.953642
1750.162603,500,1283.105801
1761.630419,500,1283.257285
1745.326037,500,1283.408948
1752.885574,500,1283.560719
1762.481594,500,1283.711888
1753.705099,500,1283.863969
1748.297998,500,1284.015716
1758.841715,500,1284.167414
1740.513917,500,1284.319399
1745.321984,500,1284.471528
1748.962918,500,1284.623417
1767.847635,500,1284.775106
1764.358541,500,1284.926439
1743.406767,500,1285.077941
1749.687926,500,1285.229928
1740.366245,500,1285.381809
1756.37696,500,1285.533584
1757.364984,500,1285.685244
1741.232535,500,1285.837115
1745.915687,500,1285.98891
1741.824716,500,1286.14094
1759.840468,500,1286.292426
1738.528897,500,1286.443824
1749.947229,500,1286.595918
1744.814469,500,1286.747465
1744.419433,500,1286.899096
1742.72171,500,1287.050994
1743.766149,500,1287.20275
1738.240083,500,1287.35438
1775.474052,500,1287.505645
1751.937995,500,1287.657419
1765.838536,500,1287.809056
1758.619924,500,1287.960178
1756.955357,500,1288.111737
1746.992292,500,1288.262838
1736.594153,500,1288.414393
1751.77298,500,1288.566124
1744.285542,500,1288.7198
1732.444199,500,1288.87644
1762.002358,500,1289.034307
1747.173711,500,1289.194481
1798.709043,500,1289.354467
1754.765162,500,1289.51655
1752.6396,500,1289.673525
1745.773568,500,1289.832643
1742.253618,500,1289.988704
1747.935554,500,1290.145102
1758.508952,500,1290.299311
1751.489011,500,1290.452578
1745.911629,500,1290.607664
1745.672077,500,1290.763993
1744.606137,500,1290.920868
1743.728189,500,1291.073677
1737.305688,500,1291.228232
1747.923248,500,1291.381553
1752.574007,500,1291.549362
1747.186511,500,1291.715158
1735.074283,500,1291.875759
1741.160423,500,1292.029932
1754.066169,500,1292.184918
1754.705774,500,1292.337458
1739.674778,500,1292.489758
1745.26595,500,1292.641735
1757.756857,500,1292.794352
1744.487515,500,1292.946428
1732.941024,500,1293.099427
1747.995927,500,1293.254342
1743.673295,500,1293.416176
1744.535656,500,1293.575964
1757.249782,500,1293.730546
1743.555036,500,1293.886716
1761.576831,500,1294.040087
1763.614443,500,1294.20096
1748.220951,500,1294.353899
1746.034229,500,1294.521822
1750.568521,500,1294.688638
1738.414067,500,1294.842487
1739.827509,500,1294.995405
1787.121051,500,1295.148156
1739.654964,500,1295.299784
1760.774037,500,1295.451269
1753.304083,500,1295.603213
1750.575864,500,1295.755145
