#{"t_start": 1707001679.8977265, "env_id": "CustomHopper-target-v0"}
r,l,t
13.37944,30,0.431473
11.733687,15,0.437842
6.589558,11,0.44251
6.734666,14,0.448556
12.460312,21,0.457919
11.317555,18,0.465737
9.772504,15,0.47223
14.925699,22,0.481539
11.700726,13,0.487228
5.967489,15,0.493827
9.542612,13,0.499638
16.155834,18,0.507493
4.870273,12,0.512704
6.744689,9,0.518622
16.570104,20,0.52744
9.70917,15,0.534075
4.246772,9,0.538106
13.232478,17,0.545449
6.353435,18,0.553397
6.533476,11,0.55837
10.592995,15,0.564829
8.448933,11,0.56973
13.79025,21,0.579178
59.852907,39,0.596715
16.383445,33,0.612164
28.502264,23,0.626104
6.043617,8,0.629935
5.301807,12,0.635585
38.171973,29,0.649066
7.481485,9,0.653355
9.186101,11,0.658404
18.809812,22,0.668663
9.675614,12,0.67412
8.52511,14,0.680591
24.165524,26,0.692717
25.584895,20,0.701916
10.311459,13,0.708004
9.063534,14,0.714535
7.20063,14,0.723053
11.556794,34,0.738791
6.034067,10,0.743477
15.268748,19,0.752114
16.185962,20,0.761026
13.535483,19,0.769668
15.395313,19,0.778166
20.378474,30,0.791539
49.926419,36,0.807347
5.432216,11,0.812269
20.075452,23,0.824691
47.826374,58,0.850381
13.975536,15,0.856973
8.668554,14,0.863093
9.061397,13,0.868734
13.314548,15,0.875177
10.399843,14,0.88127
4.98672,11,0.886092
17.452099,25,0.897123
9.405351,11,0.9019
15.313812,24,0.912544
6.054186,8,0.916114
11.910776,27,0.930049
7.416122,11,0.935137
14.954769,15,0.941811
5.775977,10,0.946321
8.121018,10,0.95074
63.189722,44,0.969705
6.340476,17,0.977412
15.218476,18,0.985815
7.739018,14,0.992062
12.860154,19,1.000513
18.944684,20,1.01043
17.201921,17,1.017985
7.919703,11,1.022949
12.737108,15,1.031337
16.585264,18,1.039264
15.458416,20,1.048251
2.932152,23,1.058517
42.112794,43,1.078361
9.014781,12,1.083906
6.448682,11,1.088984
10.296725,31,1.103285
10.493472,12,1.108728
8.968795,13,1.114626
12.395079,15,1.121381
18.984461,18,1.131902
17.56853,27,1.145147
11.787865,18,1.154333
9.969982,19,1.163515
6.214855,9,1.168173
10.47409,20,1.177545
6.757109,12,1.183799
14.546593,18,1.192829
16.241119,22,1.204159
24.718204,24,1.216284
17.050276,24,1.228256
8.258495,11,1.235572
8.467494,19,1.244764
17.997921,19,1.254621
10.473923,13,1.261321
14.529214,17,1.269348
7.844289,11,1.274713
11.32598,15,1.281967
8.989654,16,1.28969
26.034219,39,1.30954
5.804447,12,1.316029
6.113685,17,1.324628
32.77198,26,1.339365
8.675122,14,1.346333
25.13827,28,1.360181
8.301187,11,1.36557
11.214611,14,1.372395
14.666824,22,2.211516
21.721523,25,2.226347
76.280203,69,2.268423
17.237568,29,2.285678
48.273264,33,2.304829
55.004684,68,2.345723
13.44527,14,2.355836
7.30681,9,2.361848
46.541292,71,2.403852
69.820992,49,2.431708
13.693201,16,2.441131
6.610395,28,2.460787
17.570311,18,2.471112
14.775388,18,2.482927
10.733875,18,2.493552
30.728649,30,2.510446
39.188007,32,2.529564
10.066754,12,2.536111
50.857464,38,2.556266
179.127569,94,2.607835
9.320536,29,2.624192
12.141624,13,2.631281
55.385764,52,2.659332
96.656641,56,2.690111
12.162098,16,2.698654
34.180848,27,2.712297
14.611309,17,2.72088
43.783253,37,2.739164
12.112137,22,2.750096
9.248074,11,2.755482
12.896513,16,2.765315
25.817053,29,2.779425
67.405838,57,2.807116
12.710821,30,2.821707
22.684459,20,2.831096
15.142699,20,2.840369
24.019093,26,2.852499
16.210005,16,2.859934
11.673569,13,2.867654
32.813705,46,2.889249
5.468081,19,2.898069
25.121779,42,2.916724
13.490079,17,2.924612
11.602245,19,2.93337
22.736499,22,2.943237
8.236946,12,2.948742
34.797568,32,2.963456
7.976609,12,2.970799
38.369136,29,2.983552
7.671992,14,2.989844
9.35548,12,2.995326
10.366859,28,3.00762
25.724223,44,3.026651
13.217745,15,3.033261
97.254777,53,3.05673
9.56578,12,3.061882
26.705011,25,3.074732
29.695505,37,3.091026
12.882756,18,3.099121
10.486732,12,3.104954
9.896568,14,3.111067
15.317648,27,3.122895
39.144145,48,3.144204
16.706981,36,3.160464
7.196568,33,3.177299
38.116992,28,3.189615
14.961271,30,3.202883
18.609297,21,3.21223
17.415994,24,3.222835
124.249335,92,3.998453
16.881508,24,4.012793
14.108246,15,4.021421
76.304939,45,4.047522
116.531166,65,4.083523
57.899894,44,4.109579
37.912247,31,4.126214
5.021667,27,4.140811
10.282802,19,4.150621
38.141913,54,4.178965
14.672828,15,4.186504
127.543123,79,4.228441
58.438366,56,4.255795
111.533649,70,4.289327
87.949337,50,4.31447
12.505804,33,4.330279
42.465835,55,4.355806
11.298177,14,4.362139
97.645115,54,4.387946
13.369624,21,4.399267
15.885447,18,4.407594
206.208416,106,4.455635
183.807995,117,4.508802
13.666505,24,4.520112
15.643002,27,4.532271
55.174816,42,4.550853
44.578657,33,4.564955
16.588717,17,4.572582
18.984953,30,4.585986
69.23439,55,4.612406
155.307209,86,4.649384
36.722949,31,4.662993
6.985184,9,4.667059
14.756627,33,4.68132
16.251631,17,4.688587
8.389121,11,4.693435
30.101905,26,4.706743
136.018706,71,4.737542
23.722404,22,4.748173
74.279136,44,4.768462
24.144489,24,4.779045
34.356091,32,4.79304
56.941212,61,4.821535
153.956373,92,4.860868
11.974887,15,4.867392
12.929127,26,4.878628
50.768663,39,4.895736
43.800852,33,4.912093
14.658493,17,4.91953
44.894443,33,4.934102
30.431755,33,4.948799
60.889206,44,4.968383
135.810781,72,5.806798
98.864103,58,5.843732
22.768506,22,5.856829
50.727992,36,5.877562
132.104048,89,5.930147
169.029294,89,5.97675
11.002438,16,5.985173
47.648243,43,6.007542
163.049894,81,6.04948
29.103352,29,6.063736
10.138167,13,6.069897
11.693182,13,6.076296
16.166722,17,6.084558
17.229883,37,6.102643
16.758918,16,6.111456
154.982624,93,6.156944
104.650482,70,6.189554
95.887418,52,6.213721
83.095685,55,6.240435
79.306276,51,6.263752
65.304908,40,6.282183
80.953739,51,6.307098
107.709539,81,6.346586
54.728839,40,6.364923
22.381111,24,6.37616
79.003139,47,6.397822
9.550784,12,6.403873
125.163269,65,6.434272
78.593337,52,6.46026
148.04669,81,6.498082
122.393186,65,6.528336
18.977115,19,6.539541
97.389603,53,6.564086
14.799422,17,6.572112
12.434987,17,6.580054
85.505663,49,6.60177
108.947793,59,6.628296
109.877985,61,6.657739
28.959824,26,6.66915
178.746535,105,6.715454
6.177831,8,6.71906
27.150186,35,6.735051
35.722886,33,6.750823
182.288149,93,7.577379
87.457342,56,7.608919
125.546537,65,7.645413
80.179769,47,7.674535
138.338174,91,7.726556
9.02219,10,7.732241
80.561492,47,7.758096
170.170629,81,7.803268
143.046405,71,7.839651
112.930709,61,7.871822
163.053219,79,7.910514
217.927871,101,7.9589
150.766912,79,7.998641
98.297782,54,8.024266
217.533123,104,8.075861
213.07372,101,8.124026
22.47055,21,8.134453
155.131818,79,8.171937
200.077252,102,8.221172
193.004244,90,8.264179
57.997431,42,8.285863
81.535457,46,8.307247
79.898525,46,8.328259
176.117169,93,8.370149
113.375042,65,8.401362
70.840257,42,8.420046
180.786849,98,8.463438
71.615754,42,8.483921
84.496075,51,8.506631
207.487652,107,8.552517
206.797506,110,9.351081
205.502704,96,9.408532
59.891494,36,9.42882
221.645195,101,9.485017
238.384572,114,9.546961
246.548418,112,9.605238
186.745457,95,9.65625
220.815137,109,9.712824
228.768317,105,9.764233
286.950466,130,9.826727
149.982904,77,9.862967
206.707712,101,9.90853
180.697946,90,9.950272
147.121067,78,9.984542
75.454119,45,10.004261
218.756832,99,10.048595
122.234913,64,10.075958
242.046684,115,10.126102
223.297625,105,10.170298
187.866787,100,10.212375
177.258983,100,10.25572
130.497462,70,10.284787
225.1888,108,11.064662
78.668008,50,11.092675
194.109683,97,11.149121
214.780839,107,11.205182
84.807636,50,11.230631
206.734799,105,11.284049
251.730298,130,11.348233
65.097545,39,11.366451
207.330318,111,11.418038
62.282199,37,11.435133
214.874956,105,11.483619
194.62246,100,11.528588
185.771112,97,11.573278
81.708351,50,11.595441
143.847991,78,11.629152
213.688623,103,11.675475
236.560709,113,11.727216
169.20873,87,11.76876
216.410673,102,11.813963
216.118231,102,11.860801
188.042885,96,11.904361
131.790409,68,11.935046
81.327538,47,11.957783
204.797191,111,12.761327
214.866625,101,12.818898
64.777773,38,12.838517
186.204657,105,12.894186
217.245404,108,12.947209
138.440819,72,12.983594
216.564868,116,13.03855
229.216765,110,13.090614
237.638783,108,13.139793
231.083332,117,13.193035
222.571856,108,13.239695
229.556185,117,13.290684
214.308897,112,13.337736
241.969677,117,13.38744
235.581572,114,13.434647
303.281141,123,13.485822
134.160608,74,13.515801
227.085022,109,13.56017
240.460276,113,13.607697
231.333501,106,13.649945
37.040728,28,13.661333
237.871259,110,14.437799
169.406624,86,14.481795
231.829603,111,14.538408
266.937916,136,14.603099
199.237781,98,14.649748
40.070609,28,14.662398
242.257933,125,14.719203
205.612511,100,14.762844
216.519994,105,14.806537
106.961979,61,14.833799
226.09092,106,14.878728
182.403729,92,14.919655
196.954261,97,14.960104
191.620662,97,15.000227
93.966247,56,15.024499
271.101955,133,15.077598
233.483988,122,15.128174
150.902035,77,15.158634
233.695569,105,15.201248
150.406819,80,15.233967
166.693236,84,15.267327
248.525894,111,15.998322
220.356234,107,16.056775
272.281004,121,16.116638
212.200961,108,16.167844
240.53802,120,16.221771
132.401221,76,16.256681
220.73205,101,16.300649
223.603248,116,16.351835
172.392121,95,16.393474
194.547784,104,16.436985
257.194256,124,16.490686
164.702802,86,16.527693
221.874357,107,16.573428
263.110504,130,16.626584
218.848729,104,16.670574
185.276309,92,16.707618
248.979091,115,16.755644
182.484698,86,16.790301
253.836287,113,16.83493
258.613937,123,17.632223
158.777626,77,17.675932
224.381427,99,17.726328
252.368645,120,17.787132
216.854379,106,17.836477
154.72251,77,17.871822
248.741447,114,17.923876
242.221306,108,17.970228
257.186884,123,18.023371
58.257099,34,18.037428
252.341665,116,18.087867
291.419144,126,18.138773
76.444463,46,18.157654
242.880263,120,18.207788
221.50339,106,18.261511
85.793373,50,18.284792
244.458606,117,18.334219
286.533914,128,18.388622
106.864181,59,18.412263
242.252168,119,18.461175
165.96151,87,18.497776
249.63286,112,19.271888
111.850573,65,19.310374
253.760998,116,19.368711
228.545081,117,19.426627
220.834235,109,19.476571
140.228666,74,19.511194
302.146779,141,19.571261
221.571126,111,19.619906
264.332102,110,19.665814
270.948261,116,19.715652
283.523651,135,19.770842
257.296385,115,19.819393
257.257277,116,19.865551
246.896823,119,19.914726
305.96014,139,19.969353
294.097279,122,20.018307
296.088838,129,20.068404
219.427563,107,20.110497
221.311238,108,20.824092
257.610403,118,20.890838
309.970427,153,20.969444
118.166726,65,20.999755
231.585471,112,25.31456
248.601314,115,25.36007
222.461745,105,25.402396
275.662742,136,25.457147
315.411788,151,25.518686
251.047013,116,25.565247
237.495887,112,25.611568
259.601814,120,25.658685
285.421444,126,25.708927
254.508304,120,25.757883
234.45811,112,25.803211
274.787654,128,25.855005
261.631834,121,25.903031
242.487819,110,25.94774
250.663554,120,26.629355
219.914053,113,26.685624
281.790881,137,26.753526
256.523263,128,26.813085
232.743337,110,26.864641
277.815666,124,26.92062
229.932634,111,26.972813
265.976524,128,27.02882
305.378798,127,27.084998
273.370526,118,27.13344
289.776806,133,27.191607
266.545609,116,27.241822
240.430811,119,27.29323
271.275141,120,27.344198
222.015652,106,27.38721
276.092106,116,27.43525
305.566524,138,27.49435
255.900843,115,28.281486
267.633521,118,28.343959
289.748506,129,28.412387
92.001499,51,28.437818
314.068471,129,28.502467
305.279748,131,28.565759
308.774053,141,28.629103
316.388415,128,28.687371
303.59571,131,28.744563
277.944162,122,28.798477
232.262217,105,28.842647
217.320977,104,28.888382
249.212165,110,28.934378
270.688993,121,28.987466
299.186696,130,29.040903
340.041575,146,29.102052
292.862274,124,29.152697
305.323088,131,29.951599
295.209,138,30.02843
323.913901,141,30.102507
286.519096,124,30.162132
326.745445,135,30.2282
289.554662,118,30.281788
241.318486,109,30.332606
296.890535,124,30.386102
99.612427,57,30.412382
308.784253,128,30.467712
271.277368,128,30.523798
307.41411,121,30.574552
326.237,136,30.634039
313.274348,152,30.698689
341.244371,135,30.75603
261.621659,116,30.805953
284.999059,122,31.598784
226.478745,103,31.660225
362.327425,147,31.740856
311.780672,128,31.805106
339.146176,137,31.874735
266.763132,118,31.932847
340.07716,145,32.001008
63.254237,38,32.01895
337.741741,152,32.089542
162.883585,85,32.129976
309.753975,121,32.183511
311.315993,129,32.241003
336.065349,144,32.303038
336.661322,148,32.367747
228.229967,106,32.412275
146.097817,74,32.444001
293.354596,121,32.493311
191.207191,90,32.530759
332.017498,138,33.338896
303.921509,129,33.409931
297.645182,128,33.476645
81.841135,48,33.50025
331.655195,137,33.567313
304.497578,123,33.623758
339.532915,134,33.686372
344.06353,131,33.743229
158.308229,84,33.781939
241.870901,107,33.828458
342.082989,146,33.891884
330.79577,142,33.952084
205.130781,105,33.997116
306.489615,130,34.050937
324.006067,138,34.110524
330.629776,136,34.166636
362.076653,150,34.953085
341.528802,146,35.035535
333.479873,135,35.108349
241.387186,104,35.15951
324.237869,131,35.223783
340.94617,141,35.288314
332.275542,151,35.358244
340.47409,149,35.424872
316.683354,133,35.482931
321.476439,133,35.542712
325.289439,138,35.603267
320.132328,129,35.658052
307.146904,125,35.711694
325.677476,136,35.767407
332.752507,144,35.828928
312.149971,133,36.62855
192.393866,96,36.683449
343.97824,142,36.762098
307.819933,142,36.835702
333.687912,129,36.89736
337.141947,128,36.958661
173.895892,84,36.997273
251.993869,107,37.04672
349.31353,138,37.107722
294.76263,131,37.165962
338.49309,133,37.224504
338.222067,143,37.287239
355.547103,150,37.352336
343.758924,133,37.407687
211.899999,97,37.449649
332.133692,142,37.508711
363.671128,155,38.296681
304.690065,136,38.373695
359.896377,142,38.445844
359.822116,152,38.521027
313.151298,138,38.58674
287.085244,124,38.64241
340.517435,153,38.710612
280.158831,121,38.763394
247.174089,122,38.814967
317.980703,138,38.873031
354.376404,137,38.929254
252.302872,116,38.977946
234.666028,110,39.022977
245.382483,109,39.068265
347.7525,143,39.125107
323.290638,142,39.184598
306.452044,129,39.944088
113.049631,62,39.975916
326.519857,138,40.044422
268.367913,119,40.101333
339.678082,146,40.166251
321.284363,140,40.229931
314.736593,132,40.287533
349.977088,154,40.352085
339.142579,127,40.40554
359.660053,149,40.467019
133.642106,72,40.498191
388.494139,154,40.563144
407.241042,150,40.626152
377.319513,149,40.688065
208.052977,105,40.732415
384.057738,137,40.787906
351.751642,144,41.594556
337.96964,140,41.672203
310.434359,133,41.741964
367.897895,151,41.818902
323.587166,142,41.886342
373.758367,160,41.961232
225.786229,112,42.011046
334.41529,145,42.075563
332.468703,148,42.14029
336.417965,152,42.204549
327.133527,136,42.262932
414.735515,152,42.327836
376.93325,175,42.399204
302.789935,141,42.458679
366.974794,149,43.236959
340.006043,141,43.311134
250.057021,104,43.363921
253.479077,106,43.414376
387.561279,151,43.484414
380.932353,143,43.546211
353.146805,144,43.609916
375.588565,134,43.667403
353.656707,140,43.725351
376.693887,148,43.787587
360.510009,136,43.842436
304.551553,133,43.897462
354.016759,134,43.950908
376.886031,139,44.007121
337.334311,141,44.064494
342.780847,143,44.832258
205.196352,94,44.88156
209.545237,95,44.92793
354.260583,142,44.995825
201.225289,92,45.037958
364.060992,141,45.101126
398.363342,146,45.16313
318.817758,127,50.237791
252.886362,113,50.285198
110.5019,61,50.316075
363.08528,145,50.37537
351.080591,150,50.436086
333.552002,141,50.494777
199.507686,93,50.532161
367.706364,145,50.591509
386.094126,147,50.6507
338.680714,146,51.410535
275.695318,115,51.468031
374.897554,150,51.540502
175.427453,83,51.578857
357.553192,140,51.644022
358.279134,138,51.710608
387.169362,143,51.778257
354.614825,148,51.850285
365.388161,142,51.914606
334.818562,136,51.973394
363.282957,145,52.037647
327.899846,134,52.095039
383.161347,147,52.15874
358.738871,139,52.218755
389.352942,149,52.280443
381.257751,154,53.064553
312.089027,127,53.132458
378.308365,149,53.206328
368.135894,140,53.275251
269.741376,122,53.334044
362.13923,136,53.394676
482.252427,173,53.470216
328.41217,140,53.530015
379.28013,154,53.592042
356.093029,145,53.652862
349.270366,141,53.711151
375.36078,145,53.772004
382.065939,136,53.827206
193.006731,92,53.883337
352.281916,125,53.942475
381.044595,139,54.790294
299.33137,130,54.857815
329.423681,137,54.923502
366.35629,138,54.988422
352.570306,151,55.055686
360.706402,146,55.124802
371.972323,134,55.184361
351.238814,145,55.244414
358.625931,133,55.301633
359.521023,147,55.360999
354.95085,138,55.417568
314.582386,130,55.471189
367.267379,132,55.523869
392.45963,142,55.5814
344.581551,135,55.635782
391.760221,138,56.607267
328.480666,139,56.685592
358.267248,141,56.766719
385.454722,147,56.852498
380.727992,142,56.936512
64.029217,39,56.959184
418.427332,145,57.060693
390.873876,146,57.145805
393.469514,139,57.225904
352.911974,129,57.297674
378.184553,148,57.38446
358.947552,144,57.467402
377.897489,144,57.550847
361.216633,134,57.627856
357.349919,134,57.702259
393.640029,147,58.702872
264.690945,111,58.767817
294.092434,122,58.837219
329.649128,120,58.90853
384.345473,139,58.991721
458.031159,165,59.092722
410.301174,149,59.179798
305.683835,116,59.242628
401.897553,151,59.327883
255.360856,110,59.425571
394.856342,138,59.507098
374.270325,140,59.585944
302.890177,114,59.647655
379.417087,139,59.724025
399.764276,147,59.803087
299.927025,117,59.864532
383.912884,137,60.7688
362.428229,125,60.841188
390.559046,136,60.918543
426.455496,152,61.005084
394.852874,139,61.075449
348.867869,124,61.139277
385.684523,135,61.2084
401.352009,147,61.278625
225.077046,98,61.32655
393.952492,141,61.389848
413.938988,147,61.457471
363.361729,125,61.51353
371.387845,138,61.573093
415.202436,143,61.635426
356.754094,130,61.691363
362.776201,144,62.682116
353.111485,132,62.759113
339.330214,121,62.827266
293.239206,111,62.894707
409.716027,141,62.976064
352.90061,124,63.0539
402.091506,140,63.134993
410.85646,145,63.219388
399.926982,148,63.302689
361.668892,126,63.37203
403.262878,141,63.4435
213.951435,94,63.493932
331.666982,124,63.555665
350.126327,126,63.615443
395.505341,142,63.681608
366.319323,131,63.74357
376.382483,134,64.579749
399.364935,142,64.655183
381.994187,134,64.72477
410.277901,149,64.798522
384.760785,137,64.865308
360.971202,128,64.924058
345.751448,124,64.981314
404.943112,137,65.041371
402.499715,141,65.104136
393.463359,135,65.163238
413.115711,143,65.22424
404.170785,143,65.286962
364.785174,134,65.342458
401.958198,146,65.404451
380.964206,132,66.255662
389.120109,134,66.33386
433.392775,145,66.418953
410.3964,144,66.498053
428.34906,153,66.579792
403.462185,139,66.652392
557.850722,193,66.747979
406.828716,140,66.812348
445.076182,155,66.887792
415.833771,146,66.954459
315.711349,122,67.00796
376.367299,133,67.066742
384.845841,135,67.126909
381.101218,137,67.186054
396.507628,142,67.248276
352.922496,130,68.049228
308.43768,132,68.119585
297.939105,114,68.178452
403.532679,137,68.245829
383.146461,136,68.308013
443.45001,149,68.377215
411.154552,142,68.439784
428.066243,147,68.503692
312.096163,121,68.556732
295.848894,124,68.607603
270.467691,114,68.656428
368.874092,127,68.708966
287.924045,124,68.759567
324.61362,128,68.810492
303.468488,120,68.86164
398.205528,137,69.615914
472.3086,167,69.703697
454.846431,153,69.78019
455.665553,153,69.852191
405.350628,144,69.917794
480.72038,166,69.990573
450.535142,156,70.05555
308.943372,121,70.106393
225.808734,97,70.145603
424.744728,146,70.206722
460.570882,157,70.269573
506.740594,172,70.339241
375.070974,143,70.397981
416.217301,148,70.459163
477.113306,160,71.329049
428.823655,150,71.41468
426.326764,150,71.503309
374.44711,134,71.58136
442.921751,151,71.66681
418.311042,146,71.744141
398.62265,139,71.811598
389.066206,145,71.880449
428.107398,147,71.949785
397.603979,138,77.269297
443.011032,153,77.335304
461.815016,159,77.399697
400.419471,141,77.46012
393.485546,140,77.518074
411.222569,143,78.35535
399.7071,140,78.424756
376.962642,132,78.490637
461.899748,164,78.567971
389.883856,134,78.626833
410.778192,142,78.690115
399.232295,140,78.750443
408.508837,146,78.816382
418.231361,146,78.882234
413.895184,143,78.945648
393.912982,135,79.007226
431.026008,149,79.074825
406.486156,147,79.138565
414.180884,148,79.204744
417.064434,147,79.269279
400.518148,164,80.421814
435.021638,149,80.511435
419.183595,147,80.595973
240.349252,99,80.656493
410.887904,142,80.735818
419.231755,142,80.808593
415.183393,145,80.883235
296.672121,120,80.940161
398.636827,147,81.006528
415.621631,144,81.075125
427.388483,148,81.149936
460.661149,156,81.219507
213.531498,93,81.262401
414.705249,145,81.326249
342.368333,132,82.117849
512.679436,177,82.222401
444.019268,152,82.298077
433.51478,147,82.369247
213.36115,92,82.410589
569.453671,186,82.491438
420.939222,145,82.553062
440.916699,155,82.616678
383.170428,134,82.673313
429.183107,155,82.735576
695.686049,228,82.826217
455.009236,153,82.887731
549.245425,193,82.963309
607.65159,209,83.745823
492.36263,169,83.828012
677.86295,224,83.928265
442.789808,155,83.995998
597.643849,193,84.074374
640.405075,210,84.160376
433.720194,152,84.221861
481.251834,162,84.288183
413.587964,149,84.346057
415.164754,145,84.404986
690.127962,219,84.493003
634.466572,215,85.303327
586.959478,192,85.396052
564.629712,193,85.485695
417.388664,157,85.555993
427.008991,147,85.619856
412.261141,148,85.68116
362.595231,129,85.736445
378.465836,139,85.793071
510.252579,172,85.864146
453.071565,157,85.927817
403.86841,142,85.985066
416.303503,148,86.046238
401.042057,141,86.103696
409.907336,144,86.892386
467.761514,156,86.976485
702.496315,218,87.084137
1435.252116,491,87.307347
398.728447,137,87.367753
406.453626,145,87.428414
440.682466,158,87.496416
491.932303,167,87.567407
693.275508,211,87.653865
380.997512,130,87.707254
710.977408,236,88.676028
584.360208,187,88.783746
377.953968,131,88.851557
115.47977,62,88.884961
474.98559,168,88.964294
344.539306,139,89.029636
710.124392,220,89.140662
516.119532,171,89.219714
634.652715,199,89.310896
864.360721,275,89.434862
679.246202,214,89.537107
697.333016,249,89.651749
698.913539,224,90.648271
470.862807,159,90.734499
400.494154,139,90.811244
691.7767,214,90.92139
459.212688,150,90.99197
554.518436,182,91.078575
548.914101,175,91.159022
382.005452,130,91.217359
448.355241,164,91.294003
708.95054,223,91.395247
431.138415,148,91.463104
580.282006,182,92.30218
1040.506664,329,92.466339
412.137748,141,92.562169
635.536775,200,92.6766
542.804471,175,92.766443
474.009339,161,92.847357
401.910661,139,92.913693
802.879578,250,93.028832
567.924304,181,93.109966
727.137645,232,93.214557
421.056824,150,93.283736
263.313224,120,94.143885
912.483483,302,94.293188
427.714243,176,94.371509
674.997798,222,94.467233
453.704658,152,94.530624
1121.78043,368,94.679979
484.749035,159,94.744098
206.605065,94,94.78158
537.044745,193,94.859314
1217.123137,500,95.761038
439.618487,161,95.838273
1100.556949,354,95.991524
205.33937,94,96.034092
706.307794,218,96.12699
668.621982,215,96.218527
529.010381,174,96.293888
844.915439,266,96.402654
1105.600038,433,97.287137
1013.591529,338,97.45002
835.449404,329,97.596532
672.305018,208,97.705672
1455.58658,468,97.93072
632.245827,197,98.021354
914.626602,300,116.070488
722.449372,235,116.950754
1073.460247,324,117.118055
1124.218537,353,117.28577
978.540461,344,117.443519
1456.201469,500,117.653116
1319.948385,500,118.570571
1211.998854,500,118.818188
913.055968,278,118.94119
1126.017811,486,119.145442
1254.63399,500,119.349371
1248.461285,500,120.289356
542.420902,219,120.39461
412.611132,142,120.458651
1193.122944,500,120.671025
272.039634,129,120.7267
1268.054972,500,120.93188
1277.159116,500,121.865565
830.878939,403,122.061376
449.023938,210,122.156206
1166.723851,469,122.356975
611.732561,297,122.479861
678.906964,320,122.610449
515.603097,172,123.413201
1318.345115,424,123.615976
329.748675,152,123.683835
1047.494444,500,123.896927
464.809503,224,123.989609
1082.484755,500,124.195635
1089.634513,500,125.17132
1332.401004,424,125.391086
1485.224613,500,125.637868
1463.740919,500,125.880285
971.393003,313,126.034778
781.846953,242,127.169715
1052.55288,428,127.417395
1300.14404,500,127.679226
878.623543,344,127.847668
1019.104359,317,128.01047
487.945914,212,128.128476
1207.290497,372,129.198625
1351.155829,500,129.438799
561.005017,177,129.516359
513.221417,166,129.585276
1244.426912,500,129.796122
1070.334831,328,129.938441
699.170985,277,130.959318
531.352147,176,131.061595
1311.81383,455,131.29578
420.688446,150,131.37061
1245.239992,500,131.600845
1279.112069,500,131.821756
531.177047,173,132.990567
534.10303,177,133.105522
813.203416,343,133.327003
704.088317,219,133.451501
319.074269,150,133.537275
699.663544,215,133.658002
1212.049448,431,133.915528
793.290414,244,134.066854
515.159735,184,135.26062
1243.427519,500,135.54048
1369.236693,500,135.836062
1280.095523,500,136.123262
1290.357518,500,136.427975
698.896277,220,137.597997
550.529712,177,137.700112
805.943286,252,137.842651
400.878062,139,137.923886
454.622816,161,138.017176
719.863059,225,138.145247
519.370103,170,138.241833
1327.375963,500,138.551595
1060.95289,430,149.1772
1200.080758,409,149.380672
736.542889,230,149.490319
678.249512,207,149.588737
890.720316,330,149.73866
397.612082,137,149.8004
1265.820453,500,150.019194
1607.443097,500,151.117594
1274.808538,498,151.376525
1420.770656,500,151.608027
552.919577,175,151.684645
1311.8611,401,152.653423
545.966239,174,152.755255
1209.436035,395,152.968364
734.929805,225,153.088897
1450.867632,500,153.420627
656.810648,200,153.550796
410.074934,146,153.648259
1008.242613,319,153.84391
616.447174,258,154.850781
544.962931,176,154.950138
414.956201,152,155.03815
1396.43023,500,155.321685
441.550965,148,155.406923
977.207342,318,155.583124
893.909254,271,155.720033
1080.754691,348,156.666438
1300.18019,500,156.937558
649.036345,249,157.059895
965.385558,314,157.207405
1358.668615,500,157.444651
529.17401,175,157.537039
716.194831,305,158.52841
1425.069705,500,158.805337
912.998152,326,158.968222
1092.610386,342,159.1315
644.254734,206,159.226749
820.381099,259,159.348192
1346.088651,500,160.36717
613.145038,195,160.482596
504.369087,164,160.570654
967.713852,298,160.721807
667.35779,211,160.821291
1339.836136,500,161.077829
1499.91698,500,161.34906
941.302106,315,162.641224
528.010896,178,162.745474
1168.525386,385,162.965181
733.972626,227,163.096687
945.033935,291,163.262979
1027.147324,345,163.461567
1400.213439,500,164.72328
1485.78191,500,165.016826
457.359336,152,165.110996
794.288138,247,165.291623
1382.50186,422,165.551396
1490.481264,500,165.883759
1385.833725,439,167.032472
1146.86929,395,167.262864
1293.282146,500,167.548851
1287.367522,500,167.840229
1335.032601,500,169.087873
331.276818,151,169.184539
634.586521,269,169.348099
348.766629,154,169.450278
816.519593,280,169.628493
678.137609,255,169.795924
826.115597,314,170.019775
646.20289,207,170.157506
1260.097761,396,171.428191
975.365603,324,171.612469
1201.918082,430,171.856245
1376.537207,448,172.11398
430.190024,166,172.212022
1295.27399,500,172.508367
742.040858,239,173.615757
991.260825,333,187.915396
1332.84397,456,188.114478
1233.291807,500,188.324744
299.776631,139,188.383072
404.493246,176,188.454809
363.514577,149,188.516459
1103.810573,366,189.409581
1211.000471,390,189.602432
1533.449197,487,189.823843
1190.099397,386,190.033144
1394.03642,453,190.279987
1292.777601,415,191.683722
605.290982,235,191.814325
920.585704,342,191.979742
722.80873,252,192.117798
1294.210226,428,192.318712
1449.842247,469,193.362085
1385.7486,500,193.607076
753.149227,305,193.812905
936.933601,316,194.018629
1267.377442,404,194.274964
1256.991096,404,194.570168
1326.031195,500,195.768059
1181.02031,364,195.940796
1373.477583,444,196.131577
1269.823678,500,196.335671
1412.828341,500,197.341305
1088.387886,347,197.504073
1373.556729,500,197.718176
1515.812361,491,197.920764
1340.638838,500,198.14274
1164.105213,389,199.042561
726.793547,261,199.162797
1304.102255,422,199.34965
930.560867,310,199.479579
698.12478,215,199.56783
519.262702,188,199.648313
813.934069,293,200.475363
735.147755,232,200.591921
684.345026,227,200.697215
1497.599582,500,200.905205
1284.945072,500,201.105799
867.637473,280,201.217011
697.11104,223,201.306946
1494.961873,467,202.272434
992.547303,303,202.428123
959.484255,317,202.578913
739.352373,233,202.680901
1023.73428,325,202.822061
766.320893,251,202.928501
1206.73854,390,203.872154
1337.770785,487,204.108491
936.101142,291,204.235345
993.399205,314,204.367728
717.717469,230,204.463336
1445.329549,500,204.667926
356.853028,155,205.461488
915.425765,300,205.625133
1532.656386,497,205.876031
638.89962,200,205.991335
662.787043,220,206.100711
1418.59357,491,206.354513
1461.414822,466,207.824342
1431.670799,500,208.10519
689.955033,217,208.226703
1409.381227,435,208.469068
926.240503,286,208.619416
1127.754861,369,208.806826
342.651436,146,209.702421
689.773245,259,209.848789
923.729811,290,210.000796
1387.070286,500,229.085499
1500.781176,480,229.297271
1226.9104,391,230.319091
1305.040057,500,230.596463
953.22152,295,230.751222
1461.036731,485,231.015478
1370.105471,500,231.281204
1440.813242,443,232.281036
375.768132,149,232.362472
1010.917472,318,232.523459
1194.88848,372,232.692409
1220.613284,419,232.876952
1601.723245,498,233.095522
819.683936,254,233.985381
1556.866432,500,234.234307
451.164851,161,234.308415
615.208882,198,234.3994
1457.06105,468,234.60473
844.219522,321,234.742674
883.380505,266,235.625755
1393.077434,495,235.890093
1429.005544,500,236.128928
590.497745,191,236.214873
1291.69533,404,236.391073
1530.142111,500,237.521026
1390.500988,500,237.817255
1425.236086,500,238.111761
1447.372712,500,238.38135
1321.048571,500,239.387136
646.889581,215,239.510327
1330.087251,500,239.755449
825.848192,281,239.879781
688.940191,212,239.980047
1356.511784,500,240.216993
1379.486893,500,241.309495
1274.705528,415,241.543617
1113.717295,357,241.726205
1396.367598,462,241.979988
631.937703,212,242.095325
590.627038,185,242.200426
1415.831726,439,243.273683
539.469072,194,243.388382
1377.026177,435,243.669935
724.903098,233,243.8247
1450.258237,466,244.076301
478.646878,183,244.162768
475.676489,171,244.238629
919.282546,283,245.181
1240.456484,391,245.394966
1231.556611,380,245.599453
1592.807046,500,245.828085
938.06684,289,245.951875
353.791777,146,246.012473
969.898092,304,246.939065
1373.6152,500,247.193606
1329.551356,493,247.427509
563.211619,183,247.519598
1370.100514,500,247.756442
344.089953,145,247.822327
434.647257,164,248.604965
834.473022,286,248.75178
586.989081,196,248.84305
1484.989516,475,249.046903
1412.415443,500,249.250561
1438.65524,500,249.452298
789.142358,262,250.293306
1323.898075,412,250.500655
735.790524,242,250.616579
936.334598,294,250.748533
690.08888,244,266.497651
1506.502454,500,266.792547
743.55511,262,267.898183
693.636238,217,268.020609
1135.780589,372,268.228095
650.139741,206,268.34435
929.299661,296,268.512707
1040.028578,333,268.697616
838.509784,260,268.833592
584.203456,208,268.934826
754.060992,237,269.856936
834.337306,254,270.004464
974.8209,306,270.168979
1162.467308,357,270.340253
676.259727,249,270.466204
698.01547,218,270.568689
1084.558096,332,270.718322
1213.788839,375,271.715975
1483.791633,500,271.984518
932.217914,322,272.138102
722.592401,232,272.24308
897.489066,282,272.364794
726.478281,226,272.461092
639.990072,224,272.568714
1642.345613,500,273.672797
1202.420042,378,273.869537
1464.56242,468,274.102699
1186.814465,367,274.280907
464.015418,161,274.360348
1232.298554,375,275.384816
741.989181,230,275.519225
893.143176,277,275.675344
1375.739506,438,275.902674
928.800491,304,276.054315
1434.954867,438,276.270728
587.475604,191,276.361826
950.282748,298,277.35341
903.114516,276,277.511205
1428.533605,500,277.776634
716.387363,222,277.886649
695.531605,217,277.995829
971.324783,315,278.148026
386.804235,145,278.217912
1458.454353,500,279.325117
1474.168706,500,279.604566
1089.850559,397,279.805216
1383.327447,500,280.045876
1164.932513,395,281.290326
677.291533,220,281.416487
869.367434,288,281.587027
901.879494,273,281.784135
1503.284133,500,282.098697
1203.80334,378,282.314498
931.946444,289,283.192982
1582.497966,500,283.439751
1512.766952,500,283.658628
920.884882,273,283.775816
1526.039882,500,283.986883
896.806373,276,284.875943
895.190172,286,285.032532
1515.630591,500,285.274183
1597.376528,500,285.502198
1522.309005,500,285.721594
1449.104121,500,286.715634
1462.233324,500,286.955074
1435.733027,500,287.180679
1420.686963,500,287.40516
1420.701541,500,288.386986
683.274515,213,288.494421
758.532438,230,288.603234
1088.357671,343,288.758773
874.566212,270,288.875167
1257.84295,380,289.033131
933.922883,293,296.529064
956.183769,298,297.564252
630.24873,198,297.679186
960.115676,288,297.837708
703.677778,221,297.949911
869.56841,273,298.079932
945.569253,288,298.21789
1420.612626,427,298.413956
1003.177892,304,299.431895
1538.345864,500,299.694523
952.713046,288,299.846029
1514.256862,500,300.088516
1618.189155,500,300.322645
1498.649216,500,301.364804
1509.127137,500,301.598967
1190.452115,359,301.760674
1003.849981,323,301.905545
1420.129593,440,302.094032
1421.559309,500,303.222503
1417.886361,426,303.417654
1549.453383,500,303.674669
1474.993678,500,303.905221
813.220921,290,304.844815
844.529763,248,304.958185
956.549332,287,305.085264
625.578282,189,305.165153
1325.825885,404,305.331619
637.587817,197,305.411872
890.904259,260,305.513381
1289.417808,389,306.41083
1087.760088,324,306.583987
665.704465,208,306.687765
898.514111,285,306.822118
817.129586,243,306.930279
861.518662,263,307.046269
1466.794089,500,307.260739
1418.272659,423,308.234418
962.218204,304,308.400652
1491.048754,500,308.682511
1407.458392,426,308.925643
577.400903,183,309.032596
1487.933063,500,310.218853
1465.601413,500,310.501538
1541.195733,500,310.7615
1046.800443,308,310.911956
1490.825815,500,311.141023
1012.431632,305,312.201207
907.192422,272,312.360279
1030.199513,303,312.531392
1455.661086,431,312.764235
1064.551554,316,312.929183
817.574808,249,313.065922
1503.500706,500,314.277873
869.86183,262,314.428302
1125.562018,359,314.638923
1542.189168,500,314.954536
1528.61685,500,315.228311
1344.540759,394,316.408108
1549.679548,500,316.693246
871.060095,253,316.833261
1560.326134,500,317.091417
1593.523093,500,317.346699
1548.710978,500,318.615645
984.567847,289,318.79973
912.488208,275,318.959526
652.180043,196,319.073148
1540.679279,500,319.373706
1595.31796,500,320.496644
655.996596,195,337.87545
829.90984,238,337.977371
1065.585218,316,338.110789
1380.13163,422,338.287488
1055.477315,313,338.42202
1530.635429,500,339.378408
606.494827,187,339.474939
823.247962,241,339.587719
660.857386,196,339.676058
936.976143,265,339.787926
876.558981,255,339.895518
651.971236,192,339.975109
1197.578481,359,340.123475
893.171486,265,340.231857
1153.109403,329,341.15846
1176.984971,346,341.326567
1074.805933,315,341.468497
930.186986,275,341.587074
1111.028315,318,341.720012
1672.492108,486,341.918971
660.019507,193,342.753844
1578.501684,500,342.98807
1421.8771,406,343.172083
1525.105013,500,343.387862
673.027551,200,343.476475
871.30719,252,343.590283
926.453143,263,344.542072
845.054213,241,344.66098
742.488309,216,344.766649
1104.602579,321,344.918039
674.943305,199,345.006405
1067.338068,305,345.134503
1079.553156,316,345.26691
1074.045147,316,346.170745
673.75296,204,346.272669
1034.082916,298,346.410513
1050.151208,300,346.541417
947.033167,271,346.654142
863.152766,249,346.756463
1587.396141,500,346.976385
1174.742802,336,347.844628
669.170467,201,347.938882
603.963607,176,348.018245
1369.788443,396,348.194319
941.863959,267,348.312133
970.411668,277,348.428708
871.887069,251,348.530426
882.175041,258,348.633119
903.136452,255,349.540027
807.968495,229,349.648648
1390.720352,397,349.825229
979.442117,287,349.945845
838.082662,240,350.04612
690.01006,217,350.137625
1206.344523,346,350.278882
1696.626662,500,351.287816
945.136025,280,351.423915
1528.515726,500,351.662101
995.325354,286,351.799812
1589.332709,500,352.028899
1114.990658,319,352.964802
1085.145248,307,353.128818
1156.55056,331,353.29246
1209.279697,354,353.458502
1676.615056,483,353.686234
1574.629495,500,354.772794
991.118381,302,354.954027
1020.614931,314,355.137003
1026.544643,295,355.295864
1452.427746,500,355.5401
1575.033076,500,356.567685
1576.532079,500,356.841549
273.610132,117,356.903658
381.177431,144,356.985103
915.167651,267,357.128549
906.80284,270,357.267547
920.883449,256,357.391767
940.953201,268,357.532955
1013.441924,327,358.518911
1558.570266,500,377.084474
1633.604141,500,377.303656
1623.647249,500,377.551245
1652.918405,500,378.593822
364.852852,140,378.667916
915.817695,267,378.802625
976.809967,281,378.936472
797.530767,227,379.038275
1661.072164,474,379.258988
1418.837416,401,379.43415
1420.111629,416,380.395721
1442.269207,414,380.594623
1511.341734,500,380.843971
202.17543,88,380.897459
934.049973,270,381.051455
1010.843013,294,381.200068
1170.521195,380,382.276867
1587.222155,500,382.549031
1586.149838,500,382.78173
1564.832401,500,382.991755
1472.279869,425,383.914204
1557.601189,500,384.172813
767.205703,258,384.291798
1541.285332,500,384.51701
1530.683461,500,384.736613
1526.568195,500,385.711072
1528.319614,500,385.948034
1156.418081,339,386.093696
1514.649905,500,386.306235
1171.889844,337,386.447242
1178.911871,340,387.335042
1499.296965,438,387.545034
1585.11422,469,387.750651
1049.542813,307,387.881651
1123.383305,326,388.016543
1059.138488,307,388.916941
949.189125,272,389.072384
974.69773,284,389.222821
1190.503967,347,389.384246
1483.347945,430,389.570863
1444.087001,415,389.748244
1416.70041,400,390.658974
1133.826147,321,390.817564
988.899591,294,390.953014
1211.401403,389,391.121309
1185.050061,338,391.265231
1170.820131,328,391.40828
1441.980448,411,392.403754
1219.281381,363,392.579709
657.651873,204,392.672153
919.549183,274,392.791657
882.248011,255,392.899004
948.454196,281,393.014817
902.947232,258,393.119064
773.700792,223,393.209974
1595.666593,500,394.173345
1426.891309,431,394.373961
1561.361078,500,394.60123
1140.492775,322,394.740793
1596.615783,500,395.819318
1572.526621,500,396.058902
878.480972,253,396.168258
929.102615,272,396.283585
910.944267,261,396.390923
745.562352,216,396.479278
959.185304,271,396.593099
953.187346,278,397.411102
1202.29839,349,397.575538
663.565626,199,397.662099
234.625281,98,397.70545
1026.342746,295,414.558897
1628.346881,500,414.76681
644.551785,191,414.847359
1430.609188,401,415.843713
853.247652,245,415.983773
1121.756284,317,416.189436
890.166649,254,416.33474
416.328949,142,416.417312
1173.500524,333,416.601095
1005.146285,295,416.757533
867.539953,251,416.887463
1489.026803,500,418.107027
1042.537864,296,418.280401
635.639829,178,418.383645
752.823805,211,418.502342
822.12633,236,418.632876
1549.868215,500,418.897954
750.941831,220,419.848416
725.457289,212,419.96716
754.360458,215,420.085137
708.491884,204,420.19979
740.678804,212,420.308253
655.075831,193,420.403702
1511.596928,500,420.639573
905.553603,256,420.754798
904.271447,261,421.686999
1164.737708,335,421.871533
1561.929838,500,422.144814
1721.57917,487,422.398915
799.455483,231,422.525848
751.82849,221,422.642326
1638.4825,500,423.738534
1678.006457,500,423.985659
1548.358348,500,424.211423
1660.046779,500,424.432837
912.829454,264,424.555383
1532.640147,500,425.589939
873.249537,248,425.718175
1104.356871,311,425.873017
1008.698281,309,426.021417
1656.690043,500,426.251123
1073.129487,303,427.404464
1625.781948,500,427.687803
890.859835,257,427.834216
979.243062,279,427.98947
1641.822247,500,428.242453
916.648395,272,428.366415
1178.996862,331,429.290716
1218.552265,354,429.507245
1446.131984,407,429.741141
1203.635959,338,429.913793
883.143577,257,430.083283
1591.83301,500,430.376059
1629.523348,500,431.722643
1004.90775,285,431.882064
1572.283132,500,432.160641
85.178661,51,432.188793
1557.459908,444,432.411862
1620.686042,500,433.467331
1566.962005,500,433.751613
1077.76754,318,433.916702
902.303019,252,434.04213
1590.833179,500,434.286524
641.429682,190,434.38099
79.751212,48,434.403589
898.199442,263,435.488948
628.788786,181,435.597983
1607.671983,500,435.890522
992.933396,277,436.049659
1041.081631,300,436.219724
1360.845309,391,436.441914
1062.004327,294,437.576649
1301.754379,383,437.791929
1560.709886,500,438.091984
1656.876435,500,454.991484
1199.551176,350,455.138911
1573.061657,500,456.172182
1370.874256,396,456.351662
1652.561098,500,456.561059
970.678056,279,456.674079
1644.589008,500,456.875972
1545.001545,500,457.841911
1127.877729,346,458.029549
1586.403676,500,458.302565
1451.879123,416,458.493425
512.344753,157,458.56518
1534.643963,500,459.549976
1583.430671,500,459.776849
1186.049877,335,459.915506
1497.724644,500,460.12574
1568.481398,500,461.031781
1552.199279,500,461.276789
1588.380012,500,461.526367
925.435577,263,461.639293
1555.062068,500,461.846058
958.616074,280,462.695015
1204.259815,339,462.868578
1644.985541,500,463.106068
1568.547798,500,463.32176
1136.617535,325,463.4556
1590.505231,500,464.419675
709.709605,224,464.534443
1631.986763,500,464.757233
1571.012074,500,464.958478
1215.193998,351,465.09623
944.599346,270,465.892632
1586.149449,500,466.129209
1671.071047,500,466.341949
1558.136776,500,466.542583
1649.678242,500,466.738931
1008.722426,305,467.575208
1213.586206,345,467.727681
872.408069,245,467.83193
1603.223128,500,468.038961
1628.884045,500,468.247553
1618.224715,500,469.240711
691.96001,199,469.330682
1559.063914,500,469.543505
1670.025643,500,469.74803
782.755579,223,469.8418
759.295478,219,469.982682
788.992884,217,470.936079
1588.727504,500,471.161996
1580.90283,500,471.372013
944.403651,272,471.482428
1568.691123,500,471.677655
1299.555574,385,472.545887
865.516192,243,472.655432
794.829087,228,472.753589
1601.95464,500,472.954564
720.607137,207,473.03712
1628.83942,500,473.234028
217.861291,92,473.27101
1485.842396,436,474.17116
1651.650417,472,474.371537
1069.717802,304,474.492687
1342.039036,380,474.642604
1614.282942,500,492.793896
1620.700967,457,493.052285
1599.371891,500,493.373139
1146.220229,388,493.592149
1563.532853,500,493.884438
767.837228,222,494.876563
1165.86017,348,495.076173
1535.918327,500,495.361064
425.553073,143,495.439968
985.187097,277,495.600919
1561.374161,500,495.88574
951.153569,272,496.839569
689.936635,204,496.955979
1155.753591,342,497.147074
1579.999166,500,497.429316
673.833042,196,497.539086
1604.323477,500,497.781072
1129.18415,336,498.66444
1514.549666,500,498.915617
1518.288686,500,499.142026
1502.945096,500,499.354289
936.01578,264,499.462621
1283.997717,382,500.376989
1529.711358,442,500.597571
1655.671332,478,500.809868
1485.323282,428,500.990114
1548.605198,500,501.199919
719.016476,221,502.046995
1408.977208,394,502.243093
1525.244967,500,502.465889
694.041108,199,502.551158
1558.042407,449,502.736293
1660.614278,500,503.713593
641.204997,201,503.818727
1609.187428,500,504.061987
580.77668,169,504.140116
680.885049,209,504.23786
1672.398328,500,504.461938
669.647085,194,504.548517
800.007444,235,505.402123
1619.645727,500,505.647436
690.933247,200,505.73647
983.015301,291,505.86092
701.266046,196,505.946623
707.800641,199,506.032051
897.633739,251,506.137617
621.397165,204,506.221997
777.455436,228,507.065316
1592.568111,500,507.310308
1577.238031,500,507.529172
880.523395,257,507.638384
1543.682394,500,507.845649
1540.465095,500,508.821769
1530.280639,500,509.065696
907.616126,264,509.184078
1451.305806,419,509.376044
1565.652036,500,509.606528
952.598063,269,510.529488
677.993275,191,510.627405
1128.781807,311,510.791416
925.791113,264,510.928708
380.390986,137,511.000123
627.296997,179,511.089824
1620.878602,500,511.330679
745.449505,211,512.263542
1146.012258,339,512.453425
700.529528,200,512.565138
906.211529,254,512.699505
1723.277666,500,512.933406
1146.217091,323,513.070436
693.225189,198,513.152974
958.474915,268,513.979172
797.941235,228,525.716094
704.94833,214,525.805202
856.917802,244,525.904712
1612.77546,467,526.125662
686.586341,203,526.214027
1643.254881,500,526.443242
968.46168,273,527.477607
1612.459197,500,527.697724
1671.545318,480,527.88774
779.639118,228,527.978629
1167.583607,337,528.115764
1549.459076,500,529.074408
1617.213118,500,529.306626
844.097135,236,529.405699
1207.948821,364,529.552896
1611.393351,500,529.753047
667.062795,214,529.837512
960.16747,286,530.717775
1186.813097,356,530.881814
1027.504437,300,531.006929
1009.478902,284,531.135663
1598.688967,500,531.367277
834.603295,274,531.485131
944.478127,274,532.293336
1464.104383,418,532.484634
625.709671,180,532.561856
1195.15229,346,532.711816
1614.890864,500,532.922825
1482.58962,425,533.100641
866.855823,252,533.98323
1651.46685,500,534.209813
1723.680465,493,534.417238
1073.858987,308,534.542397
1174.042832,336,534.674937
1608.637004,500,535.765555
1038.50397,301,535.934879
966.886854,286,536.074051
986.813994,288,536.203749
1497.418676,420,536.382892
726.989443,216,536.476554
1654.508615,500,537.400706
1554.023117,500,537.632002
916.708493,269,537.751552
1640.434946,500,537.966219
1151.88823,325,538.100475
1184.921999,338,538.968839
1240.807547,350,539.131449
1254.039096,360,539.286798
1497.835715,435,539.469316
970.558178,287,539.584482
1226.981074,350,539.720166
828.737307,233,540.501438
670.297326,205,540.600141
984.120276,280,540.723476
1513.007342,425,540.899936
1778.974837,500,541.099002
932.045069,251,541.1977
1555.547545,439,542.098378
1426.655039,415,542.288097
1236.153363,346,542.430788
1522.086679,439,542.60502
1011.498379,286,542.717134
972.121912,273,542.820767
1564.073699,500,543.749279
218.267384,93,543.791974
679.398828,204,543.880015
1593.947257,500,544.083882
1561.963376,500,544.281297
1535.034114,500,545.165927
1004.612942,287,545.29961
1548.752139,500,563.44408
1657.215418,500,563.697908
978.255223,287,563.870297
1550.813924,500,565.145299
1575.749145,500,565.417645
1589.015883,500,565.666432
1132.944776,319,565.816694
1597.104933,500,566.047184
1598.290642,500,567.172886
1578.968434,500,567.446686
1591.471889,500,567.68956
1209.219207,344,567.846684
1441.673249,400,568.816788
1577.11737,500,569.090182
1616.773055,500,569.326501
1577.055111,500,569.545944
1577.441617,500,570.515973
1604.485788,500,570.799716
976.85868,290,570.945721
1589.634774,500,571.177238
1099.339881,313,571.314489
1551.35702,435,572.249315
1077.484738,300,572.417965
205.451701,88,572.467465
1711.613436,500,572.723053
928.832996,265,572.855186
926.421816,265,572.981675
1211.764183,364,573.15743
1195.164727,334,574.164078
1165.447869,322,574.350284
1616.39843,500,574.608073
1200.726217,335,574.76114
936.051163,286,574.887995
1148.312834,323,575.028263
1109.332979,314,575.923026
945.928861,268,576.072194
1332.754503,378,576.256987
1641.798991,500,576.488755
912.332087,260,576.602806
1622.309422,500,576.811286
928.289799,265,577.691013
865.079793,254,577.822695
720.371925,207,577.92034
1651.683454,500,578.142503
1115.631796,315,578.275736
552.721957,182,578.352309
1002.413819,286,578.468575
833.188064,246,579.34453
677.784138,194,579.442226
938.486889,257,579.566641
1659.147918,465,579.780501
901.682705,274,579.90798
910.92519,262,580.031937
1708.911677,500,581.06451
1656.862775,500,581.341819
1649.875725,500,581.592617
1201.856251,345,581.752723
958.676611,286,581.882318
1302.516922,361,582.808547
1053.898926,283,582.962597
1476.128487,410,583.159684
1598.002915,500,583.386395
1603.107589,500,583.599354
1694.871632,500,584.602054
1645.006154,500,584.858425
1498.930602,419,601.175957
670.353774,188,601.257581
730.593468,217,601.351826
1543.181142,432,601.560095
1648.311996,500,602.553509
1632.620388,500,602.790618
744.927151,219,602.889205
1190.032741,344,603.036376
764.552927,222,603.130641
955.612028,273,603.253252
1599.448177,500,604.32649
1633.120378,500,604.571918
1353.258703,376,604.737785
1293.608549,368,604.953264
1331.498932,368,605.124694
879.330622,242,605.985183
673.496138,197,606.079155
685.73515,202,606.169576
214.077333,90,606.208076
1603.06723,500,606.429084
1748.254141,500,606.634391
769.712854,212,606.720788
1580.359707,500,607.727792
1606.036611,500,607.93926
1126.494832,311,608.068317
1609.21752,500,608.27204
1148.757399,330,608.408168
973.900688,273,609.317182
1613.777053,500,609.53584
1578.534466,500,609.739618
1651.139514,500,609.931955
809.322615,230,610.03813
1481.779827,420,610.997986
1574.483825,500,611.218375
1471.834044,409,611.392763
1190.992668,345,611.533424
1650.159828,500,612.447782
1594.905351,500,612.685534
1216.78715,334,612.824057
1635.900554,500,613.024709
1587.743543,500,613.219776
1618.34167,500,614.171397
1557.790292,500,614.392338
780.637518,220,614.484991
1618.312529,500,614.695964
1608.199216,500,614.904375
1604.281562,500,615.850037
1630.180593,500,616.06017
1077.008634,304,616.181937
1555.001301,446,616.359159
1754.145887,500,617.29829
1005.394761,288,617.430711
948.413639,269,617.547347
1560.068579,446,617.729842
1249.89788,360,617.874954
815.453403,232,617.968205
1616.764884,500,618.912151
996.583931,291,619.043544
1636.208298,500,619.259667
1312.029164,368,619.407693
927.67343,266,619.513734
1502.710042,426,620.376882
1629.053571,500,620.609209
960.880846,274,620.729807
1591.950437,500,620.937126
697.626591,202,637.270128
744.3971,216,637.370981
1215.197493,353,638.348287
934.826197,272,638.504602
737.426606,203,638.61494
1239.21358,353,638.794974
995.06786,285,638.934586
1184.53332,339,639.091065
897.472596,251,639.200792
1627.958955,500,640.17568
853.325477,236,640.299751
1627.466928,500,640.536204
716.375218,200,640.625713
1644.689177,500,640.841509
1215.665431,356,640.990714
1111.20792,311,641.896344
1544.519961,441,642.110553
958.491097,271,642.23493
1209.669478,337,642.379465
1637.112733,500,642.58883
979.058906,270,643.441729
1644.631992,500,643.704798
681.84333,203,643.800211
1485.723449,417,643.992481
1584.698385,500,644.21068
912.424582,259,644.318769
1625.095341,500,645.327843
1204.031164,348,645.503576
1642.330308,500,645.730748
1629.596911,500,645.946196
1601.414407,500,646.921943
1582.535259,500,647.169796
1622.167014,500,647.390344
990.781474,294,647.517631
1613.372402,500,647.728002
921.811531,263,648.62038
1522.575126,444,648.844639
844.21343,240,648.955851
1734.25272,500,649.177707
1129.915635,327,649.31555
1033.581784,300,649.440366
1041.173352,291,650.333896
1349.775123,387,650.527148
1216.407875,348,650.685955
1016.469879,297,650.817007
1088.358294,309,650.946532
1202.713469,339,651.085897
1000.492032,295,651.982411
1523.972754,430,652.21429
1284.026678,347,652.378041
1018.97536,288,652.504906
915.640446,264,652.621168
1358.487367,395,652.794624
1259.577093,351,653.758654
1156.896505,329,653.937208
1642.288419,500,654.180825
1491.09771,421,654.374378
1267.537421,367,654.537424
991.585564,296,655.450834
1675.261177,500,655.714511
1409.644522,401,655.900671
1531.667449,437,656.086288
1621.188549,500,656.29289
1633.596589,456,657.250824
836.643014,248,657.365705
1633.734906,500,657.575533
1495.614988,436,657.749904
1603.18082,500,672.791287
1130.10305,318,673.637621
212.747065,92,673.680196
1732.203164,489,673.894176
1616.315836,500,674.095236
1651.030345,500,674.296813
1687.70984,500,675.293587
1714.569011,500,675.529573
1574.716199,439,675.721952
1706.737917,480,675.922477
1612.503021,500,676.89142
1596.047304,500,677.140762
1676.335625,500,677.372027
997.911106,289,677.504719
1212.894822,348,677.663048
1639.535789,500,679.030381
1610.943988,500,679.323408
1637.41352,500,679.661555
1055.577557,300,679.875251
1615.09661,500,680.20861
1663.805194,500,681.402588
1623.433686,500,681.706403
1499.272838,420,681.973703
1639.916458,500,682.25813
1228.240996,366,683.375597
1667.715958,500,683.652607
968.578214,287,683.80243
1228.930666,348,683.968538
1630.869088,500,684.216216
209.15367,92,684.259649
978.247395,285,685.273779
1151.872581,333,685.462098
1742.234986,491,685.723749
1698.231958,500,685.946973
1612.23831,459,686.1396
1538.997972,443,687.153132
1674.492167,500,687.457092
1651.717529,500,687.720833
979.850916,296,687.869786
1644.890429,500,689.018199
1204.041824,359,689.224128
213.112571,94,689.277953
1709.250515,500,689.535296
1665.150429,500,689.757343
960.092827,294,689.88168
1229.134035,348,690.77769
1645.105985,500,691.036915
1462.943398,429,691.230427
1689.923954,500,691.442384
976.901099,294,691.562121
1243.348224,360,692.442035
750.228131,228,692.551496
1039.971422,296,692.681792
963.972369,287,692.801783
1179.413539,336,692.938621
1126.632472,320,693.068007
1666.03874,500,694.034881
1611.790881,500,694.28382
1670.034126,500,694.501642
1220.643943,348,694.643807
1435.650185,405,694.808099
1741.444885,500,710.474507
1647.879084,500,710.691454
942.304384,269,710.810735
1634.346454,500,711.026419
996.79991,289,711.157672
1624.497238,500,712.219222
1325.3414,382,712.409864
1697.334223,473,712.626169
1435.765061,397,712.7973
1643.357099,500,713.752144
1243.700925,344,713.941646
1639.495702,500,714.20866
1134.549524,319,714.361826
1630.176393,500,714.590796
828.304658,239,714.695109
1637.742718,500,715.778636
1728.782056,489,716.022295
1113.453509,307,716.1672
1632.963841,500,716.393896
1678.977694,500,717.388098
1656.047282,500,717.683092
1620.747523,500,717.927446
1614.705788,500,718.161587
1196.542522,347,718.31453
1163.563627,327,719.273211
995.018216,295,719.429704
964.474305,282,719.562066
1666.603802,500,719.784073
1497.814381,427,719.964823
931.452536,269,720.075921
1587.104574,457,721.054024
1420.375242,400,721.247022
1649.772838,500,721.472835
1643.431705,500,721.690915
1234.682498,352,722.605663
1598.299495,500,722.84112
1606.003317,500,723.055875
1630.554919,500,723.268755
1217.121602,349,723.424319
207.75163,92,724.206758
1623.526142,500,724.449505
1618.717523,500,724.676304
1650.257157,500,724.88565
213.883814,93,724.925706
1655.80687,500,725.867479
1627.975477,500,726.139622
1039.354614,297,726.274105
1610.738149,500,726.48293
216.727233,95,726.521766
1758.393603,487,726.716906
1626.033398,500,727.695475
1116.750224,318,727.840059
1209.184061,346,727.985375
1618.855487,500,728.190136
1621.627858,500,729.128287
1444.777214,399,729.323802
1455.094905,411,729.504984
1644.326455,500,729.73395
1626.557535,500,729.953363
980.535183,286,730.823962
1550.100081,437,731.022772
1222.231635,345,747.569473
1680.268876,500,747.797296
1151.310492,325,747.944729
990.612056,287,748.067769
1642.638929,500,749.0117
1642.474775,500,749.230112
1227.240302,355,749.379222
1245.227155,354,749.522021
1116.654947,317,749.648244
1154.098065,327,750.599352
1230.827259,345,750.792673
1220.068087,347,750.979963
1218.167335,341,751.147453
1645.94084,500,751.378693
1334.566461,379,752.285646
1174.722007,324,752.450949
1655.746682,500,752.675063
1636.314432,500,752.884877
1236.718618,358,753.033145
1631.286296,500,753.990407
1632.724798,500,754.227354
1606.235207,500,754.442342
1078.525688,305,754.567519
1685.309867,500,754.76788
1594.755625,500,755.715971
1604.379413,500,755.929488
1606.39809,500,756.131705
1695.551114,500,756.327739
1628.710913,500,757.255795
1704.096825,500,757.468966
1626.600447,500,757.671133
1621.920142,500,757.867841
1568.526326,438,758.753263
1619.148732,500,758.96521
1128.292862,319,759.093084
1609.956661,500,759.289523
1102.451348,310,759.408396
1670.755753,500,760.306686
1727.349579,500,760.51316
1617.380708,500,760.707148
1553.117521,451,760.877447
1655.75678,500,761.767841
1636.217783,500,761.981751
696.492082,207,762.064492
1219.17901,334,762.195718
991.052909,275,762.304339
1484.553045,418,762.467477
1717.946068,475,763.37492
1643.307557,500,763.583372
960.902273,270,763.692131
1690.481019,500,763.890893
1618.770793,500,764.78884
963.658951,277,764.915782
1321.700328,371,765.074309
1623.641828,500,765.27554
1616.865432,500,765.47145
1626.541579,500,766.382308
1165.778358,324,766.529655
1703.285617,483,766.729329
1185.5885,331,782.713136
1224.275276,365,782.86826
1649.172552,500,783.87078
1675.044904,500,784.119274
1632.959051,500,784.340994
1638.259748,500,784.553304
1635.970589,500,785.577622
1639.50423,500,785.845273
1412.588388,394,786.029897
1736.577778,500,786.263214
1262.779141,358,786.419965
963.600969,277,787.307293
1343.176251,382,787.499676
1194.544581,335,787.650549
1640.943026,500,787.870595
1661.431962,500,788.084552
1337.58859,386,789.020104
981.718892,284,789.162504
1671.353421,500,789.406384
1234.80027,345,789.55762
1633.566372,500,789.774572
1598.297496,500,790.788074
1619.942744,500,791.050864
746.47188,220,791.155905
1730.393346,500,791.381147
1413.88672,395,791.556331
1580.342344,456,792.533711
1629.136055,500,792.764653
1254.164716,362,792.925694
1749.832853,500,793.139416
1619.202493,500,794.139559
997.677978,290,794.296723
1496.878943,419,794.496593
1620.662249,500,794.71713
1169.330466,324,794.853915
1489.952028,420,795.763443
970.214024,288,795.915271
1174.183154,326,796.071997
1665.691853,500,796.293484
1661.330185,500,796.506659
1473.808386,420,797.425494
993.954806,288,797.57776
974.221267,278,797.705778
970.77,282,797.830316
1665.705782,500,798.044007
1240.957495,353,798.193206
1471.94009,421,799.101976
1476.55331,420,799.30965
1475.784749,417,799.493692
953.088604,275,799.611742
1652.78921,500,799.819058
1301.630091,381,800.691502
977.343858,297,800.843055
1237.044419,369,801.008914
1638.768585,500,801.223267
1658.943576,500,801.433672
1273.675145,362,802.326505
1087.661311,315,802.496324
1062.559197,307,802.641926
1724.395027,500,802.858919
1209.816005,339,803.003112
819.651383,239,818.251702
1326.678705,381,819.124714
1608.825904,500,819.358633
1637.335149,500,819.576106
1158.126759,326,819.710894
1635.753795,500,819.915231
940.343041,269,820.744008
1673.153011,500,820.975008
1660.589552,500,821.181888
1647.575016,500,821.391463
983.521252,283,821.509281
1608.313934,452,822.456473
1549.440311,447,822.651833
1662.475942,500,822.857603
1724.015671,500,823.061157
1624.71268,500,824.000285
1682.958658,500,824.227049
1023.360739,285,824.345088
1499.371741,425,824.515503
978.669977,288,824.629724
1748.894705,500,825.557184
1659.243708,500,825.786923
1200.225821,348,825.934964
1654.759991,500,826.13785
1164.723294,325,826.267977
1663.108316,500,827.212365
1650.705485,500,827.428046
945.350457,256,827.531832
967.794984,283,827.642877
1139.239266,321,827.767047
758.364741,218,827.851152
1120.421808,314,828.696919
1632.947336,500,828.92294
1618.48873,500,829.130219
1621.725434,500,829.33065
1759.412255,500,830.237547
1238.14708,348,830.402298
1249.550372,360,830.556386
1628.94615,500,830.763333
966.790598,271,830.882073
1603.944983,500,831.817637
1228.0554,364,832.004493
982.238371,275,832.13503
1642.668731,500,832.359484
1629.377585,500,832.570464
1667.683475,500,833.554335
1027.562988,288,833.693967
1666.503375,500,833.914874
1616.901412,500,834.125701
1279.590905,366,834.279604
985.784508,280,834.396237
1630.416412,500,835.372007
963.097824,280,835.503376
1651.260812,500,835.719519
1632.742937,500,835.925226
1681.586972,500,836.907318
1773.542948,496,837.13625
1652.838182,500,837.348295
1645.989946,500,837.557171
1675.273574,500,857.139713
966.680914,284,857.299963
1671.249298,500,857.575037
1243.323341,363,857.771699
1382.627881,391,857.976171
1424.281376,410,859.148527
1574.05959,455,859.41116
1668.481337,500,859.683386
1675.629394,500,859.90922
1664.511663,500,860.117398
1654.684279,500,861.189615
1692.716675,500,861.448757
1672.72731,500,861.68072
1664.389316,500,861.894649
1630.465043,500,862.864782
1676.140311,500,863.085032
1262.55119,366,863.234372
932.253699,268,863.341065
1578.359182,445,863.515947
1011.691655,293,864.363988
1084.47565,312,864.522512
1654.860315,500,864.751375
1665.172103,500,864.960586
1243.432995,363,865.109614
1584.603395,500,866.062818
1212.433431,331,866.211322
1649.248162,500,866.418264
961.253617,275,866.529256
1672.641629,500,866.730805
1654.056653,500,867.681409
1097.677966,308,867.82661
1610.791679,500,868.054282
1564.634843,450,868.247326
1640.552439,500,869.172552
1634.709603,500,869.408382
1627.726389,500,869.640475
1627.393875,500,869.858974
1632.877626,500,870.849051
1607.024309,500,871.101043
1030.636821,298,871.24077
1668.149773,500,871.460803
1027.988209,293,871.584153
1723.70485,500,872.71153
1631.722387,500,872.953166
959.223724,289,873.07986
1488.578105,429,873.258718
962.090141,291,873.377964
1605.508055,500,874.307519
683.465053,215,874.421489
1640.488698,500,874.659831
1216.743463,353,874.814066
1789.793809,496,875.015893
1633.101666,500,875.926729
1658.931367,500,876.15507
1645.725668,500,876.360949
1258.877698,364,876.506635
879.978811,243,876.604903
684.077434,218,876.692901
1074.396255,312,877.599147
1249.480189,353,895.474936
1247.959023,352,895.663836
1643.795219,500,895.92526
1614.803278,500,896.182978
1656.627766,500,897.481869
1654.213717,500,897.74161
1640.200655,500,897.993903
1274.381977,366,898.180082
1532.496369,442,899.437141
1607.548888,500,899.729525
1687.238328,500,900.000092
1631.505521,500,900.264396
958.618569,280,900.406849
1332.304536,374,901.463216
1255.04907,360,901.64772
1223.962252,336,901.804272
935.288204,285,901.933573
1236.11132,337,902.079834
1219.774487,363,902.228334
1045.43921,296,903.070976
1652.02889,500,903.314098
1033.677099,297,903.447331
1638.573837,500,903.662594
1766.037121,500,903.866459
988.946224,290,904.685332
964.779781,276,904.809516
1536.085676,437,904.991169
1641.996132,500,905.190343
937.292902,259,905.292595
1008.130356,291,905.406735
679.368823,216,906.233286
1058.826614,301,906.387501
1486.73306,445,906.591248
1653.058512,500,906.845806
1236.043404,345,907.045583
947.500402,267,907.186907
1354.437454,382,908.278913
1280.961811,360,908.492238
674.069092,189,908.592019
1649.891242,500,908.840445
658.790905,185,908.930378
1774.248653,500,910.107851
1644.012279,500,910.383898
922.985372,251,910.503094
1639.094663,500,910.728563
1645.148042,500,910.945639
1640.226426,500,911.962185
1609.896812,500,912.25415
1262.104442,353,912.448138
1628.52421,500,912.744226
1653.148245,500,913.953391
1612.390451,500,914.232116
1654.557007,500,914.45985
1303.213024,366,914.612844
1678.731322,500,914.821189
1645.089202,500,915.795468
1643.93673,500,916.015482
1638.20604,500,916.22313
1660.412695,500,916.424542
1643.116882,500,917.581174
1660.225649,500,934.171683
1215.635313,339,934.313117
1635.331116,500,934.520445
1665.178752,500,935.500137
922.76155,272,935.64847
1631.508699,500,935.8876
1677.602871,500,936.108138
1342.273917,379,936.268895
972.317778,291,936.388563
1638.124673,500,937.417182
1652.565008,500,937.649292
1157.618191,332,937.793876
1706.149972,500,938.005966
1694.950049,500,938.967133
972.25502,287,939.102764
1217.45754,341,939.251538
1644.655009,500,939.460492
1617.142601,500,939.663672
1496.029254,423,940.548166
1666.441118,500,940.768217
897.530053,254,940.872864
1563.02943,446,941.052652
1268.628337,366,941.199806
1663.46503,500,942.119717
1214.565469,341,942.275254
1262.273479,354,942.422187
1250.040016,346,942.562608
1286.582232,368,942.707235
1630.17954,500,943.596681
714.168142,212,943.695856
1198.054511,340,943.838958
1672.945717,500,944.042792
1232.830583,366,944.192384
1745.520789,500,945.051636
1642.781038,500,945.287071
1253.557072,362,945.437034
1649.337012,500,945.632643
1688.030493,500,945.823519
1253.066251,361,946.628134
1421.728886,394,946.800392
973.711549,271,946.911932
1632.851638,500,947.109945
1167.531667,324,947.234849
1675.729817,500,948.089855
1640.976888,500,948.315968
926.401442,267,948.424933
1662.927238,500,948.621927
999.364891,294,948.73452
1164.630674,330,948.859493
1303.470515,371,949.709364
1487.811999,411,949.889068
1655.477445,500,950.091069
1271.888625,363,950.230005
993.044025,283,950.340155
1154.700529,320,951.17219
1620.915121,500,951.398457
974.241145,282,951.514997
1237.948777,346,951.653647
946.803146,269,951.758994
1628.517103,500,952.644917
1148.035825,325,952.801179
964.604325,275,952.921061
978.465731,285,953.041147
1664.834836,500,967.29258
1318.286027,376,967.445845
1275.498955,358,968.325017
1629.2907,500,968.574163
1212.120119,342,968.730732
979.600833,280,968.852174
988.272073,284,968.973113
987.198275,288,969.095297
1642.632353,500,970.093833
995.592079,282,970.231803
1678.83892,500,970.458025
972.579273,280,970.581388
1244.9041,356,970.730771
973.891458,283,970.853601
1631.780318,500,971.884845
1636.241858,500,972.118132
1660.711302,500,972.336274
1258.270596,365,972.492165
978.408332,282,972.610175
1657.5764,500,973.615253
1664.629723,500,973.841353
1638.36401,500,974.05622
1649.193789,500,974.271453
1651.251966,500,975.260543
942.715058,261,975.382119
1625.121093,500,975.598832
1614.626376,500,975.813165
1756.876665,491,976.801287
1666.201184,500,977.042768
1669.041108,500,977.260185
975.03251,277,977.377965
877.984345,256,977.484212
1465.639731,404,978.389747
1642.436482,500,978.647593
1447.410466,404,978.830421
1650.497653,500,979.041489
1639.594563,500,979.25059
1675.892581,500,980.244315
697.178757,205,980.340252
1642.419926,500,980.557946
999.634101,291,980.678825
1260.086944,351,980.81811
1278.450169,351,981.673605
1678.637633,500,981.912054
1761.802303,500,982.126253
872.39608,245,982.228296
1665.716195,500,982.430276
1040.429576,294,983.34784
1669.733693,500,983.59456
1703.641627,500,983.81099
1644.573921,500,984.017839
1229.831496,353,984.166763
1660.703592,500,985.106651
943.739405,262,985.23335
1170.273677,326,985.371795
911.105966,251,985.476283
927.570355,257,985.594121
1667.767625,500,985.804424
1729.120015,500,986.779287
1680.612826,500,987.007994
1240.899688,358,987.171202
992.752729,288,987.298389
1248.264428,349,1001.90678
1648.511518,500,1002.874357
939.220024,271,1002.998533
1647.115336,500,1003.212211
1675.4366,500,1003.429314
1642.863121,500,1004.372318
1656.032033,500,1004.604305
971.557474,280,1004.719702
878.032663,247,1004.818681
1297.64412,372,1004.962098
994.670143,293,1005.076294
1667.466971,500,1006.142608
918.347424,249,1006.260813
1688.212078,500,1006.474645
1280.902247,353,1006.631351
1671.23312,500,1006.857961
1254.149772,347,1007.721223
1260.558592,360,1007.887624
1771.602886,500,1008.095555
1672.327248,500,1008.293196
723.437854,216,1008.378509
1664.356067,500,1009.263824
692.83776,205,1009.360622
1029.752524,297,1009.490108
1670.547896,500,1009.693058
1660.559373,500,1009.890636
1688.719726,500,1010.776109
1688.356972,500,1011.004379
1669.462066,500,1011.207904
1670.613935,500,1011.403003
1264.54506,369,1011.548412
1641.860719,448,1012.490906
1012.508639,293,1012.632864
1016.108738,291,1012.761966
1598.478561,455,1012.95102
1698.860739,500,1013.158489
1501.27845,429,1014.065659
1672.5122,500,1014.294824
1541.339602,440,1014.478188
1671.639412,500,1014.677409
1665.634708,500,1015.600729
1650.418789,500,1015.831787
1681.118024,500,1016.039758
1671.43385,500,1016.238328
1164.724517,321,1016.367415
1674.160901,500,1017.311671
1023.589716,294,1017.444149
1692.862647,500,1017.65166
1687.907653,500,1017.849274
1665.3946,500,1018.773622
1689.180234,500,1019.004395
1668.205369,500,1019.218374
1687.900747,500,1019.420662
1662.024611,500,1020.328987
1678.447174,500,1020.562072
1641.919298,500,1020.771055
1737.106685,500,1020.97311
695.737594,210,1021.0585
1650.965656,500,1037.897545
1652.469183,500,1038.125477
1538.957799,425,1038.324542
1662.793354,500,1038.555255
1685.994742,500,1039.631804
1684.837606,500,1039.911017
1674.98849,500,1040.186162
1689.966063,500,1040.432222
1830.214873,500,1041.472489
1677.713592,500,1041.723848
1668.620923,500,1041.941955
788.371823,218,1042.032486
1657.534657,500,1042.235027
1668.252798,500,1043.180102
1643.933892,500,1043.404235
990.06522,275,1043.524493
1625.661107,500,1043.745135
1642.624051,500,1044.777049
1651.450635,500,1045.015154
1700.459834,500,1045.233371
1679.361739,500,1045.435807
1116.818445,313,1045.560099
1721.452924,500,1046.466259
1642.415114,500,1046.694127
1692.223021,500,1046.896808
1261.555129,352,1047.034875
1648.749103,500,1047.993824
1626.781794,500,1048.241078
1641.57151,500,1048.512359
1619.836168,500,1048.760308
1649.395954,500,1049.732697
1664.696781,500,1050.000234
1674.661801,500,1050.236202
1643.755436,500,1050.445217
1648.124484,500,1050.653211
1677.877587,500,1051.672363
1613.992447,451,1051.864313
1709.77319,500,1052.067912
1788.344994,500,1052.282528
1662.033955,500,1053.246181
1498.397163,419,1053.446534
1666.362221,500,1053.663644
1274.758429,369,1053.816916
1661.496621,500,1055.060249
1655.701931,500,1055.342636
1679.421601,500,1055.585925
1669.496383,500,1055.796658
1434.033103,410,1055.961564
1687.492153,500,1056.926411
1656.903509,500,1057.132861
1769.248787,500,1057.329946
1020.191848,291,1057.44477
1687.820924,500,1058.459201
1659.266797,500,1075.787441
1559.279078,442,1075.961754
994.502077,286,1076.074157
1687.392416,500,1076.270986
1662.431282,500,1077.136528
986.139632,281,1077.259131
1649.659007,500,1077.466689
1560.820266,445,1077.647202
1700.301502,500,1078.578395
1665.00574,500,1078.817436
1642.436594,500,1079.029463
968.919825,276,1079.139675
1284.955366,365,1079.285576
1211.178098,326,1080.128702
1668.298202,500,1080.371977
1664.201553,500,1080.587001
1650.540116,500,1080.791138
1269.469887,358,1080.937265
1007.980527,296,1081.909741
1654.277337,500,1082.18488
1682.212358,500,1082.438958
1660.204597,500,1082.673573
1642.115526,500,1083.763888
1810.184223,500,1084.025237
1779.207333,496,1084.323931
1287.747597,365,1084.500744
1702.264229,500,1084.733377
1676.224769,500,1085.9132
1272.70294,367,1086.105559
1601.020996,452,1086.319154
1595.789855,451,1086.52301
1780.834959,500,1087.701009
1659.916941,500,1087.974947
1665.21778,500,1088.208863
1671.063608,500,1088.433944
988.840673,301,1088.579421
1543.021051,447,1089.604252
1669.608232,500,1089.830532
1660.324384,500,1090.045043
1693.888281,500,1090.252767
1676.527783,500,1091.373616
1321.39262,369,1091.567286
1671.673039,500,1091.831113
1658.727384,500,1092.068183
1661.853268,500,1093.082783
706.906177,212,1093.201522
1246.617313,350,1093.381863
1467.300397,415,1093.573961
1671.985264,500,1093.800563
990.411592,286,1093.929331
1283.541537,370,1094.902677
1665.317822,500,1095.158066
1653.650855,500,1095.385614
1666.580239,500,1095.602745
1555.205944,448,1096.564364
1264.404764,373,1096.762115
1006.22052,305,1096.905729
1255.827238,347,1114.266739
1676.215173,500,1114.493196
704.000893,211,1114.589284
1641.801393,500,1115.606139
1288.866655,365,1115.792468
995.437936,292,1115.931145
1699.581729,500,1116.159416
1655.764912,500,1116.394105
1582.281463,461,1117.456812
1649.859744,500,1117.717514
1662.968127,500,1117.954351
1668.647476,500,1118.207945
1628.089758,500,1119.26945
1654.797054,500,1119.51788
1189.923242,330,1119.668807
1638.563936,500,1119.881829
1685.46637,500,1120.896655
1046.093581,288,1121.058274
1383.862302,390,1121.254755
1619.87684,456,1121.460738
1633.064943,500,1121.674387
1703.42263,500,1122.656025
1679.181023,500,1122.904265
857.44121,242,1123.013289
1245.277528,354,1123.170701
1751.641651,485,1123.377348
1236.37149,337,1124.25288
1660.944533,500,1124.496886
968.480521,280,1124.620076
1643.847436,500,1124.833745
1541.843431,440,1125.01439
1690.219495,500,1125.940174
1216.560447,335,1126.097363
1695.324739,500,1126.313681
1239.603456,354,1126.459745
1690.529824,473,1126.657961
1254.809806,343,1127.595353
1712.378302,500,1127.811188
1671.995273,500,1128.011083
1177.392359,334,1128.146286
1190.74813,335,1128.282933
1684.425792,500,1129.321511
1663.884116,500,1129.557811
1741.050784,500,1129.81178
1659.48996,500,1130.030648
1655.203608,500,1131.033874
1660.874651,500,1131.26026
963.623699,282,1131.381607
1695.808041,500,1131.590672
1697.689168,500,1131.794861
1253.692508,353,1132.682259
1747.852195,500,1132.908521
1693.376711,500,1133.12125
1665.925664,500,1133.352712
1654.089336,500,1134.474981
1663.255165,500,1134.710324
1267.700359,366,1134.866045
1581.375708,457,1152.593486
1652.767411,500,1153.610186
1671.070774,500,1153.872585
1695.633909,500,1154.126495
1022.702904,297,1154.30896
1663.365598,500,1154.56087
1798.306765,498,1155.698463
1547.170573,429,1155.957888
993.752163,291,1156.128064
1659.780952,500,1156.400033
1700.603654,500,1156.645706
789.379239,224,1157.592484
1802.61629,496,1157.86686
1673.420501,500,1158.106369
1671.753944,500,1158.336112
910.312914,259,1158.456199
1718.79612,500,1159.732624
1667.207619,500,1159.988875
1667.716276,500,1160.226337
1797.221421,500,1160.451181
1259.653229,365,1161.489409
1514.198558,431,1161.715837
1666.389688,500,1161.94925
1728.466592,500,1162.186057
1706.637269,500,1163.299433
1683.126742,500,1163.584735
986.36506,289,1163.737591
1790.777137,500,1163.99414
1663.769301,500,1164.295229
1647.257473,500,1165.459431
1678.995904,500,1165.73975
1732.982734,500,1166.016928
1676.882071,500,1166.298688
1592.694607,456,1167.328778
991.892649,292,1167.47113
1679.046531,500,1167.693087
1215.780161,334,1167.8358
1267.13744,351,1167.983072
1676.852133,500,1168.943238
969.798758,280,1169.089351
1227.257539,348,1169.250969
997.794506,293,1169.380728
1248.871449,342,1169.523795
1662.052104,500,1169.728118
1731.542047,500,1170.760017
1689.646609,500,1171.031904
1548.581081,430,1171.252934
1223.243165,337,1171.426906
1705.519041,500,1172.456078
1710.017372,471,1172.709716
1682.084925,500,1172.937584
1298.598969,360,1173.092286
1373.230172,383,1173.258408
1673.122027,500,1174.280547
948.963981,269,1174.430972
950.410229,275,1174.573759
1687.282833,500,1174.822725
951.976787,276,1174.946591
937.593879,269,1191.490461
1280.38437,359,1192.384863
1683.586016,500,1192.646852
1660.847661,500,1192.883225
839.509056,236,1192.985844
1647.961089,500,1193.201553
1701.664456,500,1194.304983
1677.774004,500,1194.611238
1687.744315,500,1194.858848
1672.544168,500,1195.087943
1655.326694,500,1196.132461
1701.463166,500,1196.3804
840.302856,241,1196.516153
1528.375906,420,1196.739512
1343.912616,382,1196.954308
1670.488087,500,1198.111325
947.803302,272,1198.246838
1200.391814,333,1198.402449
1685.065879,500,1198.621972
983.094744,285,1198.745344
1671.18343,500,1199.748347
1661.762315,500,1199.976947
1690.439975,500,1200.193181
1293.14312,372,1200.347142
1684.959982,500,1200.54794
1576.889215,444,1201.537846
1015.807215,291,1201.675577
1671.89545,500,1201.89173
1279.048554,359,1202.044516
1640.757531,500,1203.027794
1004.986656,288,1203.178775
1664.251168,500,1203.410323
1140.799616,319,1203.54559
1699.529565,500,1203.746576
1657.999541,500,1204.66773
1676.149793,500,1204.923321
1665.157699,500,1205.148005
912.331461,255,1205.260035
1650.262874,500,1205.507659
1662.343201,500,1206.464214
1648.989811,500,1206.683452
1678.0899,500,1206.88964
1647.257631,500,1207.091627
1681.379856,500,1208.056363
1659.053057,500,1208.275901
1254.306944,356,1208.419611
1651.234326,500,1208.621448
1668.400697,500,1209.537591
1665.223866,500,1209.771411
1664.764457,500,1209.990194
1674.771986,500,1210.200791
1675.895642,500,1210.409388
1655.366335,500,1211.395654
1750.308038,500,1211.609637
1662.76512,500,1211.821774
1658.630405,500,1212.026126
987.258014,285,1228.92034
1666.682388,500,1229.128486
1273.584418,356,1229.278002
1688.344103,500,1229.4945
1674.415776,500,1230.486157
991.287513,289,1230.645862
1654.976716,500,1230.886613
1666.580756,500,1231.104788
1668.1379,500,1231.317511
1666.618644,500,1232.297219
1488.880881,418,1232.500428
1752.304482,500,1232.722627
1460.40082,406,1232.894759
895.371537,259,1233.006298
1669.513334,500,1234.019296
1291.396859,371,1234.195942
1665.726449,500,1234.415588
1277.265176,358,1234.567496
1668.474859,500,1234.773095
1686.218552,500,1235.757689
1347.828277,390,1235.938558
1477.654481,411,1236.121363
1655.945328,500,1236.339179
1270.191625,365,1237.241964
1656.045913,500,1237.491384
1659.87381,500,1237.713898
1061.252035,300,1237.841496
1677.137689,500,1238.049521
1657.724292,500,1239.027392
1746.191974,500,1239.261189
1700.864892,500,1239.481941
973.489546,282,1239.646603
1020.286855,300,1239.834985
1694.450495,500,1240.967802
1654.407346,500,1241.241021
1688.223438,500,1241.486619
1684.467407,500,1241.714273
1656.407226,500,1242.761715
1654.762403,500,1243.008801
1277.823318,358,1243.166125
1086.714506,309,1243.297076
1688.568381,500,1243.507813
1683.847196,500,1244.515207
1187.530866,333,1244.676399
1670.701616,500,1244.895486
1330.645503,385,1245.059011
1646.163665,500,1246.015666
1491.63887,417,1246.22422
1701.120901,500,1246.452259
1229.309311,350,1246.606943
972.787806,291,1246.742188
1253.728201,357,1246.909214
883.666276,244,1247.815744
1673.768726,500,1248.059482
1660.876057,500,1248.27793
1689.939743,500,1248.4879
1655.126208,500,1249.452995
1680.400191,500,1264.170855
1683.216689,500,1264.369199
1661.987254,500,1264.565554
1666.670516,500,1265.405261
901.712555,257,1265.526674
1656.572539,500,1265.748881
1482.276213,406,1265.920609
1727.811131,500,1266.128285
1656.143294,500,1267.135208
1665.764243,500,1267.40481
1653.720973,500,1267.642426
1210.164389,340,1267.792478
903.475887,256,1267.900045
1163.961444,318,1268.808408
1656.298163,500,1269.078718
1653.90125,500,1269.310371
1689.79089,500,1269.524465
1671.342895,500,1270.480862
1677.404881,500,1270.736611
1435.678734,395,1270.918076
1696.071318,500,1271.147468
1553.290602,442,1271.346756
1646.986851,500,1272.420438
1502.091659,419,1272.648008
1696.829985,500,1272.902658
1644.323813,500,1273.139393
1652.010119,500,1274.183986
1262.267206,357,1274.380684
1263.087788,354,1274.551916
1673.886978,500,1274.77579
1304.623236,374,1274.946123
1188.607898,322,1275.882439
1665.883805,500,1276.146746
1654.687787,500,1276.384255
1667.376203,500,1276.601426
1659.86223,500,1277.550678
1677.667657,500,1277.819355
1686.572445,500,1278.053845
980.220256,282,1278.179508
1231.930804,343,1278.32803
1656.617032,500,1279.289524
1651.653832,500,1279.545162
1523.637459,426,1279.746765
1667.539165,500,1279.967776
1685.14533,500,1280.958167
876.419681,247,1281.100807
937.580452,268,1281.245427
950.226599,272,1281.38658
1655.376934,500,1281.625317
1260.111913,360,1281.790576
950.313436,272,1281.913418
1682.638394,500,1282.972273
1441.329721,399,1283.168435
1665.677073,500,1283.400929
1652.930917,500,1283.61495
1654.330674,457,1284.569342
1256.075048,354,1284.748368
1659.097912,500,1300.757733
1670.391592,500,1300.980792
1665.570524,500,1301.207752
1278.247771,355,1302.23638
1222.521619,339,1302.394801
1665.6317,500,1302.60484
1510.384683,413,1302.771474
1655.26518,500,1303.71207
1685.374445,500,1303.96872
1685.896713,500,1304.211933
1656.756318,500,1304.449942
972.6268,286,1304.588466
1723.624419,500,1305.648192
1662.51853,500,1305.978947
1663.099965,500,1306.281851
1265.701341,364,1306.501775
1685.438082,500,1307.841979
1697.336298,500,1308.136982
1642.856426,500,1308.446321
960.794848,275,1308.611661
1677.01454,500,1308.910738
1688.14836,500,1310.235292
1673.09081,500,1310.516972
1661.721871,500,1310.797065
1314.902975,364,1311.010511
1646.815144,500,1312.211532
1657.70648,500,1312.497556
1680.529249,500,1312.822551
1688.048962,500,1313.119031
1188.671332,323,1313.313131
1665.350958,500,1314.673073
1657.509359,500,1314.965571
1668.622076,500,1315.259291
1666.443315,500,1315.557767
1415.139852,393,1316.949787
1238.787914,344,1317.165532
1687.392263,500,1317.471591
1677.088056,500,1317.768216
1705.602927,500,1319.209689
1678.456655,500,1319.518257
957.581589,281,1319.70936
886.706201,248,1319.856189
1228.656216,346,1320.06619
1682.219972,500,1320.358498
1666.343384,500,1321.88618
1246.445841,348,1322.107818
1253.785874,345,1322.353686
1690.141239,500,1322.676637
1301.805114,370,1322.892084
1383.264008,381,1324.322368
1283.548917,362,1324.538941
1684.626749,500,1324.844606
1775.403696,483,1325.157257
1509.821929,416,1325.408223
1228.686933,338,1326.719505
1658.030931,500,1327.033037
1395.483254,385,1327.295698
1677.609556,500,1348.86011
1732.686518,500,1349.898411
1574.954605,434,1350.134867
1662.938783,500,1350.370337
1671.596066,500,1350.59583
1681.76748,500,1351.571876
1784.301143,491,1351.850616
1698.436038,500,1352.099154
1646.105551,500,1352.351136
1683.449067,500,1353.413955
1667.911092,500,1353.688276
1664.467078,500,1353.924777
1698.688272,500,1354.146271
1826.490753,499,1354.354873
1673.653142,500,1355.437728
1005.333451,278,1355.58268
1655.055272,500,1355.817637
1665.982776,500,1356.053391
1519.210884,410,1357.084266
1679.194943,500,1357.383953
1294.634884,365,1357.567118
1677.128609,500,1357.803992
1240.216961,353,1357.964602
1274.472021,361,1358.993106
1512.867837,423,1359.224795
1685.111406,500,1359.470609
1673.997853,500,1359.714325
1664.282548,500,1359.942586
1671.960301,500,1361.067342
1673.458073,500,1361.306855
1673.21299,500,1361.523889
1709.329389,500,1361.735781
1682.767302,500,1362.74445
987.893819,288,1362.889213
1678.098305,500,1363.130125
999.053277,276,1363.259064
1016.362635,282,1363.384594
1671.665843,500,1364.472464
960.09751,276,1364.626522
1545.864044,429,1364.855616
934.791778,258,1364.985129
1803.102363,500,1365.213819
1668.395558,500,1366.326436
1340.141581,374,1366.603004
1688.594781,500,1366.912743
1702.718706,500,1367.21082
1512.922778,420,1367.479863
1667.137472,500,1368.610304
1548.527506,419,1368.853248
1662.941553,500,1369.138132
1673.1802,500,1369.425696
1258.628389,348,1370.457888
1552.750555,431,1370.702468
1383.377775,382,1370.908229
1785.335273,500,1371.148551
947.039986,274,1371.275324
1689.105804,500,1388.823047
705.965184,208,1388.918627
1681.493305,500,1389.172899
941.910743,269,1389.298993
1549.615097,440,1389.498307
1671.965416,500,1390.524899
982.669761,284,1390.667517
1696.653128,500,1390.891233
1660.61893,500,1391.09694
1670.165789,500,1391.308919
1535.097702,435,1392.235692
994.838098,291,1392.370692
1687.730631,500,1392.593472
1586.854052,439,1392.772676
993.118428,274,1392.883136
929.8951,270,1392.991941
1661.264572,500,1393.959614
1655.129961,500,1394.17549
1676.717446,500,1394.40388
1701.726461,500,1394.619109
1780.804314,500,1395.587078
1696.635906,500,1395.802905
1580.779783,443,1395.983467
1164.809648,316,1396.106713
1676.303527,500,1397.070508
742.315545,215,1397.173193
1681.847719,500,1397.389956
1219.255344,334,1397.528807
1656.304068,500,1397.732525
1224.338794,347,1397.873102
1146.837183,307,1398.726097
969.095952,276,1398.849565
808.703218,222,1398.94459
1544.21497,430,1399.119038
771.273465,228,1399.209768
1685.103784,500,1399.410659
1795.971196,495,1400.344834
1667.371727,500,1400.567788
1205.596951,329,1400.720857
1250.147042,358,1400.872755
1673.891888,500,1401.076457
1188.93802,325,1401.948415
1680.789724,500,1402.168132
1223.808534,335,1402.304088
1663.296241,500,1402.506866
1682.938205,500,1403.50845
1548.376714,425,1403.706727
1673.593576,500,1403.916586
1163.25976,323,1404.048687
754.616986,223,1404.14332
1504.073288,413,1404.316559
843.066995,236,1405.185816
946.439123,268,1405.328262
968.81997,278,1405.462585
1190.064764,331,1405.620628
969.077729,276,1405.747908
901.652914,244,1405.855578
1736.785426,500,1406.866305
996.937796,287,1407.024204
1711.228269,500,1407.271969
1679.419846,500,1407.493969
1678.715269,500,1407.707783
1245.055817,342,1408.749858
1685.271329,500,1425.889899
1289.118869,364,1426.062531
1724.397565,481,1426.282405
1236.203858,345,1426.440938
1682.753669,500,1427.511287
1159.327566,309,1427.677641
1728.079672,500,1427.921589
1758.739921,479,1428.133235
1523.222265,425,1428.314782
1678.834467,500,1429.31825
1183.211841,326,1429.474591
1688.734695,500,1429.69161
1342.221041,379,1429.862764
1667.592204,500,1431.342561
1507.104507,412,1431.575874
941.360675,274,1431.734054
1252.97067,361,1431.938886
1201.505935,332,1432.122899
1702.636669,500,1432.401266
1559.105671,430,1433.482518
1678.803563,500,1433.773086
1684.443581,500,1434.035384
905.126661,256,1434.158432
1695.281631,500,1435.304655
1671.075656,500,1435.606281
1173.291292,322,1435.826273
1696.179855,500,1436.156119
1657.147249,500,1436.445163
960.269431,283,1437.438489
1670.50361,500,1437.731
1674.792902,500,1438.019171
1666.304935,500,1438.271601
1678.699064,500,1439.476282
1429.276285,404,1439.70731
1717.631059,500,1439.986389
1483.682623,404,1440.1881
1703.638223,500,1440.413445
754.923611,215,1441.263362
1681.643357,500,1441.539568
1725.615877,500,1441.782001
1693.739294,500,1442.014032
1693.062343,500,1442.24207
1809.996353,500,1443.314774
1261.11509,345,1443.478233
1681.371057,500,1443.706133
1677.719266,500,1443.923346
926.643084,260,1444.782146
1680.832895,500,1445.039068
1681.990783,500,1445.266278
1242.400595,337,1445.409652
1691.817027,500,1445.617041
1606.42406,450,1446.593541
1557.087632,429,1446.811928
1357.107728,382,1446.98988
694.13899,207,1447.082862
1668.204551,500,1447.295756
1698.293716,500,1448.410264
1702.525081,500,1465.226102
1542.482829,426,1465.39469
1781.175069,487,1465.587521
