#{"t_start": 1707012298.7014668, "env_id": "CustomHopper-udr-v0"}
r,l,t
10.525839,16,0.401187
11.958925,18,0.408657
14.297196,15,0.414699
6.411523,12,0.419542
7.641187,13,0.424821
12.396524,16,0.431328
10.300968,16,0.437817
9.326671,14,0.443335
3.445095,7,0.446265
20.271144,25,0.456547
8.191575,12,0.461491
12.57389,16,0.468023
5.466967,8,0.471326
12.426491,16,0.477772
3.589201,12,0.482673
4.126359,8,0.485865
8.688107,19,0.495437
16.492389,18,0.502769
3.043951,9,0.506462
12.588905,16,0.512822
2.517782,18,0.520206
6.56008,9,0.523998
16.895181,19,0.531689
10.078333,11,0.53611
11.26564,18,0.543364
4.924636,9,0.54703
52.073333,32,0.559887
12.540554,33,0.573481
47.790726,27,0.585058
7.009434,14,0.59119
48.182873,35,0.608385
10.814574,14,0.614345
9.435894,21,0.623341
10.981497,13,0.628836
9.447475,16,0.63587
20.751608,24,0.64637
31.875174,24,0.656802
9.636583,11,0.661698
7.964988,14,0.667839
5.44439,13,0.673831
5.739716,27,0.685637
6.117672,15,0.692368
17.455916,25,0.705302
16.658511,17,0.713018
12.456114,19,0.721956
14.802318,19,0.730548
19.243359,30,0.74396
69.823072,38,0.760614
5.648808,10,0.76518
29.431519,26,0.776675
66.674852,53,0.802209
11.29598,11,0.807124
14.172883,18,0.814883
8.442657,14,0.82087
12.592075,15,0.827345
10.176222,14,0.833344
6.866498,10,0.837756
15.391944,24,0.848394
6.881487,10,0.852686
7.154724,14,0.858843
20.066587,18,0.866828
14.140936,16,0.873763
14.328222,19,0.881971
5.129652,10,0.886377
9.774637,11,0.891059
5.104193,10,0.895653
9.045364,12,0.902673
90.382989,50,0.924288
5.70472,10,0.928619
18.07621,25,0.939167
23.680509,19,0.947191
7.690648,14,0.953113
9.98115,12,0.95821
18.011579,17,0.965297
7.244355,11,0.969914
14.599521,16,0.976777
14.545542,18,0.984455
11.294164,18,0.991998
3.300253,24,1.003844
40.813497,43,1.022267
8.651656,12,1.027415
6.064779,11,1.031999
10.418558,30,1.044726
13.064377,12,1.049735
13.214225,15,1.056062
15.144757,28,1.067787
26.275756,30,1.08029
8.646754,19,1.089142
8.19904,18,1.097507
4.734511,9,1.101477
8.045552,12,1.108731
2.688566,12,1.114102
11.696217,26,1.125246
17.926496,22,1.134973
17.100043,19,1.143256
13.816701,28,1.155493
10.626898,14,1.16148
6.699598,19,1.169847
22.236608,19,1.17803
14.826709,17,1.185388
7.921873,12,1.190618
6.795126,11,1.195228
10.763422,16,1.201893
9.164073,14,1.209577
14.357622,38,1.225441
8.320042,13,1.230918
6.968982,15,1.23738
8.03307,13,1.242833
27.112472,29,1.255503
19.362966,26,1.266603
9.8773,13,1.272027
12.07199,16,1.278656
8.15177,19,2.02522
20.19009,26,2.04068
87.873769,73,2.081702
18.813485,26,2.097056
38.915657,28,2.113225
14.201542,19,2.125763
97.386835,57,2.156171
8.464376,11,2.16213
6.130721,9,2.166936
59.29717,75,2.205922
86.521483,52,2.234077
10.189935,15,2.241613
11.360564,26,2.254457
7.863041,14,2.261461
11.78575,16,2.269406
11.319517,19,2.278844
26.265332,24,2.29064
13.103407,14,2.297527
54.715806,39,2.317407
29.63335,35,2.3364
105.828188,51,2.360968
55.650743,36,2.377842
20.921915,38,2.396342
9.33258,12,2.402135
29.385844,28,2.415489
89.223344,63,2.446915
11.86914,13,2.452962
13.441475,21,2.462602
77.13206,44,2.482738
14.341461,18,2.490866
13.343665,18,2.498898
11.697456,21,2.508534
7.655306,10,2.512937
9.235426,11,2.517949
29.778175,38,2.537391
14.635631,20,2.546524
14.238879,15,2.553315
19.822021,18,2.5614
10.525857,14,2.567815
15.810176,21,2.577066
8.357795,11,2.581866
28.876629,26,2.593395
18.514767,19,2.601599
17.542326,18,2.609429
10.250946,12,2.614685
76.183238,48,2.637647
14.199832,29,2.650089
61.811122,38,2.666557
11.147621,14,2.672742
14.537562,21,2.682011
22.616235,19,2.690297
5.97125,8,2.693726
84.82126,45,2.713027
25.122685,31,2.72643
10.674566,16,2.733325
12.777233,13,2.741589
9.175453,27,2.754405
46.04499,47,2.774582
12.228713,15,2.781039
194.249904,85,2.817671
8.373643,13,2.823687
11.454109,24,2.834721
22.516112,29,2.84967
11.097715,22,2.859672
24.832802,26,2.871581
39.337033,45,2.891781
15.956318,35,2.907382
7.913799,31,2.921344
136.118447,95,2.96497
9.736676,13,2.970642
20.485336,20,2.979413
91.166939,71,3.775314
11.341942,23,3.788938
6.566835,11,3.795502
18.709638,15,3.804274
206.02735,90,3.854694
86.351169,44,3.881595
59.575617,41,3.904993
3.686602,29,3.921079
27.514368,34,3.939984
64.690572,45,3.966293
8.684601,10,3.971467
204.305808,89,4.016674
56.100232,41,4.03761
28.152391,22,4.048488
47.959023,37,4.069212
29.275875,21,4.079572
73.153785,42,4.099783
22.251201,35,4.116446
32.792714,50,4.140545
11.039386,12,4.146125
21.872982,21,4.156103
9.044852,12,4.161676
97.642205,55,4.189705
74.049904,40,4.208218
27.03538,26,4.220179
22.862995,21,4.229535
45.651623,36,4.246177
143.890693,72,4.280122
11.524115,22,4.29022
10.807318,14,4.296737
15.605733,20,4.305785
43.11994,37,4.322523
24.153504,30,4.336154
29.19641,33,4.351232
9.226462,15,4.357924
13.016338,15,4.364687
18.086934,25,4.377939
51.460874,50,4.400598
100.832413,54,4.424529
69.101025,50,4.446999
20.757354,21,4.456322
9.551867,13,4.462084
14.841554,26,4.475696
16.906102,18,4.483453
26.170391,29,4.496251
97.813979,49,4.517783
18.265604,19,4.526199
49.292273,27,4.538233
58.710143,34,4.553318
41.204207,38,4.572137
27.376989,30,4.585307
10.863135,13,4.591087
71.566543,92,4.630934
38.84712,31,4.644408
167.712897,83,4.682332
67.517786,49,4.703847
10.376857,13,4.709713
98.501806,60,4.735523
14.426522,14,4.741901
43.542896,34,4.756857
48.903689,49,5.551452
67.840443,44,5.576761
181.098112,83,5.626318
11.318505,14,5.634217
7.541818,10,5.639919
239.499602,119,5.705194
19.955294,16,5.713588
16.178275,18,5.722705
273.949368,152,5.800931
45.205185,35,5.818131
8.891575,13,5.824324
11.627618,13,5.830527
23.292492,19,5.839768
25.810221,48,5.862743
128.678258,76,5.898519
95.47619,56,5.926245
38.393465,36,5.942986
69.309385,39,5.960862
89.200891,56,5.986786
129.558972,86,6.029258
119.742113,67,6.059409
12.966392,16,6.066714
106.427577,60,6.093003
110.030581,70,6.12544
78.290787,47,6.145978
9.389047,12,6.151299
110.880574,53,6.17459
53.906081,39,6.192343
12.632491,17,6.200253
107.555443,75,6.235978
120.672032,66,6.265191
18.349059,25,6.276468
153.613602,80,6.31418
22.266648,22,6.324059
70.466157,41,6.341953
113.653152,65,6.36998
35.741883,37,6.386288
139.353755,69,6.417872
20.386096,33,6.432374
106.996192,51,6.454402
132.590273,84,6.490654
247.466881,117,7.288062
7.60319,12,7.29527
175.743654,87,7.346932
36.939875,26,7.361633
165.282338,101,7.416336
124.695883,66,7.452937
200.458445,91,7.499436
85.36513,49,7.5244
98.217219,48,7.549405
108.233278,56,7.57643
176.575752,82,7.614879
29.153222,28,7.627767
187.949172,79,7.665798
211.127943,91,7.70689
184.250678,97,7.75142
230.35588,110,7.799866
8.099927,10,7.804175
246.271558,126,7.861636
296.542084,124,7.915177
80.674025,45,7.934748
14.106037,18,7.944286
130.158586,66,7.972337
80.37432,49,7.992852
226.524819,101,8.035692
33.36363,28,8.049326
78.132959,44,8.067789
229.050901,105,8.112028
220.763114,105,8.157192
68.589243,46,8.176014
226.843139,101,8.946813
228.923449,99,9.006385
75.212257,48,9.03206
108.636992,53,9.062018
53.226274,35,9.080918
230.831048,100,9.132106
198.015743,86,9.177424
155.387362,93,9.221917
192.06681,95,9.268781
275.511937,127,9.326322
61.208001,33,9.341286
120.653807,62,9.371647
274.006923,102,9.41696
55.523698,32,9.431011
142.737605,64,9.458827
213.057855,99,9.504307
130.315101,68,9.534473
71.492386,38,9.550592
127.895238,61,9.578487
223.144282,99,9.621236
238.355142,101,9.664544
174.250138,76,9.698966
138.106656,78,9.732244
194.889492,97,9.774219
16.75498,19,9.782099
221.228768,103,9.823965
72.889435,104,9.86792
228.98467,109,10.64705
226.600968,105,10.70718
257.051306,115,10.768146
209.980904,94,10.817596
207.045059,92,10.862957
265.293638,118,10.921087
213.672705,91,10.963798
158.03742,76,10.999701
231.117979,102,11.045043
230.717559,101,11.090389
220.71011,102,11.13738
231.12019,99,11.18043
211.30912,87,11.219992
219.570269,97,11.261562
222.51315,96,11.30402
198.141032,102,11.346837
43.806441,32,11.360705
207.53848,95,11.401459
225.027047,107,11.448396
125.358458,68,11.476311
212.703176,88,11.514588
201.120128,87,11.55062
193.496067,91,12.367357
188.808191,84,12.415514
267.282545,130,12.487461
277.160387,131,12.557306
260.123583,115,12.614141
236.065838,109,12.668309
233.851269,106,12.718176
312.603624,126,12.778071
219.326377,96,12.821939
237.803256,110,12.872916
208.885183,93,12.914823
127.821274,72,12.949067
214.486393,97,12.991554
277.597197,118,13.043765
217.629607,91,13.081833
271.534833,149,13.147903
279.50434,116,13.197637
210.136257,93,13.236574
311.178855,138,13.29511
198.052595,84,14.060676
287.100234,120,14.125526
253.391442,109,14.183767
278.578687,116,14.24161
37.161916,24,14.253513
204.119757,87,14.296386
292.85819,132,14.356411
218.715424,93,14.400461
335.079807,152,14.469719
60.220367,33,14.483947
292.551832,135,14.541087
309.352194,141,14.603833
441.963955,309,14.738926
231.004381,114,14.788528
121.869458,66,14.816723
260.886144,137,14.876778
67.014107,44,14.894799
305.951968,158,14.959906
255.475848,123,15.759804
258.703737,130,15.832776
243.988756,93,15.881448
224.744273,105,15.936109
163.726932,80,15.975857
277.420615,121,16.035229
251.696641,107,16.084213
220.100939,115,16.138265
268.141859,120,16.193091
294.845544,133,16.255555
302.052133,119,16.308403
213.878227,99,16.354125
294.655671,130,16.41185
252.843731,113,16.46289
107.534005,68,16.492097
279.308189,111,16.541016
265.268102,110,16.588256
321.345615,131,16.64533
270.521198,132,17.466712
242.950588,105,17.524502
228.726315,99,17.578762
263.514657,126,17.642804
203.049584,98,17.691792
232.684404,94,17.736882
258.026203,110,17.791707
312.457981,133,17.85395
284.279164,111,17.904927
233.419386,97,17.949992
275.582174,138,18.010377
239.544439,114,18.061165
270.046471,115,18.110261
263.700838,110,18.158599
271.137676,112,18.206172
208.073075,102,18.2493
272.451347,120,18.300075
256.542532,122,18.351116
334.879614,141,19.147284
328.916605,134,19.223104
293.152584,122,19.289155
260.741413,108,19.344779
82.352801,46,19.367595
322.868567,140,19.437716
238.646296,109,19.490979
325.08796,130,19.551413
286.906157,114,19.603497
277.423056,110,19.652214
235.942844,104,19.69894
338.990059,161,19.769799
323.421124,134,19.827671
326.797377,168,19.90058
298.123456,126,19.953671
261.896904,121,20.004828
285.16173,116,20.052792
295.34526,114,20.848861
358.060488,169,20.94284
214.002027,95,20.992742
310.181741,130,26.045904
59.962472,39,26.063108
306.318109,123,26.118685
338.96914,145,26.181588
330.844754,136,26.240708
298.927862,121,26.292386
307.189197,126,26.347621
330.014989,139,26.407861
331.985627,147,26.470166
230.579037,98,26.514861
294.562415,119,26.566947
313.843807,130,26.625393
310.195685,125,26.679244
286.191697,130,27.517252
288.603991,113,27.583849
293.150958,112,27.648361
352.009566,143,27.723727
232.82149,98,27.77616
304.608087,124,27.839039
292.171819,120,27.896666
255.860717,110,27.951893
255.207775,108,28.002169
248.661243,107,28.052933
314.531379,126,28.108414
222.998042,106,28.156309
209.813827,89,28.195179
305.11822,129,28.252893
217.953494,89,28.291939
291.243322,115,28.34198
224.326103,95,28.383043
312.758728,123,28.435253
319.004585,129,28.4918
316.84079,130,29.31256
306.36243,125,29.383312
293.556115,132,29.450677
317.799619,137,29.520177
330.880218,141,29.589036
328.947122,136,29.652501
320.32153,138,29.717343
343.215585,156,29.788132
313.921447,131,29.845842
305.769071,127,29.90223
313.58748,132,29.95899
313.078989,121,30.012679
358.303103,169,30.088513
320.952163,138,30.149768
349.224269,142,30.212818
331.922362,132,31.042217
286.546178,126,31.114185
357.517811,144,31.189064
190.39233,81,31.232244
322.064768,133,31.299842
318.56349,126,31.365416
327.904965,133,31.432479
322.489735,140,31.497895
304.383499,128,31.557431
364.8987,143,31.623065
316.784234,122,31.676538
329.219236,151,31.742722
303.892494,132,31.800193
354.551979,141,31.863042
318.347146,128,31.919964
309.72718,135,32.71706
313.89308,129,32.792214
165.203412,77,32.837322
241.437274,112,32.897683
188.42137,93,32.949202
313.225021,137,33.018352
187.298292,95,33.067316
330.9698,133,33.12996
310.477401,125,33.188643
332.414042,138,33.253216
291.538997,117,33.307211
212.478257,109,33.358796
297.73166,128,33.417195
316.793823,138,33.480946
310.55447,124,33.535326
327.146069,139,33.598818
314.548316,127,33.671348
276.973685,113,34.584633
398.729023,171,34.682986
341.347668,135,34.759364
341.236305,133,34.835223
348.222657,142,34.911105
359.611164,131,34.976674
340.569195,141,35.047488
317.770785,139,35.117054
212.374925,89,35.158956
210.540616,97,35.205143
348.354494,150,35.272726
329.45031,137,35.335798
320.501706,129,35.393203
347.335302,163,35.462294
330.451452,135,35.521341
573.885106,355,36.437503
343.923832,138,36.512796
33.025206,24,36.52575
322.017784,129,36.592382
402.125389,145,36.66416
588.010109,382,36.845767
401.664555,151,36.911822
326.569406,135,36.973954
339.562323,123,37.029472
360.010808,153,37.096044
313.502003,135,37.156496
356.268664,140,37.217501
373.814197,153,37.284484
279.633018,129,38.167058
333.155863,154,38.257334
329.271919,143,38.340772
379.260761,138,38.423944
320.222222,136,38.507046
333.991681,139,38.584181
312.274535,130,38.649755
342.677317,144,38.722444
310.313164,136,38.789659
305.211888,132,38.851957
387.924283,166,38.930033
339.906278,120,39.005612
291.850346,116,39.063512
336.039405,127,39.125843
368.246169,140,39.191118
370.971754,184,40.083955
336.082847,128,40.156601
337.473158,136,40.228386
335.996784,133,40.295722
337.468427,131,40.358913
365.169668,145,40.428038
333.5505,128,40.485611
334.560399,126,40.541994
309.459109,123,40.595599
318.201635,124,40.650654
367.960885,144,40.712008
419.863242,152,40.775455
334.210056,126,40.830753
345.000143,135,40.887096
451.191205,207,41.877448
198.704495,90,41.928836
353.770489,136,42.006999
383.880681,142,42.090148
298.721765,118,42.160402
372.007255,142,42.240781
308.17,120,42.303071
568.284311,196,42.402587
309.255383,131,42.467929
327.698432,131,42.529372
375.272408,144,42.596107
323.041936,138,42.659154
370.619081,141,42.721182
281.33227,113,42.772478
363.393225,139,42.830191
330.705595,125,43.654726
267.350276,115,43.721766
356.323904,132,43.795209
214.452162,99,43.847179
440.942277,160,43.929698
378.658348,145,44.002548
409.385287,158,44.079844
207.064553,97,44.125995
379.925227,152,44.196591
347.56136,138,44.259122
281.822256,117,44.312981
334.358174,133,44.37221
311.489234,126,44.430989
341.811835,151,44.500003
334.68435,128,44.5574
322.478756,134,44.61861
333.141364,131,45.456166
377.396497,155,45.542528
393.272299,141,45.615443
268.498432,112,45.669709
398.560538,152,45.7453
344.227689,146,45.816331
243.640233,123,45.873425
380.486099,144,45.940111
341.529995,145,46.009859
329.133146,130,46.09911
372.980362,152,46.181401
312.128987,117,46.246147
401.603453,146,46.321184
290.419034,124,46.383049
358.474303,142,46.452653
325.613478,128,47.30654
216.075208,92,47.365972
225.822663,101,47.423242
352.786853,175,47.518049
333.209739,132,47.586898
357.334001,139,47.655398
338.372546,131,53.109372
331.902894,130,53.165805
388.087361,175,53.240044
286.756569,115,53.289816
318.179683,136,53.346009
264.644129,110,53.394308
225.375905,102,53.437999
314.010584,125,53.491906
365.928216,139,53.550637
371.20468,144,53.610762
306.04939,124,54.415699
413.181624,157,54.500606
414.166728,148,54.574647
295.911738,117,54.632386
398.528573,153,54.70442
344.919452,130,54.762946
367.587877,142,54.826645
295.061969,118,54.878139
341.755605,133,54.936945
313.56601,128,54.99319
315.673802,137,55.050863
372.35529,141,55.110173
308.42976,127,55.162527
606.524323,500,56.13827
344.70789,133,56.206637
343.137923,139,56.27535
364.07707,136,56.341147
376.49922,139,56.404839
425.885168,152,56.474733
324.427273,122,56.52855
308.89801,126,56.584766
400.520681,145,56.647555
370.964339,136,56.70558
359.625328,131,56.762003
347.192932,130,56.815794
337.140474,127,56.86978
347.84979,130,56.92372
358.844094,129,57.722983
383.243758,160,57.813805
346.075089,135,57.88693
360.107757,145,57.961013
338.167406,139,58.025835
660.378224,500,58.253726
381.40451,154,58.320019
528.647463,183,58.399683
335.645657,128,58.454018
355.656719,132,58.511446
318.828688,138,58.572338
341.676438,139,58.630657
387.776487,146,59.442564
507.788353,196,59.551516
403.076478,154,59.630706
335.78447,138,59.695929
358.938488,151,59.768199
397.894762,155,59.839336
391.308566,180,59.920042
327.908396,136,59.979167
351.646295,148,60.04281
369.508861,154,60.109067
425.225945,172,60.180889
312.192345,134,60.238725
448.68958,167,60.306787
358.984146,142,61.112909
497.855626,193,61.220562
407.787118,183,61.317165
432.147432,167,61.399259
413.985321,187,61.487399
406.296773,174,61.567572
373.441081,151,61.632848
369.802438,157,61.701562
355.553226,147,61.765939
456.404534,159,61.832416
325.34432,156,61.900322
595.077716,214,61.98804
409.213733,163,62.808272
133.96828,68,62.847723
413.575233,165,62.943093
440.754863,181,63.038919
163.223761,87,63.085427
422.684687,181,63.173772
679.979343,404,63.354826
135.575007,70,63.387183
394.44161,143,63.449424
354.382834,152,63.514708
422.979627,164,63.585025
442.963011,163,63.652393
498.984123,165,63.722306
958.362497,399,64.675192
488.116345,170,64.75999
624.239039,239,64.873336
552.557476,225,64.97487
349.368455,157,65.044631
593.931992,306,65.173846
212.625473,112,65.223922
880.994385,299,65.355224
366.825748,163,65.425885
816.193927,251,66.302729
671.094901,235,66.423173
998.142615,314,66.570979
551.45495,232,66.67508
892.74226,350,66.825105
618.738654,312,66.958457
540.205944,197,67.044034
482.509238,187,67.900105
598.76906,193,68.010268
157.989848,85,68.057618
413.102447,216,68.171433
669.932472,201,68.2677
882.964637,341,68.421342
190.5693,96,68.463371
517.324543,173,68.539284
422.776786,164,68.609948
555.077308,211,68.700627
834.297807,253,68.805349
240.880958,112,69.625493
296.099385,127,69.699153
401.333972,151,69.781923
460.540279,161,69.868086
321.446443,131,69.936734
682.415732,208,70.037636
486.359167,158,70.113841
680.809238,245,70.225557
558.522287,190,70.312137
528.278866,178,70.390374
807.487637,253,70.501353
438.896807,168,70.574024
578.101389,198,71.410119
746.1542,322,71.579226
371.428749,147,71.651069
825.353981,320,71.796492
557.967083,200,71.88867
632.698346,231,71.991643
372.230441,160,72.063589
475.133245,201,72.149315
689.516869,224,72.245603
584.706922,207,73.133771
676.11084,211,73.254237
652.493368,209,73.384683
595.996003,206,73.492282
1035.989704,315,73.644393
1062.285567,373,88.173033
421.409123,162,88.266573
1028.035258,330,88.495855
443.502589,151,89.697892
442.35267,237,89.839467
751.729779,276,90.063789
1173.493247,383,90.306931
970.750723,305,90.487489
606.393252,214,90.620227
565.945536,224,90.804305
860.781921,293,90.979776
363.05591,155,92.393712
825.866805,246,92.556144
484.402538,156,92.664186
1281.557826,440,92.946812
1432.183278,500,93.268427
390.02697,162,93.361017
720.661173,261,93.511025
849.550835,247,94.76082
839.690818,278,94.923085
615.623274,209,95.040668
666.198152,234,95.172678
612.891176,185,95.27828
616.002315,207,95.410367
876.081143,283,95.596365
528.462708,178,95.699357
953.668122,300,95.869662
622.609234,203,97.003476
624.480067,210,97.130164
534.98621,192,97.243572
585.980955,193,97.360008
610.643909,205,97.485478
782.342275,263,97.640209
572.268735,223,97.769516
1219.453289,500,98.060179
1039.21065,500,99.317119
275.389424,127,99.389804
349.636879,146,99.482708
483.887194,186,99.596383
1325.04873,500,99.889838
818.448231,279,100.052989
331.338345,129,100.13661
598.049324,210,100.26622
474.454824,230,101.252881
595.479896,207,101.376472
782.40373,305,101.549573
612.139853,221,101.680033
345.165687,147,101.763744
1006.591543,350,101.963076
828.459121,275,102.11927
887.221219,323,102.306077
560.578979,202,103.237489
349.678413,144,103.322832
667.810211,212,103.444788
1062.350645,403,103.675408
984.637863,343,103.868352
349.868925,136,103.94701
459.234173,153,104.034687
385.540061,151,104.121133
611.920546,208,104.23377
588.148676,232,104.347935
602.552376,196,105.179585
415.151423,145,105.254767
780.307276,240,105.368944
1188.177453,427,105.554854
756.027103,273,105.66771
1156.390639,354,105.811513
777.932492,268,105.920069
737.279023,242,106.744387
703.656408,238,106.868495
862.312445,272,106.999659
1064.541903,500,107.219358
707.929102,274,107.334018
714.778805,233,107.430727
825.595715,251,107.535467
538.322059,194,107.613889
405.08163,158,108.426804
1107.897368,366,108.616215
727.619066,267,108.742154
613.38764,187,108.826211
1131.2254,342,108.970105
1156.291799,500,109.176353
511.989394,233,109.273405
795.071862,238,110.113318
897.269152,279,110.251564
1290.466256,371,110.417651
611.21838,198,110.504485
728.863654,226,110.602314
742.401894,242,110.709041
804.265833,269,110.824049
903.378134,309,111.696537
749.826448,236,111.82245
621.098234,217,111.928158
1195.62419,423,112.11864
1037.183875,313,112.250173
1045.211935,327,112.388667
541.343229,197,125.662622
741.217956,236,125.788961
1091.003598,357,126.813929
922.03779,304,126.987003
1220.466996,397,127.198652
1148.34798,500,127.442476
881.889476,255,127.563743
704.717177,219,127.66195
1016.127012,348,128.637359
304.218721,141,128.728479
1415.71956,500,129.001192
1310.329504,500,129.249801
752.856774,226,129.377519
200.671045,121,129.444922
958.933709,300,130.430873
619.087608,241,130.567933
1237.455759,435,130.799539
396.614981,144,130.87244
1396.729574,461,131.088629
753.600085,251,131.201107
1252.199794,340,131.348688
800.370702,270,132.220659
955.984527,295,132.380249
1105.360557,355,132.551211
736.214846,226,132.654704
698.478962,211,132.747181
756.293548,262,132.858534
618.309262,215,132.949862
933.107003,317,133.08375
651.47113,209,133.931222
790.760749,227,134.050655
705.205132,206,134.151957
444.683208,147,134.223242
802.886071,241,134.332598
771.828139,251,134.443993
1183.964265,383,134.607329
521.568542,166,134.676808
873.993774,272,134.788928
704.930965,219,135.636747
695.80934,222,135.74744
722.926664,208,135.846611
852.002743,242,135.954903
730.824447,209,136.046302
1339.305474,462,136.242539
1055.871053,329,136.377032
1095.753417,368,137.30349
587.86276,186,137.402991
682.894441,196,137.502116
593.126142,183,137.591632
549.26615,178,137.675432
1240.291468,500,137.89606
648.893524,204,137.983782
263.391486,128,138.039234
812.931028,233,138.144365
473.373651,156,139.04876
467.779746,172,139.145122
470.333403,165,139.23164
581.998321,245,139.34992
408.992281,143,139.418881
786.16593,239,139.525551
1323.844874,500,139.742452
646.725048,200,139.830013
815.457013,230,139.92961
599.381507,191,140.824602
1572.135701,500,141.083924
413.970093,141,141.152893
866.069872,242,141.266658
441.779031,151,141.336425
884.416627,277,141.46431
559.490753,183,141.547807
736.30392,208,141.638069
960.160532,285,142.566143
867.976022,268,142.715178
427.698524,153,142.79543
793.373259,227,142.905979
798.575649,269,143.031987
630.916466,190,143.118917
828.282382,254,143.232723
860.940316,254,143.347424
1263.779796,500,144.411948
747.342391,227,144.536248
601.579374,216,144.650455
1009.38062,312,144.816885
696.046345,197,144.917288
1148.710034,363,145.087371
1106.303739,407,145.288126
694.426209,220,146.302019
1404.982771,500,146.54489
593.939727,179,146.628827
340.610543,138,146.692734
1198.393925,333,146.839072
1074.847538,322,146.97951
1481.570522,500,147.192916
849.605927,273,158.162706
819.617019,235,158.269277
1348.670187,480,158.48454
791.497075,229,158.586647
967.363018,304,158.721578
705.302694,226,158.820484
884.76269,253,158.951092
978.543715,328,159.986654
682.827281,199,160.09841
703.669755,224,160.227981
1302.691628,433,160.451525
906.938247,260,160.573055
622.12657,185,160.662699
461.776761,178,160.744649
1084.919016,295,160.876593
682.43217,214,161.926204
940.137391,312,162.080073
705.284976,228,162.18458
705.874795,205,162.275737
1002.91788,318,162.416108
717.08393,231,162.517977
808.282358,240,162.62416
745.566189,219,162.7181
756.257263,238,163.615061
1325.969765,409,163.836347
805.170751,237,163.954078
733.362302,222,164.057934
1024.497247,287,164.187016
814.81524,231,164.28948
1042.672563,371,164.454748
1207.379353,376,165.404489
720.048442,240,165.52539
745.927171,277,165.658645
1349.587611,397,165.832332
765.074779,235,165.932012
703.320157,210,166.022328
605.791247,200,166.106682
327.829257,130,166.162872
788.196646,247,167.020527
943.803194,309,167.180553
1192.716767,500,167.408186
1099.952117,356,167.56079
1335.072934,426,167.739358
1216.566509,402,168.658611
737.072649,219,168.779703
938.083694,266,168.911015
1002.74144,325,169.061491
520.960942,164,169.135502
702.399174,221,169.231335
721.224625,207,169.318006
702.985253,206,169.404944
610.647974,198,169.49063
1255.60365,500,170.462185
935.622734,267,170.59072
597.972424,187,170.676671
908.995302,263,170.791474
929.924884,254,170.898774
623.220891,190,170.980426
688.169919,194,171.062505
724.370057,225,171.154998
1412.531882,500,172.135927
1080.499542,337,172.295844
685.527668,211,172.391574
812.946103,229,172.492628
797.363804,236,172.594394
659.34165,190,172.674434
891.28994,253,172.780986
628.972301,208,172.867891
1014.119826,325,173.770318
1364.941037,439,173.983746
686.786489,206,174.078017
677.153893,214,174.172782
679.771206,194,174.257288
736.638441,202,174.343037
593.252181,184,174.421269
768.249742,219,174.513515
922.431456,288,175.394003
1393.835142,500,175.643786
513.916363,158,175.717702
596.417921,188,175.802838
645.151754,199,175.891409
585.923213,173,175.970011
643.939727,184,176.050508
646.542519,195,176.135231
1345.390389,398,177.050614
1250.342729,422,177.259328
639.18769,205,177.353335
673.372056,206,177.447409
1102.014749,336,177.600036
823.068094,242,177.704894
873.347935,261,177.814129
1404.234307,437,178.803528
824.19269,246,178.93115
1320.070908,429,190.350981
789.90438,238,190.448961
776.186095,235,190.544729
754.599691,235,190.640404
467.913151,150,190.702092
998.343437,324,191.563108
802.686895,226,191.687205
947.363144,266,191.818797
1003.328069,323,191.966945
856.886698,287,192.090739
781.87277,236,192.190297
1325.267451,413,192.363579
856.818879,276,192.479786
679.160585,196,193.332109
1060.322008,312,193.500625
1001.725894,287,193.637468
982.888779,300,193.771928
1444.518603,414,193.949274
1013.403822,309,194.078745
515.031346,164,194.150387
748.026723,215,194.997788
1075.674651,500,195.263971
1363.52468,500,195.514601
1467.591773,477,195.743275
1162.104223,371,195.91578
1473.020092,500,197.055131
1554.616414,500,197.323492
1515.569901,477,197.551178
1148.969748,391,197.730662
354.390622,146,197.797224
1102.942513,392,198.789357
1045.629179,327,198.948846
1522.299264,500,199.176044
824.379001,227,199.278594
1430.08575,500,199.498064
1008.840656,333,200.475715
1254.009472,433,200.694989
591.702201,183,200.780198
1131.65126,354,200.94026
1291.120476,439,201.132878
851.935406,256,201.242505
987.587644,304,202.175306
911.342627,264,202.328036
994.274203,308,202.503047
1076.157003,381,202.70322
1160.171337,404,202.893297
1333.421754,388,203.062907
1547.461291,500,204.095011
647.457137,195,204.212898
1493.438888,479,204.461417
1354.052499,500,204.693236
1004.450234,318,204.847635
771.642636,244,204.975917
586.446936,178,205.880528
1212.446367,448,206.125142
590.301508,192,206.220886
1331.463489,461,206.487469
924.078955,252,206.622685
725.505533,220,206.731622
658.587302,194,206.830437
1094.573079,336,207.862448
1489.491612,429,208.110729
742.561318,233,208.238214
1025.117137,500,208.521105
1032.844404,316,208.69041
1516.473041,448,209.973295
789.60854,249,210.150959
758.293692,220,210.273787
1567.723059,500,210.566354
1187.081017,324,210.754411
779.14899,263,210.903438
1587.74341,500,212.36836
1379.978401,414,212.645678
961.492714,267,212.803728
1036.403947,307,234.708164
1326.41959,500,235.029547
1331.714071,500,236.643383
1490.876209,462,236.914322
1349.571629,500,237.196289
910.517019,293,237.363651
971.973457,291,237.527632
843.260399,243,237.668357
1095.869828,336,238.705252
1190.08588,500,238.987738
1401.501327,432,239.227063
916.540943,253,239.38214
975.509005,268,239.547083
791.402148,252,239.700926
1112.852641,500,240.988595
1271.15409,409,241.225026
809.269554,240,241.364302
1291.010005,364,241.570381
613.952687,192,241.682162
1654.171815,500,241.968751
1424.46154,500,243.075809
774.337341,238,243.211126
1295.449479,500,243.50087
706.842641,203,243.615381
863.312845,243,243.750841
1216.647275,364,243.953946
1605.748899,500,245.047861
773.198302,223,245.173101
1459.796442,500,245.459106
1123.867668,340,245.648302
1623.864276,500,245.924024
879.181758,252,246.997102
1291.077596,363,247.205878
1474.919683,500,247.49236
607.725696,181,247.595805
892.889573,264,247.744786
1273.953274,352,247.985421
1222.029795,336,249.029234
933.332512,258,249.176996
1289.798603,500,249.462851
901.136998,269,249.615103
1325.320085,500,249.898188
1169.905008,332,250.085835
897.173174,273,251.051417
1385.895437,394,251.286653
1031.722157,294,251.451304
1420.783671,500,251.73398
608.316853,178,251.831314
1278.213582,500,252.833989
701.586116,207,252.944812
958.428668,301,253.096807
1478.293215,400,253.282614
803.905123,227,253.381921
835.909256,248,253.48927
941.725903,276,253.605455
1371.984039,500,254.735028
961.814015,296,254.903383
905.976384,250,255.048967
743.60345,220,255.192626
367.800688,137,255.270438
765.713323,218,255.384591
655.998241,192,255.47964
1512.159282,500,255.705809
1372.441113,396,256.679376
678.394451,201,256.784706
874.99332,249,256.910969
834.312727,217,257.013081
1694.98141,464,257.222718
1326.342548,379,257.384701
1512.275971,500,258.356215
1387.610181,465,258.576132
1091.145016,305,258.709934
736.291481,199,258.795739
1689.824086,500,270.95887
1079.023001,308,271.086336
1030.263728,308,271.992098
1361.594325,500,272.230039
1309.533177,412,272.412496
789.795567,237,272.516056
1416.465256,373,272.673239
1273.799005,500,273.65782
1572.825144,500,273.902354
1547.747994,500,274.124425
787.402665,213,274.216319
1557.070742,500,274.425605
1453.875659,500,275.412779
738.942022,213,275.515347
1385.918412,365,275.681385
1539.408035,401,275.856004
798.94273,287,275.977806
1292.10066,397,276.878927
644.177344,188,276.983819
771.744724,232,277.099637
668.472552,195,277.191768
996.88309,313,277.330981
1433.067576,500,277.543977
736.54977,213,277.633548
1369.175812,500,278.595126
881.227894,251,278.72921
1415.821875,385,278.910853
1072.531125,318,279.051109
918.09308,268,279.165433
1710.265362,425,279.344653
1159.277623,329,280.227622
1403.167341,500,280.489432
817.367544,226,280.595488
916.473254,276,280.717132
599.446408,192,280.80085
726.829872,200,280.886467
881.931958,279,281.007018
1341.922069,388,281.91668
1624.359708,462,282.156284
705.393483,215,282.258364
1676.602329,498,282.480319
1053.288437,328,282.622831
1013.586043,305,282.751638
1191.945909,325,283.683837
1457.89937,500,283.93235
805.990204,228,284.035219
716.839416,212,284.129321
1548.393899,500,284.340564
687.880462,199,284.424977
988.231042,300,285.287593
660.497603,193,285.395686
1734.34518,500,285.639271
887.995454,241,285.749376
897.265764,271,285.86612
1336.549322,394,286.030779
183.663711,86,286.06874
598.564365,195,286.149813
955.774205,285,287.03066
768.979457,284,287.179784
658.034164,195,287.27221
691.422951,190,287.361287
1426.784846,349,287.515304
826.945979,245,287.621246
902.819588,251,287.728451
191.927185,94,287.767006
613.11313,195,287.84841
658.269731,203,288.688443
1366.279912,500,288.95654
1693.834027,474,289.172938
1433.587377,500,289.385333
1167.448759,352,289.536204
1609.623728,500,290.520682
1545.163074,451,290.731928
1440.045008,500,290.950409
864.902835,246,291.054745
1291.17298,393,301.730586
1828.004536,500,302.718402
955.647897,256,302.842779
1258.336765,398,303.025318
796.295102,210,303.121061
959.359476,256,303.2335
444.328573,143,303.296904
537.296459,170,303.36953
996.925634,311,304.26239
812.936907,230,304.385584
652.487065,186,304.47703
1442.702563,422,304.669199
880.795219,247,304.775643
641.416488,198,304.859664
1256.949861,329,304.998588
975.321986,295,305.119785
477.979839,151,305.937407
1541.421434,500,306.182664
720.828115,218,306.281338
1036.960812,285,306.406511
1386.227903,500,306.617458
897.093246,244,306.718075
620.860785,178,307.525433
530.604091,163,307.616637
639.704669,195,307.717487
1369.603165,500,307.954218
921.419146,268,308.073273
930.573434,244,308.178553
1428.076329,404,308.347903
1561.125397,500,309.321767
1023.694702,279,309.458181
1318.534848,394,309.638534
1626.023929,438,309.82656
488.865659,153,309.890791
1492.954502,500,310.094739
1547.953797,425,311.049123
1141.182378,326,311.201215
720.898275,225,311.302207
801.350818,232,311.406862
1577.0698,500,311.620855
910.580526,252,311.726869
1584.703423,500,312.710904
1418.45255,500,312.946423
1640.936221,474,313.153025
1361.305039,500,313.364855
734.328911,227,314.209494
596.894365,190,314.316657
853.386756,238,314.438567
958.601311,255,314.559159
508.635568,163,314.633657
757.601498,211,314.726623
769.862425,213,314.836094
1339.386994,367,315.001539
633.381067,186,315.084229
1424.230018,500,316.069692
1333.613086,342,316.234297
406.291341,155,316.305354
975.87626,281,316.42813
732.881452,221,316.523857
1082.631659,338,316.667022
1409.565794,500,317.626467
1475.766554,500,317.89344
744.576315,214,317.994848
628.14973,198,318.085369
822.739582,258,318.200288
388.41408,161,318.270355
1575.567046,500,318.483249
1570.822276,432,319.438406
730.456261,256,319.564086
833.914605,256,319.681025
1615.933646,439,319.871311
963.426728,312,320.003743
774.577928,271,320.11746
923.924597,290,320.990042
1582.381167,500,321.246781
1651.590862,478,321.461402
1523.136829,500,321.673197
1345.89588,353,321.818631
771.07887,231,322.682809
1586.979455,497,336.917488
1402.309327,500,337.123083
691.015077,212,337.210021
746.802936,222,337.301911
1622.94617,444,337.483865
967.207497,264,338.347632
308.156104,139,338.421424
1202.803098,363,338.600664
726.98598,249,338.715354
817.542252,321,338.858275
1558.109886,500,339.069243
937.587017,277,339.182858
1099.093909,339,340.108624
1056.860681,317,340.264087
1588.415511,500,340.491805
1554.378642,446,340.679022
1661.375092,483,341.606816
907.142328,241,341.738865
591.829949,202,341.839997
1071.844669,368,342.006629
1159.248908,392,342.17558
1133.608853,353,342.32236
1119.224767,346,342.466871
1405.684252,462,343.433678
889.224718,243,343.554009
1094.697205,304,343.69392
828.3776,234,343.799502
1325.144792,380,343.962574
1465.260607,500,344.170395
863.496114,244,345.027513
1004.748027,275,345.163443
1659.513493,487,345.383897
1565.908514,500,345.597624
1569.845658,500,345.803817
772.104346,209,346.639059
1204.698457,394,346.839491
1054.986009,310,346.981978
853.876883,239,347.086795
982.557715,269,347.200642
1387.949221,389,347.363217
1250.717225,500,348.330541
1531.050487,437,348.547588
1315.3757,388,348.720572
848.944404,245,348.826643
1331.8836,500,349.034564
1008.331204,277,349.14619
1183.180653,350,350.06138
1450.591843,500,350.298465
1529.235655,500,350.514309
1480.550785,396,350.678272
725.396542,228,350.773409
634.353427,236,351.624181
1792.044417,466,351.858351
735.802484,240,351.96799
804.465569,250,352.078322
571.86604,180,352.155983
562.122929,166,352.225972
1673.054122,500,352.439801
1373.67205,500,353.434024
451.672113,150,353.509453
1388.00715,500,353.740249
1523.596493,500,353.95434
702.026933,210,354.04274
1590.847905,500,355.013995
553.099222,167,355.101018
759.671705,219,355.207093
742.657849,214,355.306369
1565.495158,500,355.523849
199.237473,85,355.560482
820.545514,250,355.664932
229.518169,100,355.708164
1325.955902,500,356.67307
210.090542,93,356.722411
791.062076,223,356.834893
1670.741121,498,368.444035
811.791492,234,368.541571
956.243443,275,368.657183
757.103235,214,368.745582
712.192671,215,368.8325
1617.33194,500,369.817312
982.021838,254,369.937809
1401.617229,500,370.156372
739.010463,247,370.261007
1007.403933,266,370.374346
1101.54404,317,370.504515
929.619071,296,371.391263
562.629668,169,371.476465
888.103113,242,371.594829
1701.166625,500,371.81906
1388.875943,500,372.028859
821.810193,226,372.121265
1553.209507,500,373.110813
1005.107052,359,373.289321
478.540697,152,373.360327
1800.990355,500,373.581396
1711.195081,500,373.794722
446.600882,157,373.862928
700.071179,214,374.715227
1377.969429,500,374.962532
1687.819117,489,375.180846
570.301568,178,375.255626
1062.23087,282,375.374115
969.238912,290,375.495852
852.060118,240,376.334535
1808.382898,500,376.584526
944.169098,246,376.6968
739.000272,212,376.790984
1410.419411,500,377.002703
1405.017912,414,377.1749
573.875295,184,377.994279
1507.43136,500,378.253021
632.456546,190,378.341402
169.115045,79,378.377672
1124.280772,331,378.52192
852.90799,244,378.625603
1113.640393,315,378.758315
143.235198,79,378.791493
700.965593,241,379.625507
149.129628,80,379.673862
1267.993972,500,379.92299
1604.797451,498,380.142524
1082.286367,276,380.258891
699.727732,211,380.347885
1602.019029,500,381.2838
1287.442867,386,381.484325
1463.385288,392,381.664745
1449.894931,404,381.840282
199.528951,90,381.878296
922.343537,255,381.985568
974.172166,274,382.099498
1181.163572,378,383.012707
1764.48182,500,383.258574
290.444438,148,383.325944
1565.622883,389,383.499439
1415.50175,500,383.711008
1114.570744,329,383.848801
912.370584,247,384.724484
1329.487617,358,384.90567
1343.390505,373,385.078607
1778.853189,500,385.292993
1204.297074,338,385.433629
1625.020741,425,386.520908
1162.783734,336,386.715423
1560.362411,500,386.985329
400.689289,149,387.0611
1200.169431,392,387.244183
1513.849466,455,387.442034
1563.485364,403,388.419589
1589.544974,396,388.613303
835.523971,230,400.745579
1208.763323,303,400.872065
1210.723572,356,401.015353
1767.961407,500,401.974185
1484.801442,500,402.23081
1507.942237,500,402.459065
1209.890718,324,402.603818
1137.786662,319,402.737744
1426.185528,500,403.75289
812.760397,234,403.88092
1607.085063,500,404.12246
722.696826,216,404.221175
1056.560955,315,404.358097
735.183578,225,404.455016
1671.375788,468,405.454469
1190.567089,322,405.630229
700.786508,217,405.739447
1103.776706,348,405.902551
974.458839,316,406.040539
1440.245075,500,406.254112
1027.452726,300,407.129466
1312.693186,500,407.391363
1061.259499,273,407.520561
446.41177,211,407.615738
924.341693,284,407.73886
1343.820198,500,407.950602
1442.717118,500,408.927563
1660.538428,500,409.166988
1562.721381,500,409.384681
1097.295749,344,409.529489
1540.508465,500,410.486781
1503.138493,500,410.740398
1409.861776,428,410.933755
435.492749,162,411.006083
146.106038,80,411.040912
989.912779,300,411.167323
1265.999805,352,411.313845
1509.369068,500,412.294589
1598.407279,475,412.521692
1694.846985,487,412.743315
331.573573,143,412.807716
134.295689,75,412.843601
1482.183498,500,413.06166
786.368575,224,413.941932
863.89822,247,414.072492
293.719871,134,414.137564
369.420529,148,414.208014
1567.028994,399,414.386478
1499.932153,500,414.599008
662.299694,209,414.688466
1549.729794,500,415.670264
1421.108583,433,415.876739
1624.780685,465,416.080631
1564.822982,500,416.292295
1151.300745,318,416.423118
1581.667789,452,417.401804
827.164149,239,417.519871
1319.473164,406,417.700343
1506.157812,428,417.884319
1442.832953,453,418.077036
980.380582,291,418.970959
726.311011,196,419.075471
1659.09919,421,419.278381
1011.964217,279,419.403504
1057.618765,319,419.539979
1574.817976,483,419.742193
397.762298,151,419.805873
369.707311,166,420.637367
1462.719325,427,420.855582
1790.551414,500,421.081418
1543.551134,500,433.089601
760.708793,241,433.192662
1276.600942,384,434.116193
1149.783588,339,434.292849
914.793262,242,434.407821
803.886719,257,434.524359
1167.980725,332,434.669278
1575.830137,466,434.864694
1374.226424,500,435.851064
870.220338,247,435.976233
691.113607,202,436.070974
328.16248,154,436.141362
1184.620606,354,436.296815
1068.164614,344,436.441567
563.783152,239,436.542815
1278.149682,408,437.458878
1115.572884,335,437.62968
1187.311695,357,437.792685
571.155968,179,437.872602
1381.62466,500,438.084475
646.056945,185,438.163908
1614.694472,500,439.127961
1520.086806,500,439.37954
842.83921,233,439.485737
1220.283729,305,439.621449
1390.385022,409,439.804754
1134.311123,340,439.963188
1522.542428,474,441.076552
466.253869,163,441.170806
312.505681,135,441.248415
483.405355,223,441.365347
334.462502,142,441.438506
1092.984738,318,441.589682
1060.413313,282,441.720687
806.665271,225,441.820321
1536.608933,500,442.815881
724.152865,207,442.920876
268.733251,131,442.985102
386.484399,159,443.060464
841.787462,246,443.17113
878.624725,240,443.278142
1293.325154,388,443.449435
1594.029428,500,444.461883
677.077885,201,444.575604
873.032679,270,444.715129
798.599263,238,444.828271
1428.753433,500,445.048223
818.034672,230,445.145346
1290.528876,368,445.301227
666.240717,235,446.179631
937.394831,276,446.366515
1695.713851,500,446.621309
1646.724783,500,446.847059
947.696048,269,446.964978
1039.132691,401,447.868562
1479.558056,500,448.126098
273.437458,129,448.188096
888.083651,247,448.302835
659.100726,210,448.39816
1531.097728,500,448.61511
618.698166,187,448.697639
737.066934,220,448.792932
1471.111652,500,449.813198
835.533681,252,449.932323
1586.355005,500,450.160902
659.122525,206,450.248705
844.862593,241,450.351068
450.664684,170,450.422125
1473.21065,500,451.399331
699.362727,196,451.498116
962.823854,334,451.650326
977.932246,308,451.784602
794.567991,239,451.8891
1477.677034,440,452.074961
712.725234,208,452.161271
1660.792644,500,453.15679
687.079462,189,453.250325
730.561825,209,453.346791
1283.00867,357,453.502032
1778.107965,422,453.682117
647.344955,188,453.760962
1105.427874,367,466.600109
252.758988,122,466.666179
641.424913,183,466.762136
657.471639,198,466.860836
256.835343,112,466.921077
1468.265993,442,467.151848
1300.37688,391,467.333106
1326.637689,388,467.504776
1557.512974,500,468.51709
691.968712,247,468.636853
1073.675148,274,468.762465
864.088645,244,468.872212
1254.613516,420,469.057457
1437.878691,500,470.109607
1626.582686,500,470.403083
962.961554,286,470.541764
1592.463944,500,470.77194
1558.470184,432,470.95795
843.316094,248,471.064038
700.93,253,472.02173
805.14269,223,472.146329
765.683049,220,472.259707
1612.90615,429,472.464855
356.379933,145,472.53366
1599.184252,500,472.757032
291.694467,132,472.813216
367.47719,147,472.877414
1370.178049,347,473.861544
1388.557782,372,474.054971
1253.919359,362,474.244598
1510.927196,500,474.498278
1710.551921,500,475.678307
797.926319,232,475.817611
1101.928866,293,475.986442
1946.710946,500,476.258938
1715.370025,469,476.488084
269.531604,131,476.548469
747.124351,276,476.671468
768.247794,223,477.645791
394.43445,155,477.725408
842.459015,239,477.842887
654.847294,248,477.960432
246.896505,120,478.015772
1200.427291,333,478.164531
296.134653,133,478.224392
851.994405,260,478.3575
697.432,207,478.457055
617.765502,240,478.570426
1062.630595,320,479.52302
1426.6071,500,479.760781
749.422728,226,479.861306
1161.979773,298,479.990403
324.082737,140,480.050022
1295.902776,360,480.204048
1033.851957,300,481.115521
1532.101491,429,481.344982
255.707084,125,481.404681
279.863046,128,481.467435
1386.245796,403,481.647724
1226.098508,303,481.778512
919.764237,263,481.890451
674.735854,194,481.973517
1229.35875,327,482.907676
1102.414447,310,483.068926
1547.744664,500,483.305242
335.548858,142,483.371314
1192.939399,326,483.510811
260.187371,128,483.564243
404.113007,163,483.635218
1020.129039,303,484.527697
1574.382903,410,484.747778
254.453724,128,484.812469
1800.905777,433,485.013553
1146.035752,358,485.168758
946.431791,254,485.277799
1831.267469,500,486.280888
719.151928,255,486.417765
1971.906968,500,486.655134
1263.879484,335,486.800737
341.068213,142,486.862424
391.621676,152,486.927259
989.87276,287,487.047929
1141.76774,298,487.169411
1550.769566,500,500.463777
449.236207,167,500.533769
959.860667,288,500.650385
1897.170745,500,500.855667
867.139006,277,500.968471
1599.918652,500,501.934875
1199.965146,359,502.12267
309.134887,135,502.187719
1580.625227,500,502.416792
269.466312,128,502.475375
228.299661,121,502.52893
1318.299056,388,502.693266
1291.441111,396,503.60457
352.041952,144,503.681853
1039.966165,313,503.832922
1293.306057,347,503.98866
837.329343,272,504.107033
969.766588,285,504.230488
701.196341,255,504.339445
1445.364191,500,505.363592
417.78014,164,505.456473
880.453565,240,505.592374
536.664309,237,505.714017
800.893139,270,505.85369
1069.941777,325,506.008073
1346.699997,500,506.232974
1443.133405,500,507.255822
294.011665,136,507.324421
1578.650951,500,507.55874
1077.551987,275,507.678011
1644.176429,500,507.890445
1627.305392,500,508.935959
982.371274,263,509.067452
1414.218284,420,509.256897
1091.610514,314,509.396713
997.352006,281,509.52119
1289.073884,336,509.667322
1515.45215,468,510.728739
373.065683,149,510.802907
835.57388,251,510.927737
1194.034593,340,511.082952
865.180409,275,511.203488
434.965354,174,511.2799
1231.597514,312,511.412628
1634.472229,500,512.40011
830.228063,243,512.525626
1281.177206,346,512.686318
552.863481,241,512.792687
1840.850659,467,512.989854
1088.292321,320,513.125499
1075.583395,304,514.006087
1070.151766,500,514.253611
916.260151,277,514.377721
1684.870376,500,514.589969
1321.801704,500,514.801734
354.699354,149,515.591038
1011.782029,301,515.75585
1621.311532,500,515.992227
1571.635642,395,516.165338
1067.642444,288,516.286312
1718.083468,471,516.480705
1549.667628,500,517.457719
789.166553,233,517.566945
1195.97102,301,517.698333
1038.923105,322,517.834078
251.288444,128,517.889118
1405.928592,349,518.037329
1215.710722,323,518.905663
1284.025354,444,519.135504
1302.36864,330,519.288901
1239.351896,321,519.427892
1003.805689,255,519.536138
1695.105671,450,519.72279
1744.523283,436,520.660253
1620.636079,500,533.768102
1264.04356,365,533.916241
807.997939,220,534.007457
874.390495,264,534.114457
1455.544953,500,535.05158
1532.881545,500,535.310947
307.681819,137,535.377344
1557.319391,500,535.603389
779.451463,226,535.708941
1078.666431,317,535.850844
377.931718,158,535.925434
1746.364353,500,537.050347
1697.31268,500,537.328773
1351.527197,326,537.501776
1024.312699,299,537.661989
924.146229,282,537.798872
1680.088715,500,538.807191
730.560625,252,538.965641
1171.013365,364,539.150421
1644.064028,415,539.344302
740.882648,206,539.437808
1482.051578,500,539.654808
1546.339839,500,540.682055
1212.600689,308,540.839276
1408.416371,500,541.080881
1989.532142,467,541.305713
302.556134,136,541.367194
2098.114516,500,542.385502
1901.212416,497,542.707094
1203.357174,385,542.928107
592.258438,246,543.051089
1320.179477,321,543.201135
1773.611337,493,544.206585
771.011253,219,544.329041
1426.975805,500,544.575235
1720.861838,500,544.800914
1323.371782,500,545.013885
908.108332,261,545.871459
1459.147408,426,546.094549
1104.473097,333,546.254428
751.631833,226,546.358348
309.811498,137,546.421178
691.604805,276,546.540686
1030.259485,268,546.655227
950.631412,296,546.778605
1495.493057,500,547.775855
1015.438964,317,547.9224
1317.693084,410,548.100295
1136.055736,290,548.223481
1740.197845,500,548.432405
389.234944,152,549.23911
982.15095,278,549.390131
1562.148652,500,549.624197
1637.349502,500,549.852472
778.040677,329,550.005347
1521.793943,500,550.979956
1637.768699,500,551.232396
1782.230522,500,551.460427
793.437313,225,551.562773
1682.934299,460,551.759022
825.158423,259,552.611454
1014.57006,289,552.774696
1844.743922,500,553.023339
986.484778,290,553.158095
982.985184,293,553.287768
1604.037984,500,553.508853
1083.033584,343,554.434689
1528.378756,457,554.664053
1745.20661,448,569.722848
828.646957,234,569.825319
899.125089,232,569.926487
896.891999,256,570.036905
1407.953104,369,570.989896
828.657378,232,571.117394
936.234806,292,571.266146
747.479657,226,571.388554
1428.043423,382,571.5806
1307.708146,380,571.763857
1190.57431,373,571.94359
1177.216146,342,572.907196
779.721189,236,573.026685
1143.584318,282,573.161432
1270.764931,339,573.314214
1155.07385,293,573.449956
743.307271,225,573.550458
1365.983504,367,574.44227
1520.354201,500,574.70828
973.381903,266,574.831578
422.166794,169,574.909368
1041.199566,309,575.045362
797.971798,225,575.143342
1479.512497,420,575.322039
848.599301,231,576.161282
906.47097,284,576.308614
1829.522268,468,576.526088
862.495223,236,576.62989
846.00613,243,576.733803
1640.917062,499,576.942118
1565.800923,500,577.907789
921.766137,247,578.029855
1539.854051,500,578.262802
1034.843304,311,578.394191
1334.671934,368,578.548254
1584.821631,423,579.460716
1547.541115,457,579.703498
954.593017,254,579.823905
1516.705423,500,580.047504
1253.893626,500,580.262187
1205.707537,343,581.14696
1290.912337,397,581.351569
763.866753,220,581.454837
1154.669647,319,581.596301
1649.337939,500,581.808333
671.870466,204,581.893678
1639.103142,500,582.851802
1162.602975,301,583.0044
934.666185,399,583.188434
1132.779611,500,583.408295
1104.735354,318,583.541859
923.704707,251,583.646756
1489.070528,478,584.635951
839.928636,267,584.761545
755.769413,225,584.864552
1533.628377,500,585.077881
1419.602412,368,585.230764
896.16279,237,585.327839
799.652278,235,586.17453
1280.593299,329,586.340447
1571.396142,401,586.523863
1767.891121,500,586.737065
1313.928778,500,586.942898
728.450484,256,587.792589
1492.23683,500,588.0418
1530.23472,500,588.265805
1843.610123,500,588.480267
1798.314709,500,589.436376
1552.552657,442,589.670662
1509.178161,500,589.899524
1661.404361,500,602.907044
1425.593814,500,603.113167
1583.060729,500,604.110852
1702.426464,460,604.326571
1104.48865,316,604.465594
1451.623817,500,604.677568
924.777069,270,604.788787
883.345451,249,605.647615
1444.989574,500,605.890091
1496.850566,500,606.110605
963.048324,291,606.234343
759.749037,203,606.320728
1200.476912,329,606.45578
842.398968,256,607.319806
1343.115523,500,607.561911
963.242161,252,607.678732
849.42869,230,607.781202
1047.421409,275,607.904176
970.033564,284,608.027838
1585.892481,500,609.089126
1123.025828,309,609.25361
1325.447318,367,609.435549
1573.866398,423,609.625372
921.562758,291,609.752934
1755.014351,449,610.678567
1642.822906,419,610.900286
1699.924956,483,611.122775
1562.34039,500,611.335113
1261.433959,383,611.493973
1264.609999,312,612.371322
537.856047,192,612.480207
909.651528,247,612.607214
706.921937,201,612.703287
945.488055,293,612.833452
1369.636668,500,613.045451
908.605472,254,613.152126
1663.605335,481,614.112467
822.060095,218,614.227845
1464.381914,500,614.459662
1484.303392,500,614.696232
1623.245307,500,614.919974
1747.468781,500,615.907807
1423.070514,361,616.086217
867.743933,243,616.196451
687.153326,203,616.285374
1281.130611,355,616.438165
1835.468175,500,616.652419
936.240619,294,617.587658
1544.385327,500,617.835052
1551.073581,500,618.063311
1642.261428,500,618.282627
499.263672,173,618.360389
949.217915,262,619.255365
1117.132635,299,619.409566
1653.41361,415,619.601775
958.533395,273,619.719827
1175.311275,299,619.847548
935.904975,276,619.962697
1478.731673,391,620.852672
1146.338591,297,621.012535
727.128052,209,621.114134
1583.04495,500,621.338082
1513.967477,448,621.528817
916.805944,233,621.624974
808.379222,238,621.72346
956.651719,261,622.617669
1031.941344,272,622.760533
1002.95248,291,622.899237
1442.422497,409,623.081952
957.087735,267,623.197708
1829.15725,447,623.392354
843.012705,248,637.250337
813.667652,231,637.385877
795.05549,230,637.504251
983.202129,263,637.628277
2017.074149,500,637.847136
1623.537064,500,638.065861
888.889011,265,638.933811
738.412447,203,639.048534
1735.74925,500,639.308715
904.911515,242,639.427859
1350.108127,409,639.614381
1169.933119,311,639.755037
1227.056007,349,639.907799
1499.617656,500,640.968831
1001.852803,282,641.109399
1213.180632,347,641.284088
916.058453,246,641.400794
1583.671532,379,641.571757
1624.774112,500,642.55045
1508.017081,500,642.801286
833.885186,245,642.912404
1023.915783,274,643.032551
386.213179,162,643.103285
1566.428637,500,643.312988
936.884902,273,644.165395
1658.58934,500,644.417885
897.859358,258,644.534384
957.583264,297,644.663378
1261.551675,373,644.821471
1177.474303,317,644.952079
641.865645,191,645.03177
992.272875,283,645.901528
1156.789367,298,646.048812
1012.179413,302,646.183948
1045.914512,277,646.302602
1556.97363,430,646.483438
977.888607,285,646.602561
1520.143566,500,647.573612
1908.882847,475,647.80246
1114.803456,320,647.949692
1612.665005,423,648.132817
828.467328,240,648.233457
1421.131582,500,649.201508
685.225517,208,649.307021
1504.65869,500,649.536161
1345.785529,367,649.692042
1090.870252,331,649.831076
777.521056,224,649.925624
1392.023788,500,650.892077
619.00418,184,650.984031
553.575667,173,651.065946
827.539231,237,651.171212
638.245895,202,651.258525
1140.839543,342,651.402887
1110.080706,322,651.537134
563.84779,178,651.61252
1151.178708,319,652.526553
698.714158,204,652.634884
572.864074,185,652.725536
1149.318319,295,652.861609
981.432876,276,652.984125
1325.346146,408,653.154766
638.982448,189,653.233024
1050.499015,287,653.350923
1200.359907,331,654.27038
928.305737,267,654.399577
1038.413758,299,654.535639
1695.413265,500,654.747448
1475.201455,427,654.923057
652.998333,209,655.008922
1320.057065,357,655.947596
1686.772285,476,656.174848
417.100334,169,656.250688
761.910486,203,656.342236
1014.430917,300,656.473896
800.954506,233,656.575094
741.773198,216,656.667706
822.001499,229,657.572206
1780.082651,500,669.223695
1195.047319,372,669.38025
1066.841678,276,669.493415
874.649518,245,669.594034
1051.755213,260,669.700133
670.829339,204,669.783777
1164.162162,365,670.702294
1223.805686,306,670.855215
1124.475188,322,671.005325
685.304215,211,671.097631
703.2963,198,671.183796
726.571438,212,671.273962
1507.039566,500,671.495983
857.387899,239,672.414893
1025.9778,312,672.576565
1743.246531,487,672.799318
237.999719,124,672.85523
762.70963,217,672.949681
832.876406,257,673.059541
1722.801182,471,674.010798
831.541049,221,674.134825
1312.690457,500,674.384764
1136.449181,300,674.521769
988.648083,261,674.637155
1184.15017,465,674.835469
850.152645,222,674.934813
1766.606691,500,675.955389
875.377204,235,676.073092
971.25549,265,676.192731
1668.752,500,676.412534
1059.345508,339,676.554926
790.870539,232,676.652159
976.207085,336,677.60175
1047.113739,290,677.744591
1440.849542,380,677.914721
1508.105442,500,678.128349
973.772478,257,678.234482
722.243076,203,678.31836
1672.139461,500,679.322812
1290.888387,332,679.487402
739.633971,216,679.587227
1921.349153,500,679.804809
1321.591201,329,679.94568
987.419037,284,680.842978
1454.794743,396,681.055646
825.036603,241,681.174519
722.261782,228,681.279828
1206.16239,294,681.411905
1888.102816,500,681.62701
678.885981,201,681.712668
794.769674,230,682.58159
383.366643,149,682.66667
1585.43326,500,682.921416
1624.389576,500,683.146265
1843.961068,500,683.365777
1610.089167,500,684.333161
1744.213321,500,684.584368
1039.950007,255,684.703202
1976.341808,500,684.924976
1555.542085,458,685.122721
1589.552135,500,686.166602
1665.796399,500,686.421523
1584.009032,500,686.653924
643.406532,198,686.744471
1514.172448,500,686.973614
309.684068,137,687.962944
1409.466717,367,688.170659
365.685021,159,688.260387
851.757703,228,688.378429
1705.171866,500,688.616713
1507.037842,500,688.83722
1126.057813,313,689.757654
772.087987,221,689.878677
1604.004689,467,702.449605
1087.3095,284,702.576047
1051.455367,309,702.70994
1516.930436,500,702.927125
1700.400118,449,703.98287
1194.02687,320,704.139118
1117.455511,342,704.302135
1556.001523,500,704.533806
1811.734844,500,704.759297
516.048848,228,705.734796
1721.45562,475,705.98152
1325.131077,335,706.139908
1327.835639,369,706.302663
1545.475528,500,706.518309
1329.601398,360,707.494636
1574.754667,500,707.768462
1715.376348,500,708.006241
937.912955,297,708.138495
264.763893,126,708.194546
950.584503,318,708.327614
1424.188679,352,709.268643
823.241551,227,709.386552
1047.414982,271,709.518774
845.032081,230,709.626401
501.776927,226,709.727243
343.481453,143,709.790218
1596.752386,426,709.968349
956.021338,268,710.078788
561.370409,230,710.943058
1522.966236,500,711.186938
1670.23703,500,711.406716
786.92686,256,711.515819
1509.157581,500,711.729306
1495.466763,500,712.721401
595.615033,241,712.841365
684.58197,210,712.938879
612.686978,182,713.020483
1719.346271,500,713.233252
1741.848121,459,713.421805
249.170819,127,714.236957
258.525576,125,714.3083
218.64616,101,714.361725
1307.878609,372,714.543659
193.297125,87,714.584478
894.94595,263,714.704724
346.920172,143,714.766925
673.887801,207,714.855543
1006.934585,300,714.982257
147.516778,73,715.014219
1039.148195,270,715.125582
1534.203279,432,716.083876
1612.532371,500,716.319801
1524.456455,484,716.529549
1113.278053,330,716.668888
1728.67293,459,717.616824
1657.926207,500,717.867056
390.811414,150,717.935889
1615.615186,500,718.154046
1524.772825,500,718.364839
762.222342,217,718.452889
1298.733114,383,719.388537
1602.810175,500,719.631801
1490.491025,500,719.857039
1557.54288,500,720.070994
1629.83111,500,721.080204
678.102479,199,721.182215
153.564595,77,721.221496
814.821338,236,721.331669
1463.967186,500,721.548897
608.849184,188,721.628675
339.789219,159,721.695246
640.419026,194,721.777538
835.369915,229,721.875039
1604.331164,470,722.902192
1573.898358,500,723.131251
1303.743418,336,734.243488
942.838485,250,734.349332
1535.357203,500,734.564934
1192.28766,352,735.484089
1005.770009,307,735.628832
1540.979281,500,735.851658
1437.137349,428,736.035705
1729.821142,500,737.024571
775.700517,255,737.165819
1566.292735,500,737.408328
164.268901,77,737.445497
1085.72892,290,737.571218
1246.813632,347,737.717844
1596.543986,500,737.928898
641.286617,188,738.762022
979.037684,290,738.911992
1550.594407,497,739.142936
854.052823,234,739.24562
170.883352,80,739.282758
783.306006,250,739.391511
488.047955,158,739.45933
1915.857811,500,740.428365
1497.960696,397,740.637454
1601.296021,500,740.874697
555.828182,175,740.955142
606.245949,184,741.0381
1143.657984,308,741.17347
1636.548039,500,742.175288
458.13905,171,742.261509
1495.723559,430,742.465648
839.430484,240,742.576189
398.127506,142,742.641742
1171.977296,310,742.778073
1787.434111,500,742.990912
1044.751082,344,743.923862
733.798199,213,744.033226
728.145508,213,744.136659
1086.236671,316,744.281053
1638.883934,500,744.498214
1489.675631,500,744.711422
887.760259,245,745.593734
1325.785503,363,745.781861
1744.948085,500,746.015264
876.068078,236,746.119342
839.963652,286,746.24198
702.492386,212,746.331702
359.893746,146,746.393015
1853.531642,500,747.38289
1086.948154,284,747.518635
545.029017,172,747.598159
1445.33105,500,747.812217
786.771151,219,747.905373
727.017543,216,747.993587
1737.847525,500,748.973735
546.605741,173,749.065785
788.290501,336,749.238451
1575.906071,408,749.443495
1507.478973,450,749.649133
1577.750136,500,750.661723
853.424715,267,750.812724
879.824073,233,750.937482
845.460081,230,751.051314
1384.599195,419,751.244242
765.029602,222,751.343581
1572.499832,500,751.563805
695.57785,212,752.434262
1943.873662,494,752.698891
1943.708877,500,752.934628
1655.934417,500,753.169756
854.462854,234,753.282968
842.574534,236,753.399562
1588.37315,500,754.493878
1093.786881,333,754.661448
1096.95667,316,754.814739
748.51303,221,754.917952
1622.996035,500,766.27573
355.998671,155,766.340997
1527.522442,446,767.492528
1120.191899,316,767.692372
915.115369,249,767.835588
1700.685685,500,768.115895
1790.446647,490,768.394338
1039.149281,302,769.385362
1604.739988,500,769.664232
536.9914,235,769.78079
1338.090491,364,769.958822
699.983682,205,770.055022
1145.05402,323,770.198972
1734.2094,479,771.166753
1150.786692,317,771.330792
1774.241677,470,771.610909
1749.859297,500,771.871234
1001.401215,254,771.991256
1307.237406,335,773.026387
784.136359,252,773.170168
494.609617,180,773.26667
1216.388753,326,773.469764
1327.025553,353,773.654607
1457.624976,452,773.874135
1541.615951,500,774.862856
1497.389297,449,775.096982
1177.033202,334,775.250743
1702.56165,436,775.442563
1878.204854,500,775.660021
271.174302,131,775.719357
1066.45594,268,776.614337
1585.403142,398,776.820763
1745.011677,500,777.048248
1169.684082,309,777.178657
889.591249,265,777.290181
1415.524851,369,777.446827
1336.663732,400,778.381228
1525.028474,500,778.613248
926.546831,268,778.728756
1573.556921,500,778.937039
888.475383,276,779.050432
1087.726866,332,779.939955
961.685468,291,780.087936
1394.655059,345,780.248506
1446.926014,352,780.408511
652.044203,248,780.518765
1178.28396,329,780.660093
973.23308,271,780.773012
1950.574254,484,781.76977
1507.278352,393,781.955999
620.001014,185,782.040711
369.030837,147,782.10955
1484.625103,419,782.290054
953.994188,243,782.395211
1570.404435,500,783.406026
1237.796403,319,783.572841
1303.716549,346,783.737815
943.819288,243,783.872947
1638.039886,439,784.103723
808.708344,243,784.215014
227.644943,122,784.270179
240.973051,121,785.122242
1620.795891,500,785.402638
1164.694299,333,785.562463
375.314136,156,785.635173
1746.872407,500,785.858063
1495.234685,420,786.056617
857.760024,240,786.955272
267.34684,126,787.02375
778.02079,220,787.138632
583.438083,241,787.256675
1163.295798,303,787.397514
1002.215119,248,787.511411
562.682397,235,787.617875
1302.25041,368,787.785553
816.771194,219,799.629122
1500.497615,410,799.843488
204.778489,114,799.917845
1107.569667,316,800.116232
1078.296629,294,800.268877
1031.118643,265,800.393625
1120.839002,272,800.516844
901.715304,240,800.62059
1349.193783,500,801.635891
630.633097,241,801.750196
866.179368,238,801.85597
630.493212,188,801.938046
1563.71181,456,802.126507
1655.574997,468,802.317
655.954787,205,803.161965
1509.608536,443,803.376766
679.043842,199,803.472172
970.323473,247,803.604287
1660.912588,500,803.843816
820.599427,231,803.94616
652.912163,193,804.031386
1143.486133,308,804.968153
2012.593183,500,805.210675
1621.216708,448,805.411723
747.572,221,805.507293
426.035615,159,805.576771
1234.755673,377,805.735923
264.943192,127,806.58549
823.673681,245,806.722442
993.961108,296,806.87326
850.32975,263,806.996426
284.593721,130,807.056015
757.897278,210,807.149774
1155.184749,288,807.276538
265.696731,126,807.330952
1619.604302,453,808.346646
1049.796617,306,808.524166
639.860265,248,808.663044
1484.834349,369,808.859422
592.469194,231,808.971446
691.834108,201,809.065747
1075.442327,310,809.207535
1364.91815,398,810.281289
1153.673399,300,810.45996
915.444627,243,810.59819
627.851712,193,810.708328
903.209218,233,810.840755
1462.031893,425,811.088497
967.343455,291,811.23759
824.587388,227,811.346804
1005.326937,286,812.350749
533.302514,171,812.453907
1239.331474,369,812.657131
529.82014,168,812.738832
297.363937,131,812.802528
1579.401042,414,812.986989
1047.521791,263,813.100581
830.729456,210,813.190282
1424.025971,348,814.263075
935.610163,261,814.402195
1044.586217,279,814.538618
987.076919,243,814.649722
249.089376,124,814.704795
1696.871374,500,814.921075
319.317351,139,814.98021
589.535743,240,815.082893
1117.992218,322,816.084839
1388.228927,352,816.276401
1213.348134,355,816.451691
1546.926324,500,816.679839
800.821794,219,816.777395
1462.560398,356,817.717937
994.063633,296,817.897285
555.627686,170,818.041466
1816.022513,500,818.321692
483.201901,173,818.41329
1256.999904,333,818.577159
1342.618028,354,818.746821
863.757182,264,819.677473
456.354791,149,819.765216
867.194498,232,819.890062
1154.672848,335,820.074231
1076.062495,297,820.220716
554.186952,233,820.333875
624.154664,180,820.415954
416.09101,145,820.484867
989.939601,306,820.624162
667.09703,252,821.519764
941.594068,251,832.097644
827.860011,261,832.24721
1089.499786,341,832.443268
1528.243919,413,832.681403
1204.119383,353,832.880313
1223.047987,333,834.130553
1582.605902,378,834.344069
1413.493275,392,834.568763
874.483283,233,834.700774
1559.528802,500,834.978194
1019.363681,266,835.124434
695.697284,213,835.233907
1356.683842,401,836.305893
1649.044007,500,836.641246
766.729498,209,836.774156
971.468005,271,836.939547
816.750657,225,837.064893
1734.273696,500,838.606114
820.18724,249,838.762332
1455.898394,353,838.967689
1555.904802,372,839.186979
1161.715947,297,839.363575
222.551366,122,839.434068
915.934194,286,839.624562
1764.706855,500,840.986044
1408.131297,419,841.225782
1001.326695,274,841.376819
1794.744156,500,841.657373
1051.612462,294,841.821664
781.296282,210,841.945045
1158.420502,305,843.008094
1353.892723,386,843.227931
638.793253,209,843.345917
723.727267,196,843.460841
239.402953,122,843.533075
1338.892865,341,843.728651
379.988626,151,843.81626
751.975098,205,843.934825
1316.055045,344,844.949323
954.45021,257,845.099557
233.385983,120,845.168549
1355.783339,366,845.379161
608.12131,189,845.488406
1112.809725,290,845.672022
1568.220212,500,845.980017
1930.402113,500,847.072513
1032.528003,305,847.238496
1687.657324,500,847.507006
1720.978049,495,847.744128
936.733718,261,847.863414
1140.109173,347,848.875269
1721.990784,471,849.12108
1214.648308,306,849.264751
1940.922448,500,849.486019
976.985364,259,849.596672
1662.013644,500,850.536322
1520.232785,407,850.754366
1150.357604,359,850.933893
1552.97269,450,851.142298
1024.289828,299,851.274576
1122.262255,300,851.408219
1032.523693,306,852.341299
396.352066,166,852.436062
1834.139582,500,852.705651
1596.991929,422,852.916259
1239.574005,371,853.089458
1695.319819,500,854.114383
1699.860212,500,854.367736
1063.667273,317,854.514506
1126.50231,327,854.658673
1155.510474,335,854.801955
1584.610804,500,855.012934
862.87393,250,855.88442
695.912581,211,855.991482
1068.606044,320,856.141429
1461.076352,500,867.635792
380.381957,148,867.695028
1230.189424,330,867.828825
689.073531,209,867.915246
895.289758,280,868.792621
835.704912,218,868.903862
840.924153,256,869.027228
697.149485,251,869.141534
770.994633,225,869.241939
1342.536541,382,869.407477
1606.1116,465,869.605775
1280.539415,388,870.612867
783.726211,256,870.747051
2008.52693,500,870.976256
1318.561473,333,871.12153
1051.095466,289,871.247572
1339.781916,396,872.201061
776.365678,218,872.345297
1023.221005,272,872.498168
1838.838734,500,872.758451
353.432671,139,872.825927
950.71224,283,872.95995
1476.051755,500,873.183478
1595.157588,389,874.193707
1022.957721,300,874.364974
367.329191,147,874.449261
1812.884543,476,874.701713
1672.997731,436,874.921385
1660.292949,500,876.024765
1150.660153,328,876.208085
1233.542317,335,876.395508
207.738114,117,876.460237
995.698511,297,876.608648
598.719813,189,876.698299
1900.195106,500,876.935833
281.094444,129,876.994673
1616.099883,455,878.097832
1575.036406,445,878.350359
373.155343,160,878.436053
1128.87117,295,878.584194
1245.711372,333,878.742117
1519.572897,445,879.749477
1293.804527,389,879.982453
2017.648214,476,880.282719
1558.287507,500,880.561245
832.255826,225,880.676979
1116.154483,320,880.842133
315.432379,138,881.910735
1696.78387,438,882.171977
1555.296931,459,882.459538
262.904552,127,882.530195
1425.464594,373,882.73657
1470.407598,500,883.012881
1847.223898,463,884.495664
1614.411568,500,884.809291
139.176764,72,884.867365
1267.84808,336,885.06301
1690.866992,461,885.324572
1623.397443,500,886.471585
1238.420455,322,886.651707
982.04719,295,886.819581
1390.054494,357,887.020109
1345.017351,380,887.217259
1539.222937,418,887.413445
1519.077314,500,888.450275
1378.605945,500,888.676236
1057.908791,279,888.795218
1390.385013,416,888.972543
1516.888384,500,890.156097
662.383036,258,890.319817
239.902681,121,890.398031
1288.812967,331,890.613256
685.042507,201,890.726212
1497.512868,372,909.000413
1471.11255,396,909.239614
1827.054626,489,910.419716
1774.133561,500,910.772381
893.080795,245,910.957675
967.386804,260,911.143161
974.890266,247,911.280152
1424.382615,500,911.5758
1513.747994,431,912.936724
736.924272,271,913.095102
909.941572,238,913.230843
1217.546536,366,913.45028
837.370039,222,913.583421
1465.225505,413,913.852627
1125.041829,276,914.883181
1695.704314,500,915.182718
1175.311571,356,915.412471
784.802128,211,915.534123
1319.102737,319,915.725508
308.087144,132,915.800056
1164.593004,337,915.995957
798.978944,223,916.970441
1136.17902,362,917.178362
303.327755,135,917.255686
271.044242,127,917.329912
1727.575223,437,917.583309
667.441331,248,917.730662
849.950765,234,917.862021
1518.850228,407,918.095746
1113.836743,331,919.089354
929.795351,286,919.254824
1763.264325,500,919.541689
690.812302,235,919.677341
911.842896,249,919.823882
944.568953,277,919.980786
938.887077,288,921.009004
1597.24415,500,921.295913
1247.906154,376,921.512216
883.932417,268,921.666998
1547.482992,396,921.892963
1217.855122,334,922.085629
1379.8907,420,923.138312
401.566549,161,923.236114
1190.098615,311,923.419556
1085.846602,314,923.596141
1343.367966,500,923.881191
1578.565628,450,924.13697
1553.159245,500,925.239877
817.332254,239,925.377283
1669.389534,470,925.641077
1281.606128,377,925.85689
1043.416012,281,926.015753
914.257521,244,926.964731
1640.436859,500,927.243961
1184.222322,342,927.408996
1565.884468,450,927.603034
1646.303714,500,927.809618
1960.848858,485,928.77782
1034.549594,292,928.919972
1366.256459,401,929.09897
376.56451,147,929.16261
1174.846372,345,929.305326
968.672327,291,929.423579
1645.640178,500,930.359423
715.358576,196,930.45427
1594.64355,425,930.642216
1388.95138,500,930.851784
1107.648661,295,930.974776
2061.044417,500,931.893296
1525.769109,500,932.136827
300.648138,134,932.203149
1675.448826,441,932.395469
1506.454991,500,945.430613
1378.813525,394,946.316082
1810.086408,500,946.579764
1707.722838,500,946.806137
1083.089324,308,946.936397
2021.656978,500,947.144267
749.947775,323,948.019817
1348.50446,398,948.224461
1948.698287,468,948.436085
1602.220472,382,948.600172
1203.226364,364,948.75344
917.091237,287,948.875034
1568.944784,500,949.853718
1622.395127,500,950.079942
795.922941,233,950.181515
1360.994766,402,950.351064
1833.103085,500,951.281646
1381.178359,343,951.461673
1194.568259,289,951.598713
1264.9135,361,951.759259
1798.820573,500,951.970104
790.829488,216,952.058659
1795.678107,500,953.021205
2019.576611,500,953.268626
1069.536998,278,953.392965
1434.057309,500,953.604969
1841.044063,500,953.811786
698.382269,206,954.646242
1373.695652,500,954.894661
1732.103815,500,955.115106
1596.139999,500,955.324166
948.501846,257,955.43147
1292.72064,336,956.314473
1276.533134,322,956.477108
861.129556,248,956.591719
1797.107992,500,956.808781
1796.877567,500,957.016528
1447.719892,500,957.972882
1508.169461,448,958.193171
1335.901688,475,958.402928
734.558581,263,958.51467
1016.092289,280,958.633378
1685.9653,500,959.591597
1799.705842,500,959.839244
1633.867629,483,960.053287
825.169688,228,960.151939
1484.760718,500,960.3661
1566.771242,500,961.358125
1574.220375,387,961.54345
1052.016417,304,961.679688
1383.996753,500,961.891224
1255.863109,500,962.098949
1642.189859,500,963.101157
1677.960417,500,963.330361
868.820105,245,963.436702
1406.48706,409,963.615725
1054.25793,312,963.749359
1198.695212,334,964.664466
1542.229041,385,964.8597
1627.231829,500,965.084342
155.679627,88,965.124866
957.948874,293,965.253197
1110.79394,316,965.389751
1775.731863,500,979.037227
1254.556559,334,979.17538
1459.289641,500,979.384312
1075.950246,301,979.510344
128.719339,67,979.538098
894.865481,231,979.633366
1102.787194,284,979.749722
1649.715508,455,980.710695
1877.793656,500,980.94586
1683.707614,463,981.144567
711.593957,260,981.255875
974.662215,264,981.363586
1376.972311,388,982.271395
1285.260931,320,982.43716
845.376942,239,982.551391
1549.740701,500,982.771156
1516.109054,500,982.983089
1484.342312,500,983.934071
1996.460646,500,984.205366
800.680758,220,984.310745
1237.23604,500,984.541721
906.630436,250,984.651785
1334.860625,354,984.806352
1003.535149,264,985.7102
1388.095147,500,985.955654
1021.303153,297,986.088202
1476.971538,500,986.300455
1198.249004,355,986.449254
153.301036,71,986.479578
1601.878399,500,987.463911
1002.665916,294,987.602897
1213.357025,327,987.749258
1475.212064,500,987.964521
1584.542034,500,988.177628
1703.102289,447,989.147347
1148.350705,367,989.320598
996.574495,294,989.451766
1930.401983,500,989.667249
1400.309959,413,989.84152
1798.926096,500,990.84206
828.771222,228,990.953786
1547.735071,500,991.178928
1101.741729,290,991.305235
732.572803,211,991.393169
1982.618409,496,992.350875
179.10572,81,992.396275
1780.19547,500,992.652118
1447.441475,500,992.875824
1171.146179,340,993.024267
1970.766012,500,993.239273
1411.689542,500,994.250388
1782.229493,500,994.483398
1823.953617,500,994.701028
1259.821829,335,994.842997
1472.55261,500,995.820007
1407.471899,404,996.022924
980.07693,283,996.153226
1825.269849,500,996.37093
1467.505724,423,996.547639
1700.203681,500,997.525382
1357.446999,500,997.765221
1281.109469,362,997.922111
1471.811605,500,998.133364
1360.121341,406,999.060112
1626.455126,500,1012.704686
1220.670556,330,1012.840409
1186.999211,307,1012.969253
1400.155698,500,1013.178748
899.191564,329,1013.317819
1370.486443,500,1014.305788
1484.982878,428,1014.500982
1687.285413,467,1014.698938
1032.590084,297,1014.823182
1199.181459,334,1014.960302
1488.201511,500,1015.943183
1137.445638,340,1016.104352
1856.790036,500,1016.320348
1464.984079,500,1016.52908
880.109722,265,1016.638337
1570.075305,473,1017.61406
1676.01086,500,1017.841381
1471.943854,500,1018.05533
1140.253239,359,1018.209397
1568.48601,500,1019.426743
162.964895,77,1019.472616
1445.593021,472,1019.742267
1084.128782,297,1019.896816
1417.529591,398,1020.095708
1668.772321,500,1020.327564
1283.775723,364,1021.301211
1220.421385,367,1021.534174
1684.84292,500,1021.793712
1510.215678,500,1022.031216
1547.083062,500,1023.155156
1611.441685,482,1023.433635
1542.718518,500,1023.686927
776.987797,248,1023.80374
172.11848,77,1023.841154
1382.126963,417,1024.032907
1714.181675,500,1025.107095
1460.083078,500,1025.352051
1213.602904,362,1025.51427
158.267249,82,1025.550953
155.07834,87,1025.590703
1571.642697,500,1025.803625
1175.985077,329,1026.717211
1068.479864,308,1026.875171
419.903396,156,1026.951997
1434.91893,500,1027.180757
936.581414,267,1027.299379
949.970091,284,1027.423789
1286.95608,500,1028.408432
1151.985251,362,1028.61729
1991.836032,500,1028.897959
1129.722223,337,1029.092767
1572.558275,500,1029.33872
182.851731,82,1029.379305
1341.270217,388,1030.540447
1360.988899,500,1030.78988
1451.144152,500,1031.024432
1322.350621,357,1031.196951
1994.397885,500,1032.220588
1482.072999,398,1032.435789
1664.590441,500,1032.669748
811.633463,249,1032.779827
145.157082,83,1032.816082
1713.885836,492,1033.021041
1783.618966,500,1034.17097
1574.453741,500,1034.441848
1338.087633,440,1048.4603
1801.816053,500,1048.671185
1713.505065,500,1049.650043
1222.890785,379,1049.847378
1438.552752,500,1050.073845
1229.63561,339,1050.218777
1756.118537,500,1050.425814
1141.238505,281,1051.38423
1388.212364,372,1051.587324
1745.098389,500,1051.831556
1166.671161,343,1051.987009
1394.460086,330,1052.128287
1624.812616,399,1052.295501
1692.958217,500,1053.300046
1640.885855,446,1053.509692
1494.545448,500,1053.753806
1614.39781,500,1053.988246
1223.647307,351,1054.962678
1426.048919,373,1055.158071
1459.169701,359,1055.322136
1457.767981,500,1055.542266
1747.948775,500,1055.757577
1812.078127,500,1056.754972
1227.266288,336,1056.915717
1483.903168,500,1057.135316
895.77176,277,1057.252457
1306.481671,404,1057.422469
1447.81494,500,1058.395539
1538.958026,413,1058.592138
900.098032,263,1058.711066
1058.901905,304,1058.849473
1182.536622,306,1058.9844
1370.257801,500,1059.952729
633.179833,255,1060.093629
1961.132529,473,1060.322521
1455.720653,500,1060.541356
1425.832218,377,1060.698519
963.1308,267,1060.80829
1838.067615,500,1061.794852
1468.888289,500,1062.022161
1640.063824,500,1062.235117
1717.443758,500,1062.443289
921.153451,279,1063.311468
1638.472129,500,1063.55684
1615.718457,500,1063.780416
1717.909256,500,1063.992972
1454.203699,375,1064.15044
1727.123371,500,1065.155102
1489.054485,376,1065.328098
1467.879266,408,1065.506181
1864.944294,500,1065.713787
1533.715293,500,1066.678565
1516.02318,500,1066.919454
1390.691457,385,1067.088734
1539.410464,394,1067.25795
1534.116788,500,1067.467017
874.654364,243,1068.343639
1513.628093,500,1068.585524
1429.929745,500,1068.807475
1589.898197,500,1083.983748
1813.451274,500,1085.380327
1123.878714,290,1085.546944
1453.363981,451,1085.809441
1747.978903,500,1086.094974
1064.302811,312,1086.308589
1755.915104,500,1087.506001
1483.031062,500,1087.787812
2025.745918,500,1088.115605
315.496282,143,1088.197791
1500.546607,500,1088.501976
991.175056,292,1090.13775
738.152673,240,1090.318348
147.42538,81,1090.388645
1844.315937,482,1090.67366
1661.001326,470,1090.986864
1403.229104,500,1091.283776
1407.729911,381,1092.350208
381.910977,155,1092.44173
1661.592511,500,1092.754155
1403.131784,500,1093.124506
1300.01062,338,1093.387509
1590.829864,500,1094.71544
1460.115492,500,1095.001307
997.202689,266,1095.172618
913.166869,265,1095.383933
1418.927485,500,1095.763791
1529.724746,440,1097.110131
1812.206761,500,1097.404911
1828.741103,500,1097.68459
1279.47842,362,1097.891511
843.30896,264,1098.054812
1528.560293,375,1098.339135
1472.908085,413,1099.652591
1499.716329,500,1099.986726
1787.12703,500,1100.265737
1587.495899,500,1100.546117
1402.960902,500,1101.963259
1461.653217,500,1102.24691
1437.097971,500,1102.532664
328.884592,145,1102.617277
1481.233783,500,1102.901933
135.291159,73,1102.9442
1140.791389,315,1104.414535
1894.73202,500,1104.702295
1459.865831,500,1105.06613
1802.252026,500,1105.417487
1783.300836,500,1106.695302
1646.809031,500,1107.074281
1418.185695,500,1107.409298
1409.126563,379,1107.621718
1185.842489,296,1107.791729
160.399047,83,1107.841422
1831.123466,500,1109.510424
1377.826082,500,1109.793
984.606864,261,1110.00212
1461.430053,500,1110.394996
1616.488749,500,1111.851959
1388.796399,500,1112.232637
1536.355292,451,1112.540098
1117.41532,296,1112.705141
1614.624916,500,1132.228318
1783.023618,472,1133.209153
1545.061585,412,1133.399704
1429.482857,382,1133.56319
1482.739085,500,1133.768677
2041.548597,479,1134.682763
1261.845771,360,1134.863562
1054.062193,307,1135.002074
1625.899984,468,1135.200596
1477.399803,500,1135.405099
1957.484661,496,1136.347121
1535.721934,500,1136.59142
1567.653445,441,1136.783298
1740.265081,444,1136.966285
1428.894342,500,1137.169891
1382.351349,500,1138.137517
1586.775888,439,1138.334957
1924.41751,500,1138.550007
1337.10173,318,1138.683088
1440.049449,500,1139.638632
1264.442015,350,1139.806574
1831.159379,468,1140.012862
1144.24945,341,1140.156917
1464.075588,500,1140.361179
903.948495,246,1141.202087
195.165256,95,1141.258519
1368.310004,372,1141.448472
1898.492329,500,1141.695446
895.197748,264,1141.820969
1404.941739,453,1142.032366
1792.696614,500,1143.088831
1951.531139,459,1143.327042
1665.236036,472,1143.546015
1726.566686,474,1143.760382
1394.562094,375,1143.928447
1271.620911,322,1144.860747
1883.354402,500,1145.102191
1213.93655,341,1145.253299
1412.856537,500,1145.4653
197.592944,88,1145.504176
1633.948968,500,1146.505371
194.952568,92,1146.559157
1146.757958,344,1146.734668
1413.331955,500,1146.968064
1180.735172,327,1147.114908
1624.727675,500,1147.333936
1291.685556,380,1148.238244
1004.922522,285,1148.378509
859.14883,307,1148.520499
1267.855329,356,1148.672915
1783.505857,500,1148.884711
1600.369727,438,1149.81751
1539.404004,500,1150.075489
1071.742278,304,1150.212563
1548.502556,456,1150.416195
366.908144,146,1150.484069
1629.998597,500,1150.693234
1627.932797,500,1151.682835
1470.451462,500,1151.912058
1190.780595,344,1152.06126
944.671495,272,1152.177092
1199.03264,360,1152.327718
1068.038323,318,1167.879017
1154.267532,299,1168.017801
1432.770256,500,1168.33334
1638.638544,426,1168.573695
953.410962,256,1168.711306
1630.997592,462,1169.748017
1017.275122,295,1169.915456
992.04292,280,1170.056665
1604.317562,424,1170.267099
1151.060433,315,1170.428456
1241.81141,381,1170.65954
1017.88199,291,1171.658996
419.385048,158,1171.745911
1400.120088,500,1172.052632
1835.0287,496,1172.389915
1661.078337,500,1172.763008
948.957676,293,1172.938948
1515.341115,500,1174.212843
1096.259369,304,1174.38922
155.325753,87,1174.442386
1237.145747,355,1174.64748
1182.858679,331,1174.833121
1363.393337,500,1175.118322
1707.599268,472,1176.183412
1372.296071,339,1176.383949
1164.287554,319,1176.572151
1686.951473,500,1176.8233
1241.466705,335,1176.972463
1957.270914,500,1177.951694
1238.016219,395,1178.139703
1169.865794,325,1178.28303
1333.318205,351,1178.433473
1681.624934,500,1178.642123
1031.744827,268,1179.572361
1539.809666,500,1179.821138
1963.343297,500,1180.057849
1644.255372,500,1180.288208
1778.448085,475,1181.275613
1629.993755,500,1181.530604
1663.943796,500,1181.752525
1514.04095,500,1181.966133
1543.3986,500,1183.04676
1527.781092,500,1183.509748
367.631744,152,1183.655771
1333.424136,500,1184.02156
1562.206997,500,1184.308774
1348.892134,471,1185.544702
163.328657,84,1185.608348
1137.530714,322,1185.853189
1214.167372,355,1186.126112
1532.411097,441,1186.445139
1584.934415,433,1186.702626
198.111832,94,1186.758609
1544.363569,500,1188.258686
1843.320496,463,1188.518979
1725.379103,500,1188.874094
1054.920505,278,1189.036035
1713.490433,500,1189.396725
1485.664712,500,1190.799465
1470.863434,500,1191.127339
1519.728662,500,1191.441773
1397.297927,500,1191.791674
1353.544387,362,1193.122715
156.767578,80,1193.187941
505.328842,171,1212.904474
160.640077,80,1212.943966
939.724117,287,1213.074021
1383.965942,367,1213.234203
1714.089669,500,1213.443366
1052.782998,316,1214.30648
1547.81079,500,1214.553653
1784.530673,436,1214.747461
1835.6366,500,1214.955366
1646.451794,500,1215.158928
1221.459518,355,1216.05364
1527.560342,500,1216.282839
1251.094656,343,1216.429273
1807.054704,455,1216.617746
1500.315937,450,1216.800987
1287.495842,349,1217.696356
1315.597396,361,1217.86305
1649.599796,500,1218.079373
1639.303187,500,1218.28404
1483.205704,431,1219.196172
432.823407,158,1219.281331
1685.705239,500,1219.522137
1235.511926,353,1219.675334
1269.888209,345,1219.823049
1590.438803,463,1220.011352
756.142639,274,1220.857994
1072.77193,318,1221.018039
1173.339437,351,1221.177149
1093.676384,282,1221.300949
438.050475,160,1221.371167
1068.039316,312,1221.499619
1859.705714,486,1221.696136
1689.498933,500,1222.690064
170.077117,91,1222.734203
1867.526092,500,1222.955552
1456.998349,500,1223.164335
1296.42876,500,1224.095125
1330.875569,349,1224.279803
1528.112258,500,1224.51465
1300.951455,375,1224.675344
1120.755841,327,1224.814236
1486.224936,409,1224.979387
946.913691,289,1225.857331
1511.848484,500,1226.095888
1741.671293,470,1226.301331
1474.299851,500,1226.509209
1345.924223,352,1226.653993
1309.419821,372,1227.579068
1429.694193,400,1227.764702
1677.946976,500,1227.981565
1694.097683,500,1228.188454
1531.563418,500,1229.148868
1242.027461,334,1229.315789
903.647897,268,1229.439771
1643.224601,500,1229.655796
1997.281997,500,1229.8637
1558.932562,500,1230.835427
1559.152294,500,1231.078491
1556.355489,416,1231.264627
1028.495731,271,1231.38191
1173.548884,328,1231.521196
1155.006181,305,1232.38397
1104.75017,351,1232.57589
1385.114478,394,1232.762918
1678.936694,468,1245.976141
1629.211917,500,1246.179155
1555.763827,429,1247.101548
1037.410352,293,1247.252587
1324.056874,370,1247.423777
1306.632392,387,1247.592888
1431.86901,500,1247.801239
1208.815849,340,1247.94293
1294.572592,363,1248.859886
1636.799027,500,1249.097319
1316.511545,377,1249.261408
1610.25212,500,1249.472952
1319.231606,337,1250.343385
1306.375314,500,1250.605004
1479.95166,500,1250.830122
1071.358634,317,1250.965349
1619.328391,500,1251.173755
1131.79212,325,1252.062897
1640.531038,465,1252.29844
1551.982836,427,1252.499093
1623.151166,500,1252.71397
1724.84118,500,1252.921786
1322.661438,500,1253.912244
1593.012836,500,1254.137996
1717.836668,500,1254.354996
1862.188846,500,1254.563288
1236.932345,385,1255.492869
1200.478538,334,1255.653326
1274.549088,344,1255.80858
1036.19792,263,1255.921659
188.438718,89,1255.960582
1113.20617,297,1256.084761
1289.510343,337,1256.223316
1161.708499,341,1257.131591
1597.34051,392,1257.319019
1127.577657,324,1257.466356
1481.685639,500,1257.679563
1253.978789,380,1257.838174
558.985017,189,1257.915591
1519.374353,500,1258.911627
1240.468114,323,1259.063704
1930.500979,473,1259.27058
1582.954934,500,1259.479939
1321.198285,347,1260.372043
1696.958342,500,1260.629299
1186.304612,312,1260.770048
189.57295,93,1260.813559
1365.059546,379,1260.975864
1739.749862,500,1261.182441
1261.578523,351,1262.080367
1527.318795,422,1262.293118
193.731924,86,1262.335593
1472.661063,500,1262.561511
1626.579545,500,1262.779284
1815.52305,500,1263.742355
1458.553763,351,1263.933717
367.949351,148,1264.007989
1532.343379,500,1264.239497
334.36669,145,1264.305151
1838.585278,500,1264.523134
1563.245264,500,1265.510856
468.766919,184,1265.607479
1514.397669,500,1265.841288
1627.207132,500,1280.606836
1658.383289,500,1280.818146
1326.015623,363,1281.731407
1347.939109,389,1281.923756
1337.502676,338,1282.075636
1266.359708,334,1282.219218
1561.295694,449,1282.408757
763.077938,224,1282.505198
1300.993479,500,1283.501665
1137.369749,327,1283.661227
1492.832965,500,1283.889529
1882.204863,478,1284.120255
1480.985766,500,1285.136527
375.450257,149,1285.214782
1291.648119,334,1285.376167
1499.557443,402,1285.55827
1831.465141,477,1285.768544
1705.325934,500,1285.991033
1575.090342,500,1287.022323
156.697905,79,1287.061721
191.235172,94,1287.109628
1237.967857,340,1287.273467
1333.762982,500,1287.503189
1126.963913,319,1287.649903
1492.438609,500,1288.671796
1922.937211,476,1288.911594
1532.159905,500,1289.14947
1489.609317,500,1289.368274
1497.527754,500,1290.374076
1080.606621,310,1290.524896
1234.491267,349,1290.685019
1438.009366,500,1290.900025
920.450604,291,1291.023692
1075.761033,313,1291.163398
1160.898756,367,1292.203017
1558.326528,500,1292.480414
1611.250501,500,1292.744622
1154.332943,346,1292.906443
1482.163017,500,1293.885324
363.586589,147,1293.970467
967.525992,284,1294.11746
736.913938,260,1294.243062
1641.940305,398,1294.421972
1313.902402,500,1294.635844
1468.145455,500,1295.595599
1831.471342,500,1295.848081
1447.890412,500,1296.070833
1731.435039,500,1296.286102
1429.604883,500,1297.24118
1368.079318,500,1297.497683
1635.036108,500,1297.724096
2075.335685,500,1297.935387
1561.477441,459,1298.122433
1418.896516,380,1299.0526
1666.60596,500,1299.306978
1640.546537,445,1299.509889
1527.646891,500,1299.723331
1470.581644,500,1300.700551
378.318823,146,1300.775169
1910.593623,500,1301.012295
1673.494464,500,1301.228629
380.521632,150,1301.291522
1567.512754,500,1315.631556
1662.256756,500,1316.624261
1554.737983,500,1316.853286
1498.571997,412,1317.029521
1344.363941,500,1317.236031
1885.954884,500,1318.204869
1526.612185,500,1318.437449
1572.334953,450,1318.632276
1728.933928,500,1318.840057
568.941873,189,1318.918784
1779.187023,492,1319.918858
864.062552,262,1320.04542
1693.825998,500,1320.266986
1634.246304,500,1320.478123
717.739332,211,1320.566089
1818.648969,475,1321.544775
1986.035286,500,1321.786525
1588.643975,500,1322.008497
1428.488782,500,1322.220817
1393.641417,397,1323.144736
1184.861183,370,1323.328908
1716.6093,472,1323.539973
1473.283007,395,1323.705787
1652.406529,500,1323.920744
1755.864232,500,1324.915299
1513.298623,500,1325.15052
1466.020388,500,1325.368317
1523.459552,500,1325.586339
1207.33877,329,1326.639848
1752.506156,500,1326.908599
1469.202813,500,1327.143073
308.45648,139,1327.206598
1340.365482,365,1327.364407
1601.304518,500,1328.327572
1472.73377,500,1328.580821
1596.537201,465,1328.809383
1481.13114,363,1328.982597
1720.007601,500,1329.204036
195.978734,91,1329.246053
1201.957169,331,1330.165572
1396.248838,500,1330.409585
983.596198,261,1330.528715
1718.300395,500,1330.745647
1792.393142,500,1331.700585
1682.018888,500,1331.966339
2008.333738,500,1332.198668
1473.531328,500,1332.415167
879.910717,294,1332.541929
1237.687809,364,1333.466379
204.205996,95,1333.522176
1879.445603,500,1333.808383
1700.249129,500,1334.053068
1168.083722,329,1334.203118
1827.65833,500,1335.17639
1053.403834,331,1335.357431
1397.829558,385,1335.541728
1599.105105,500,1335.76533
330.718643,137,1335.824184
1559.510019,436,1336.007973
1910.122596,500,1352.521698
1542.057954,500,1352.740428
1878.574402,500,1352.956432
1236.836609,353,1353.108431
1828.411757,500,1354.116156
1561.779536,500,1354.384396
1611.519929,500,1354.618816
1394.945042,500,1354.837417
1198.026339,329,1354.978778
1155.037684,333,1355.896195
1583.176958,500,1356.154452
1532.311689,436,1356.351909
163.844394,84,1356.399743
1832.204708,500,1356.635077
1266.624519,319,1356.781217
1898.487914,500,1357.802595
1304.51845,388,1357.992415
1669.938247,500,1358.222554
520.424619,195,1358.310965
1694.868562,500,1359.494086
1803.192342,453,1359.754508
1404.443585,500,1360.040665
1424.429791,500,1360.317261
1678.289041,475,1360.614409
1475.494599,443,1361.907542
317.861937,134,1361.984274
1433.36764,500,1362.277689
1569.079319,500,1362.56869
985.819731,319,1362.756358
614.9223,233,1362.892535
1659.66901,500,1364.073113
687.279429,221,1364.196393
1037.009157,306,1364.356692
1304.313199,344,1364.603904
1602.001565,500,1364.898949
1884.004431,500,1365.986672
1914.152576,500,1366.22548
1441.34355,500,1366.44436
1921.224317,500,1366.655279
1628.57721,402,1367.611045
1663.257007,500,1367.901763
1332.673158,345,1368.117762
1620.888648,500,1368.474194
206.33667,98,1368.542418
1400.237347,500,1370.353347
1195.677351,352,1370.645024
1575.752117,500,1371.032962
1433.493875,420,1371.377608
1350.60085,345,1371.660081
1655.811694,500,1373.385679
1407.79525,363,1373.717143
1383.066365,500,1374.09896
1359.198823,500,1374.389596
1430.829694,500,1374.689965
189.20082,92,1375.786492
1292.396256,410,1376.020238
1158.370576,319,1376.204975
1903.333355,500,1376.490924
1713.515711,427,1376.735277
1881.014921,500,1378.185293
1538.359824,500,1396.103271
1529.178887,453,1396.29695
1335.133249,369,1396.454814
1801.646451,500,1396.664684
