#{"t_start": 1707000274.6027873, "env_id": "CustomHopper-source-v0"}
r,l,t
9.637521,17,0.366481
8.549958,17,0.3729
11.911228,15,0.378608
5.338611,12,0.383179
6.175987,12,0.387686
11.933733,18,0.394473
9.0211,16,0.400543
10.493381,16,0.406631
13.654774,23,0.41531
11.120789,13,0.420271
4.237487,14,0.425615
11.54181,14,0.430839
15.069519,17,0.437143
2.794156,11,0.441322
5.561284,9,0.44467
8.385045,19,0.451773
15.733577,17,0.459864
4.813681,10,0.463605
11.763436,16,0.469461
2.679268,18,0.476114
5.27627,9,0.479548
15.900894,18,0.486221
7.865454,11,0.490247
12.137735,21,0.498226
63.214407,39,0.512604
13.04092,32,0.524599
35.328212,27,0.534749
5.836742,15,0.540277
49.152626,34,0.552758
13.776174,16,0.558876
7.827982,15,0.566077
10.646253,11,0.571204
7.35576,13,0.579068
13.823917,17,0.587431
85.244429,49,0.60585
5.554409,15,0.611673
5.842198,10,0.615446
7.041638,10,0.619233
13.407856,30,0.631495
5.323669,10,0.637188
14.775432,19,0.648538
14.9597,20,0.658716
12.029023,19,0.667618
14.795461,19,0.674993
17.374443,28,0.685548
9.772,12,0.690061
23.03937,22,0.698429
4.97989,8,0.701488
11.261257,13,0.706215
7.395896,13,0.7111
9.576556,13,0.716002
70.378931,51,0.734597
15.892655,24,0.743555
9.266786,13,0.748382
19.394403,19,0.755305
10.290107,14,0.760432
5.123027,13,0.766923
17.081257,22,0.775042
9.200552,11,0.779149
10.846581,19,0.786236
8.690712,10,0.789991
14.700298,16,0.795928
15.395894,19,0.803037
5.965321,10,0.806879
7.366873,11,0.81087
4.643835,10,0.814641
8.675311,11,0.818782
57.225944,42,0.834142
5.161255,18,0.840905
17.97401,22,0.848973
8.585592,14,0.854251
7.914382,15,0.859847
17.00206,19,0.868577
12.077716,14,0.873764
12.297709,13,0.878628
11.431654,14,0.883826
4.321575,8,0.886792
14.653231,19,0.893929
14.286097,18,0.900584
4.903489,14,0.9059
28.481823,43,0.921836
6.934969,9,0.925154
5.263461,9,0.928519
5.490197,11,0.932582
7.569033,22,0.940735
5.058467,11,0.944832
30.888403,26,0.954337
15.497092,27,0.964217
14.139278,27,0.975918
14.723366,21,0.983735
10.072215,19,0.990829
3.678224,7,0.993445
6.786529,11,0.997491
2.863446,12,1.001985
5.857565,17,1.008238
6.915388,11,1.012376
14.287619,21,1.020195
16.892662,19,1.02718
13.803401,27,1.037188
13.504567,15,1.042873
6.774127,19,1.049939
17.154222,18,1.056632
9.126095,12,1.061152
12.761735,18,1.06942
7.175117,11,1.073621
11.631133,16,1.079988
10.70852,18,1.08712
56.033082,45,1.104573
7.549743,15,1.110329
3.778585,14,1.115664
21.657106,28,1.126304
18.24585,28,1.137229
9.947591,15,1.142874
7.005155,11,1.147117
14.303039,18,1.154001
23.013766,27,1.736212
82.025131,76,1.764981
16.309212,24,1.774158
52.140936,36,1.789036
60.004931,72,1.816529
11.80087,15,1.822299
76.795543,81,1.852949
66.417242,44,1.86945
10.455953,14,1.874705
5.371038,29,1.887144
14.838228,18,1.89386
20.784184,21,1.901671
5.872203,11,1.905797
8.525752,11,1.909886
15.652144,18,1.916914
23.716713,20,1.924541
17.838764,27,1.935297
51.19124,37,1.949248
103.671178,61,1.971695
103.426013,60,1.995146
16.348973,15,2.000811
117.211932,82,2.032078
17.021899,19,2.039437
4.613438,7,2.042193
16.599602,20,2.049841
78.23107,46,2.066958
41.6381,30,2.078043
9.312333,24,2.088395
8.246511,10,2.092031
9.485648,12,2.096395
42.26509,39,2.110816
57.091873,54,2.131755
21.172838,38,2.146103
34.980746,29,2.156927
65.605502,50,2.175535
121.134975,79,2.206051
55.593419,39,2.220549
9.18337,14,2.225831
12.503012,20,2.233595
18.097312,19,2.240815
8.230603,11,2.244956
66.302393,41,2.260282
23.516985,32,2.272238
12.505271,17,2.278602
7.885636,11,2.282731
9.181472,26,2.294025
29.895704,46,2.310971
15.240146,16,2.317572
104.698544,55,2.338012
7.991245,10,2.341831
29.200943,26,2.351591
41.428805,44,2.368061
23.544641,22,2.376292
10.109767,15,2.381923
20.982803,26,2.393085
41.869219,49,2.41137
35.561127,50,2.430029
26.378282,44,2.446608
24.96296,33,2.459264
17.802198,23,2.467836
31.031461,25,2.4771
86.443719,83,3.073871
10.669266,27,3.084473
10.73763,13,3.089633
88.681802,50,3.10973
112.223127,57,3.130817
125.853385,62,3.154329
12.123755,16,3.160636
7.064507,13,3.165642
25.84332,37,3.179693
23.282587,41,3.195368
35.772583,23,3.204218
6.152949,13,3.210645
124.727527,124,3.25662
175.196997,105,3.296305
35.388052,50,3.316304
41.445548,54,3.336575
11.84021,14,3.341922
93.143091,54,3.362419
99.574492,68,3.387897
57.422718,47,3.405938
62.317638,46,3.424703
161.409338,80,3.454612
12.682096,31,3.466278
31.097413,44,3.482956
156.415199,88,3.517465
15.248029,29,3.528742
60.149454,55,3.550413
80.534357,50,3.569718
133.75186,76,3.599439
13.537906,16,3.605727
29.884588,25,3.617016
23.22214,21,3.625085
153.794091,70,3.652214
156.229804,72,3.679285
49.857558,46,3.696639
39.601794,38,3.711077
121.533986,86,3.745123
72.210804,45,3.762255
94.054516,59,3.784054
143.850576,74,3.811942
125.018326,68,3.838677
18.506129,16,3.845349
49.752556,38,3.859748
57.1119,46,4.472925
180.980031,87,4.507785
27.971567,24,4.517423
34.366454,28,4.529936
7.754071,10,4.533954
235.176352,115,4.579874
32.233163,25,4.58969
12.516173,14,4.595547
271.790932,141,4.651755
90.474446,54,4.67356
83.796286,53,4.695154
33.038868,36,4.709661
146.693359,87,4.745674
101.209606,55,4.76856
38.93041,32,4.781284
62.103417,36,4.795766
80.607413,50,4.815407
101.105748,65,4.84353
134.584317,67,4.870386
9.673387,13,4.875454
12.66297,20,4.883538
91.154687,63,4.908641
127.267048,76,4.939844
224.645766,103,4.979218
24.08574,27,4.991173
45.864682,35,5.004407
250.488149,127,5.053009
60.549476,42,5.068732
147.337714,73,5.095711
13.8846,17,5.102146
94.154512,51,5.120871
102.383544,72,5.149916
18.985801,26,5.160309
137.350805,69,5.187713
280.960162,158,5.250148
206.271852,92,5.864863
150.036087,78,5.894177
159.66338,88,5.926951
85.153146,59,5.949533
47.951365,36,5.964394
102.720669,54,5.986288
182.125817,85,6.021821
136.770487,67,6.047591
78.220625,44,6.067998
114.384561,58,6.091823
193.201884,85,6.12441
29.980684,29,6.13571
198.062656,87,6.17272
90.794998,49,6.193253
223.459278,108,6.237837
117.717481,62,6.264222
165.399899,78,6.293362
187.421583,97,6.33107
211.408117,90,6.366194
226.314424,106,6.406305
22.414522,21,6.414238
132.29738,64,6.437906
115.280204,59,6.460142
217.72713,93,6.495996
102.610343,53,6.515409
210.210612,90,6.548412
134.657844,70,6.576645
105.979104,63,6.600225
219.526703,94,6.636632
143.694712,71,7.220304
197.702324,86,7.252364
186.092254,85,7.285614
98.585686,52,7.305036
210.43912,89,7.337871
77.907256,46,7.355119
210.733156,94,7.391086
146.018421,76,7.419815
158.542313,74,7.447173
74.607527,43,7.462902
213.911769,94,7.498811
188.809901,83,7.529416
72.797786,46,7.546566
136.867142,83,7.576607
185.563734,82,7.60811
190.683631,84,7.639134
145.805764,68,7.6643
63.999968,36,7.677592
176.699512,78,7.70762
238.511932,111,7.748495
166.760366,84,7.779242
126.689651,65,7.804306
149.687228,79,7.832974
203.560066,92,7.866562
28.333998,24,7.87563
193.538788,92,7.910364
138.662032,103,7.948735
75.127543,45,7.96546
216.821174,93,8.558208
207.373817,89,8.591593
175.840346,84,8.624127
212.021599,90,8.658198
207.249525,90,8.691553
212.694918,93,8.728073
198.194538,85,8.759765
206.108189,89,8.792595
216.254209,96,8.830191
208.046007,97,8.866091
222.23748,97,8.901705
218.321556,93,8.938061
213.375981,92,8.972015
217.701185,91,9.007692
158.150472,76,9.035991
215.065505,97,9.07189
214.05305,102,9.111223
178.854024,80,9.141718
211.58022,90,9.175513
223.882739,96,9.212366
213.015601,91,9.25225
212.576879,91,9.296456
105.853338,60,9.335953
210.296597,89,9.933025
223.22538,93,9.968267
219.398498,94,10.003103
199.18849,86,10.03663
217.351298,91,10.071012
218.981878,96,10.106847
214.185747,89,10.140975
223.617555,102,10.179659
234.404865,99,10.216421
210.314752,90,10.251202
203.982247,86,10.284209
213.925018,97,10.320306
215.356085,95,10.357043
225.294565,105,10.395924
214.084426,93,10.431968
208.573015,89,10.465606
225.878509,104,10.504136
210.312319,89,10.538509
219.140219,96,10.574857
207.98082,88,10.607794
204.278363,87,10.641393
222.672211,99,10.678711
211.91447,90,11.279248
218.519118,95,11.315226
202.342116,87,11.349357
223.190932,99,11.389121
205.696902,89,11.422915
129.863567,65,11.448518
208.805539,90,11.482937
211.411659,89,11.516332
212.933315,90,11.551453
213.207274,90,11.585745
207.065397,92,11.620062
220.272305,94,11.656732
219.580191,101,11.695179
219.451562,94,11.730295
75.968735,46,11.74762
239.030525,114,11.792148
210.00542,93,11.826905
213.798358,93,11.864941
206.623399,89,11.898888
218.854123,97,11.93534
206.152904,90,11.970037
219.441513,98,12.006593
219.068936,97,12.604947
201.504437,86,12.637451
217.28454,92,12.673571
204.424947,87,12.707212
191.582868,83,12.738107
212.491419,90,12.77321
212.999317,92,12.80804
228.509643,97,12.843925
216.10995,92,12.879456
221.030125,107,12.919951
212.720297,98,12.956097
217.351172,92,12.991765
224.939864,100,13.029502
214.667325,90,13.062963
200.469511,89,13.097454
208.90907,89,13.131404
214.524848,92,13.16585
217.085333,92,13.201935
230.819073,107,13.243262
210.068918,90,13.276616
209.747271,91,13.311703
222.822462,94,13.346771
240.921805,116,13.97537
117.957696,59,14.000182
217.670285,92,14.036051
213.172943,92,14.072344
237.804723,108,14.115648
205.977125,88,14.150503
226.38137,100,14.189106
216.796789,93,14.226416
231.968883,108,14.268836
212.448651,89,14.305389
218.845957,94,14.341926
219.004765,94,14.37789
230.964983,114,14.424043
198.468075,86,14.457015
210.432432,89,14.490697
215.325816,90,14.526526
215.201169,90,14.561011
212.878852,91,14.59671
221.151266,107,14.639568
237.951076,106,14.680212
223.115324,105,14.722267
215.645621,94,14.758295
240.617372,118,15.386841
209.563334,89,15.42397
219.901817,93,15.459973
237.389896,113,15.503595
209.649384,93,15.540889
243.009356,121,15.587215
220.706706,94,15.62561
214.720705,91,15.660698
218.566608,94,15.696923
229.061719,106,15.738872
209.044304,91,15.773565
222.079232,97,15.811178
218.619453,93,15.848284
210.228729,91,15.88304
209.017013,89,15.917503
222.141063,99,15.957067
214.51323,91,15.99364
228.546844,96,16.030367
226.195788,100,16.070663
214.183626,92,16.10632
214.310635,91,16.142647
216.892867,91,16.765963
231.391769,100,16.805678
185.337594,82,16.837876
216.351464,91,16.875338
217.137423,93,19.839416
210.129214,91,19.87484
215.874122,92,19.912037
221.466811,95,19.949001
235.341562,112,19.992606
226.296661,103,20.033586
224.72999,94,20.070082
216.854385,91,20.10657
207.009542,88,20.140414
202.731177,86,20.174122
224.114037,98,20.216366
219.711363,94,20.253736
216.315822,99,20.292205
204.581377,89,20.328372
218.658447,92,20.36466
216.577317,93,20.400589
216.075188,92,20.438312
215.061541,93,20.474442
207.897025,91,21.097274
215.226326,94,21.13537
220.039723,92,21.171824
233.013635,102,21.212509
212.539006,95,21.251355
221.955973,94,21.288303
215.495309,92,21.325539
247.854008,103,21.36597
225.85402,95,21.402791
158.96094,77,21.434388
233.007915,108,21.476298
208.252111,91,21.511385
254.414403,107,21.553714
203.45524,94,21.590168
210.536852,91,21.6256
218.739342,93,21.662506
214.483161,90,21.697899
235.609811,110,21.742177
231.557413,100,21.781099
214.252375,90,21.815835
222.659489,95,21.853708
230.880544,108,22.49079
228.298641,104,22.532021
227.360626,100,22.573001
226.715494,106,22.614817
220.955001,97,22.654331
213.924143,91,22.689741
239.875235,113,22.734782
268.450075,123,22.784076
229.417693,103,22.824942
260.521293,110,22.868679
192.262256,86,22.90243
218.086523,92,22.938245
217.669639,96,22.97656
235.330433,98,23.014957
237.126439,105,23.057485
228.959295,97,23.095655
242.643629,122,23.143265
214.506303,91,23.180127
223.401852,99,23.21874
211.935535,92,23.255998
237.537664,115,23.893218
262.387593,126,23.94339
255.267192,114,23.989405
326.038956,153,24.049151
223.32694,98,24.088638
241.175334,116,24.133858
245.786887,106,24.176745
263.885695,135,24.229466
254.388928,119,24.277385
218.67863,97,24.315422
213.683763,91,24.35086
254.433396,122,24.399441
232.15557,111,24.442766
288.644715,152,24.502871
242.292472,115,24.547127
304.387373,136,24.601462
254.147985,103,24.641649
258.245249,132,25.281602
225.870096,97,25.321499
242.859024,112,25.36604
260.835027,135,25.420195
293.138187,130,25.470912
237.890057,111,25.515673
279.98379,110,25.558185
264.989087,135,25.612286
328.183891,151,25.671095
218.325605,115,25.717365
230.161785,104,25.758075
242.127862,118,25.805061
267.625966,129,25.855613
216.515641,124,25.905506
314.882846,147,25.962741
251.383266,121,26.010831
287.707888,111,26.053587
301.651207,128,26.695204
176.435036,97,26.734966
242.066071,117,26.782032
331.807273,147,26.840463
290.778001,121,26.888176
301.807211,126,26.939193
258.816118,121,26.986601
258.622005,123,27.035794
310.713624,126,27.085203
243.395603,117,27.131893
337.345525,145,27.188779
211.678811,115,27.234462
319.444144,126,27.28332
255.691051,114,27.328804
274.567796,138,27.382906
331.387724,150,27.443397
382.741071,165,28.101097
346.674918,160,28.166088
339.570878,157,28.229204
93.554254,55,28.251988
318.213207,133,28.304595
346.795778,139,28.359535
376.477743,170,28.42745
315.750986,137,28.482445
353.431234,136,28.53524
323.968568,143,28.592306
405.652074,180,28.663375
325.460259,124,28.711514
303.944724,122,28.759307
204.770411,94,28.796139
345.317007,134,28.84788
339.131387,148,29.502338
253.552075,118,29.549568
368.058029,144,29.609281
354.409055,145,29.667467
311.445671,127,29.717765
310.748813,124,29.767644
309.508499,125,29.816397
346.485301,136,29.870775
365.57048,146,29.927704
335.173275,134,29.981478
354.162086,137,30.034867
331.172838,146,30.09347
355.058663,135,30.145922
253.244761,106,30.188737
325.009586,131,30.239774
358.068912,146,30.29701
314.094189,147,30.953756
418.343282,182,31.027376
288.486179,114,31.072246
324.053739,125,31.124396
328.380649,123,31.173062
364.150482,174,31.243024
345.193926,132,31.296284
347.317267,129,31.34621
261.415575,109,31.388856
191.888632,87,31.424421
215.705745,97,31.462671
338.598428,127,31.51365
228.683648,97,31.55142
314.990032,128,31.603024
319.583492,127,31.652265
261.677985,118,31.699987
226.197677,99,32.355887
208.617507,91,32.392555
301.515433,120,32.44322
204.42887,92,32.4804
383.603799,141,32.537914
284.76011,118,32.585199
347.022328,130,32.638363
274.745765,111,32.682888
330.010753,142,32.740759
296.547048,115,32.786622
337.162158,139,32.842728
211.044223,93,32.880089
322.392561,129,32.932303
378.693748,134,32.985652
343.306652,138,33.04172
374.160084,163,33.106148
181.010919,82,33.14114
382.478143,143,33.803556
383.206608,135,33.85878
330.533119,121,33.907512
361.634967,133,33.9616
299.502935,114,34.007436
365.904521,149,34.068166
371.58707,130,34.119762
324.25462,133,34.17476
325.011295,135,34.228734
351.358255,140,34.286162
330.130736,127,34.335598
300.51432,130,34.389334
373.277787,141,34.447297
379.525187,165,34.512152
382.721436,142,34.56911
385.918304,136,35.225917
359.505649,133,35.280047
299.527336,127,35.331003
381.800029,151,35.391485
388.575928,140,35.448441
357.431417,136,35.503817
434.558763,166,35.570745
369.043887,137,35.624986
351.143429,132,35.678474
474.42013,174,35.746334
392.367686,150,35.807354
351.99876,137,35.861104
358.717163,128,35.913632
369.454885,138,35.967765
342.403711,131,36.625319
458.795386,161,36.692059
414.45195,144,36.750024
429.266385,153,36.811575
340.847607,140,36.867726
395.317327,143,36.926413
324.655329,127,41.476858
360.080604,136,41.528313
192.62311,89,41.563962
334.11936,131,41.613985
349.843606,137,41.667102
627.686691,203,41.74362
233.415449,115,41.788124
341.173565,122,41.834852
360.867954,133,41.88926
559.853042,219,42.582121
368.598955,144,42.638451
368.759324,135,42.692014
373.52392,145,42.747666
417.248261,149,42.805785
376.197951,149,42.8628
407.646317,150,42.92174
372.007541,139,42.974539
443.523242,155,43.035331
369.92248,133,43.086852
358.956656,130,43.137245
395.875439,140,43.191652
385.122786,145,43.247534
385.841416,139,43.30136
475.110028,181,43.947763
393.331309,134,43.998537
364.120715,129,44.049608
515.792065,181,44.119403
402.278638,144,44.174863
403.639841,144,44.230876
373.55149,133,44.281141
342.839389,134,44.332992
381.371975,137,44.384579
350.100096,128,44.435154
494.064087,177,44.501332
383.43365,133,44.552652
368.298639,134,44.602713
363.749683,128,44.651749
334.313958,122,45.266853
433.482814,149,45.325238
451.373211,165,45.387115
404.127505,143,45.442752
421.061921,148,45.498691
397.308196,139,45.552799
343.450665,124,45.600067
623.021584,204,45.677606
454.750741,155,45.73733
400.391413,141,45.790268
324.597485,120,45.837475
420.222901,149,45.893337
366.431378,130,45.943639
376.61811,134,45.99406
448.042697,153,46.622259
455.931539,154,46.682466
399.178284,137,46.734716
392.527521,132,46.786198
393.871785,140,46.839021
405.851254,138,46.893711
400.263395,142,46.947554
746.557842,244,47.040414
467.476462,159,47.101638
484.436578,164,47.164277
472.600512,158,47.224306
258.037256,102,47.263938
493.390878,166,47.326492
373.200215,127,47.375637
610.460237,194,48.025529
786.929887,270,48.129537
444.539969,164,48.192732
562.698145,177,48.259389
633.232221,204,48.337222
484.882502,164,48.400028
283.552362,114,48.443576
365.886595,126,48.492423
638.84541,200,48.5674
387.676044,139,48.621515
393.642321,140,48.67415
567.536799,185,48.74473
541.811146,178,49.387602
344.826057,131,49.439289
523.676419,171,49.507414
616.933935,204,49.584298
291.005532,125,49.632939
621.612155,198,49.70954
432.046284,164,49.771442
536.518812,176,49.839408
854.679266,307,49.956007
550.780482,178,50.023995
657.592998,212,50.104774
634.654258,207,50.756572
519.771071,171,50.822728
632.736814,208,50.901165
651.61532,206,50.980772
611.840626,198,51.05655
488.645143,170,51.120635
538.108252,173,51.187003
571.277194,197,51.262423
164.921689,83,51.294236
759.808504,255,51.39124
208.225819,92,51.428149
391.173673,143,52.061421
567.125411,186,52.133237
607.376918,189,52.20688
538.964261,178,52.27629
642.03178,212,52.357791
625.914508,197,52.432808
624.962287,201,52.5105
735.424112,239,52.602398
617.388973,195,52.678302
1108.013737,358,52.81496
466.674081,165,53.457281
661.069471,210,53.539742
503.433972,167,53.606317
469.29661,159,53.667155
576.391558,184,53.738675
564.53335,181,53.809419
611.069207,195,53.884162
617.167743,203,53.961484
732.577314,231,54.050236
521.167461,175,54.118763
287.658418,131,54.168246
453.034723,151,54.807107
519.01506,177,54.875351
243.200352,103,54.916775
513.353612,164,54.979982
648.265434,213,55.063304
655.88452,212,55.145917
543.506112,190,55.220381
641.148231,212,55.301662
425.756847,149,55.360455
392.345404,152,55.420315
654.427582,213,55.501507
262.387297,110,55.545642
609.564748,205,56.236938
632.759152,200,56.331201
427.686514,145,56.396237
290.388932,114,56.447464
644.807603,198,56.532014
639.619448,208,56.617394
422.525937,145,56.67797
236.76282,111,56.72389
595.730479,192,56.800886
589.572861,196,56.879673
598.634749,195,56.957622
463.01447,153,57.01637
672.246104,215,57.793108
633.616432,208,57.893476
632.343332,201,57.984586
386.64767,149,58.048157
682.29283,216,58.138434
468.793368,161,58.204914
735.249901,233,58.299366
531.073642,175,65.798453
672.346149,212,65.877779
652.743863,211,65.958414
575.522909,186,66.691791
510.049463,168,66.778276
618.757744,200,66.871516
1057.161807,388,67.038415
729.220048,237,67.135793
636.873063,209,67.220234
563.360767,196,67.296217
660.415074,206,67.377674
761.167357,261,67.48025
540.424559,178,67.550202
1019.246494,340,68.374414
541.828136,182,68.455151
688.485513,230,68.552549
1124.344314,362,68.698268
342.829113,139,68.755386
568.31395,186,68.828403
493.25593,165,68.893734
661.678309,211,68.977666
647.812326,203,69.057478
520.94761,176,69.805022
705.732642,222,69.910564
603.409822,188,69.995115
288.396597,110,70.042618
634.655244,205,70.129474
660.243726,208,70.215945
274.572384,112,70.2611
671.882451,215,70.346411
592.546461,191,70.423276
499.555072,171,70.492061
820.333642,269,70.596569
824.742373,257,71.387248
700.692426,223,71.49041
843.36036,260,71.602922
626.340373,196,71.682685
919.567972,287,71.800175
719.05534,233,71.891198
893.678409,287,72.019916
669.751888,206,72.107055
680.728817,213,72.878004
493.017599,176,72.962772
1527.234863,500,73.178421
519.139464,177,73.251393
631.501894,200,73.332923
676.346248,214,73.418842
716.60616,232,73.511395
602.749394,198,73.589631
890.774283,291,74.376871
618.933271,210,74.478894
723.202082,226,74.580109
746.47827,251,74.688004
1028.909468,325,74.819691
677.659172,216,74.906003
978.797524,317,75.03023
729.935299,239,75.126556
1340.062531,429,75.980064
459.499659,183,76.064017
934.827636,301,76.19466
247.343167,110,76.238457
1224.281775,410,76.404134
677.796529,218,76.49071
602.714155,193,76.566899
957.292644,308,76.689063
627.776528,198,77.432328
655.951518,209,77.533158
801.160431,257,77.646057
892.147311,282,77.763346
930.015973,305,77.898353
672.828562,214,77.987372
866.15662,288,78.103383
668.059623,216,78.188121
1116.692572,374,79.013486
822.47745,255,79.130227
293.221836,136,79.191716
619.114896,205,79.278508
604.428226,207,79.364297
507.368343,161,79.428005
1010.976085,377,79.578809
1123.291511,379,79.725556
1098.048189,393,80.573487
979.900688,318,80.714417
806.051871,257,80.82129
1020.451003,330,80.953593
636.007159,200,81.032002
407.425963,155,81.094458
852.198158,267,81.197608
1341.824461,437,82.047708
438.60138,147,82.118386
796.071176,254,82.231095
681.966067,219,82.323355
778.604616,249,82.423926
788.653797,261,82.527977
1020.602093,322,82.654178
630.544585,214,82.738043
686.826373,216,82.820814
589.959781,196,83.569579
549.696884,208,83.66614
629.784787,198,83.752094
308.406014,130,83.805882
1052.125817,331,83.941006
1177.574859,373,84.086511
663.353145,205,84.16564
451.649109,162,89.047525
1258.981602,389,89.838977
559.65437,180,89.920747
892.472627,291,90.047902
542.879331,175,90.11805
830.257516,261,90.223902
1140.861567,358,90.366123
659.140336,249,90.463059
392.635261,158,90.52316
905.203449,292,91.30514
1084.627274,417,91.497051
1228.11805,385,91.655342
1241.493372,500,91.852937
910.103966,283,91.965713
1286.060898,500,92.836211
931.27524,293,92.971586
639.430468,209,93.0605
679.135967,214,93.149329
644.767714,203,93.231127
857.888635,272,93.338714
1366.477401,500,93.536912
648.151877,203,93.617241
758.090248,249,94.390241
851.545389,273,94.516685
588.223905,200,94.600269
482.161443,160,94.667107
1237.160278,500,94.867997
119.857959,66,94.893752
1195.373143,379,95.043559
586.74047,245,95.141373
909.107856,290,95.92591
929.183728,289,96.054661
1010.361339,319,96.187424
833.875714,261,96.290159
666.127704,211,96.373995
854.87656,273,96.48244
677.715431,214,96.567412
610.547758,198,96.645138
1251.883425,411,97.492532
579.211456,182,97.572194
1284.298676,500,97.775316
1101.328853,355,97.914817
829.974545,266,98.020111
1091.120414,351,98.159431
868.742599,272,98.936725
760.257952,238,99.044046
713.81928,232,99.143568
865.444263,280,99.257842
776.733924,246,99.355699
1008.379222,309,99.478577
805.363726,258,99.581438
862.811321,266,100.343089
570.877049,220,100.45221
959.881203,401,100.62738
570.834037,223,100.71936
703.830665,229,100.810365
689.8583,222,100.899248
614.887349,223,100.988528
613.313465,226,101.079482
941.356204,301,101.854112
936.975964,299,101.999517
869.588496,312,102.139498
919.424544,293,102.262328
1392.587775,500,102.458192
1118.643923,393,102.614439
811.119103,304,103.39084
1286.387312,402,103.574238
1214.166206,500,103.779629
875.85797,277,103.890682
1356.578024,433,104.060518
996.172829,307,104.181006
1103.126105,343,104.990055
669.686137,250,105.101079
911.486075,287,105.221896
914.784735,283,105.337707
597.084111,216,105.424186
564.737002,218,105.509398
811.134209,254,105.609689
600.836505,215,105.695267
737.305052,229,106.489944
1135.744182,345,106.651402
868.211423,266,106.765438
680.431979,218,106.855377
875.013314,317,106.982106
930.685645,283,107.094833
1176.679128,361,107.238176
836.838788,261,118.386987
607.993533,217,118.473798
587.645219,219,118.561428
1128.265806,356,118.701719
717.334028,230,118.792725
689.597187,229,118.88351
877.445687,278,118.993812
753.17706,238,119.08803
974.632758,304,119.810386
865.947783,273,119.921029
1518.484423,500,120.119705
755.563823,237,120.214476
875.341035,269,120.321332
1163.6584,363,120.464659
1155.571839,362,121.215623
605.304517,220,121.305875
798.671191,251,121.407899
942.184572,291,121.526623
731.379492,227,121.619009
899.540245,281,121.734321
992.848789,311,121.858719
1476.513648,464,122.654691
801.033276,252,122.759159
619.388829,197,122.839543
913.301623,281,122.953598
481.626835,183,123.026885
1570.765018,492,123.222319
1074.604261,335,123.357334
1221.308855,500,124.172276
791.821459,354,124.314801
639.144468,243,124.411942
1137.458516,500,124.611502
1091.738691,403,124.772699
1339.036724,500,125.578579
1126.946388,395,125.73714
895.302215,289,125.852096
1129.681555,365,125.997818
1229.651586,500,126.196987
829.443454,271,126.925905
475.041733,178,127.007051
910.259092,281,127.129498
718.458421,229,127.225703
811.988186,254,127.330709
957.959941,311,127.457129
1248.223742,380,127.611744
1290.957069,500,128.536849
1170.731224,373,128.71046
1521.06001,476,128.913445
965.983808,299,129.036231
1357.952677,424,129.203854
1508.672895,473,130.113453
926.485686,286,130.24752
791.760275,242,130.354133
828.450642,250,130.459681
782.452161,245,130.561057
674.79105,220,130.650367
669.650233,207,130.733712
637.90955,209,130.817567
690.74864,221,131.645661
651.136114,212,131.752338
1239.565318,392,131.930949
907.905301,278,132.050982
641.337725,197,132.133481
893.16455,282,132.248916
839.581469,254,132.350011
770.374704,240,132.446186
1014.501058,309,133.275323
829.629776,257,133.40082
749.739228,237,133.507624
854.836752,261,133.620865
727.571436,228,133.715883
768.020079,242,133.814526
432.941997,150,133.876532
919.290906,282,133.987705
704.199264,222,134.075878
730.956902,224,134.871448
915.839763,279,135.00036
554.362655,176,135.077934
1176.532705,361,135.231115
1270.597181,391,135.392739
697.904643,215,135.482995
769.441779,238,135.581106
755.974594,232,136.41236
663.638731,205,136.529965
1377.302692,474,147.469377
708.223222,224,147.56362
269.666185,112,147.612118
1033.185644,314,147.742044
892.982663,277,147.856022
1437.504323,500,148.800311
771.089717,259,148.939477
864.20595,274,149.072034
924.867602,287,149.201788
895.495752,280,149.324707
751.485091,236,149.424144
692.958832,218,149.514808
901.185036,281,149.63439
938.646723,289,150.509672
1145.2337,355,150.694736
756.866324,232,150.804358
772.961003,237,150.912418
1027.058207,313,151.050853
688.661316,217,151.140894
805.045227,248,151.245741
636.144505,202,151.331524
840.527503,257,152.19416
1456.633546,500,152.444583
883.822357,267,152.565863
1498.654604,500,152.816824
927.977255,288,152.984729
945.260943,284,153.159284
1492.749261,500,154.402153
1202.349724,362,154.606089
730.724302,231,154.738497
1320.037109,500,154.996359
1601.443074,497,156.066679
917.622655,280,156.231538
1095.149488,343,156.431548
1374.888143,500,156.698119
1468.543327,500,156.936226
1410.1565,500,157.987102
1181.509785,352,158.187836
810.388372,252,158.319164
1224.217467,371,158.496271
1057.333961,318,158.645228
923.608185,287,158.776943
970.022924,297,158.908604
1298.058569,500,159.965641
951.083344,292,160.111269
720.724285,227,160.219591
767.3963,236,160.326804
801.88353,249,160.437543
800.050783,243,160.544222
853.919706,266,160.657911
750.816923,229,161.527581
706.352204,220,161.652816
1318.604987,500,161.928838
736.284634,227,162.039737
908.017135,267,162.164422
1036.299973,317,162.305951
733.609556,231,162.404475
1148.977772,343,163.303195
896.012053,274,163.440189
1128.748724,336,163.592687
1231.240726,379,163.758278
1115.947222,334,163.897077
1127.955246,344,164.039534
704.257562,220,164.127345
851.369121,261,165.048226
936.481826,286,165.195276
686.98813,211,165.298668
1436.182113,500,165.533118
1436.299826,500,165.759213
810.046264,244,165.867215
1499.810548,447,166.89596
739.353481,225,167.019071
1632.026117,500,167.306022
907.707033,276,167.436357
718.116455,222,167.53482
710.697831,220,167.644706
1617.099573,500,168.67152
1496.836555,447,168.880425
1277.769681,391,178.514095
1097.232118,326,178.653717
907.559222,281,178.772087
1079.865312,323,179.631791
1453.116287,500,179.87571
972.758933,301,180.006175
1335.814802,500,180.21688
1531.62583,500,180.442712
791.889596,245,181.261088
1416.648741,500,181.508897
1440.31004,500,181.744539
931.549053,275,181.869184
726.703293,225,181.964053
1330.112012,500,182.169098
740.697865,232,183.074061
732.99521,229,183.205906
714.377996,220,183.319556
734.421895,227,183.429085
754.163779,229,183.540444
1055.525734,318,183.70306
1318.514688,398,183.895483
740.263443,228,183.998971
1216.954179,368,185.007094
725.609128,225,185.130224
1347.096258,418,185.334102
790.519133,238,185.443104
1523.246062,500,185.662506
1215.148618,371,186.619506
1300.336399,399,186.836032
1316.880314,406,187.041305
1002.332241,306,187.192248
645.347245,200,187.292942
979.714559,302,187.436081
1322.824967,500,188.447615
1658.774617,500,188.740293
918.344338,277,188.898839
1662.193466,498,189.148784
1099.647444,332,189.300707
1432.838657,500,190.349461
740.612193,228,190.478034
710.624717,219,190.601615
780.596507,238,190.729702
1532.227351,461,190.953451
1471.913388,451,191.16667
1528.944262,469,192.207052
745.181919,230,192.332661
800.55163,239,192.453573
951.494358,287,192.589445
927.626725,283,192.716177
1129.921332,333,192.859671
641.272115,200,192.945104
1017.106129,309,193.858756
1471.290624,500,194.134759
1457.312084,500,194.371171
890.915964,274,194.492524
1023.916573,309,194.640426
1153.305117,341,194.801382
910.824545,274,195.762057
794.865068,242,195.897983
1061.974342,321,196.063998
854.595579,256,196.188621
1476.521519,444,196.391302
931.403168,280,196.51201
1174.372999,352,197.518425
866.975259,259,197.655887
933.868678,281,197.810307
922.861026,279,197.94541
896.265045,267,198.068215
918.992524,275,198.188344
1015.203264,304,198.320979
1049.322739,316,198.451938
783.865857,238,199.293262
1119.525181,337,199.44843
756.812272,232,199.549792
1020.113168,313,199.683969
865.136242,259,210.291218
795.460251,239,210.384795
1145.665423,345,210.523667
1481.414009,433,211.416282
1521.26349,500,211.632578
1634.291651,492,211.830658
1246.613544,378,211.981271
723.705612,253,212.082529
1658.65311,497,212.998281
809.296414,242,213.103825
1494.785657,500,213.3091
1207.410682,351,213.44734
1496.435889,500,213.643325
1057.555318,313,214.503936
958.558476,285,214.635623
719.535534,225,214.733303
1500.481804,500,214.938624
867.445198,255,215.039642
1192.737143,353,215.177935
841.410027,251,215.981293
816.261447,246,216.099683
861.916937,254,216.217399
1565.92775,500,216.424423
1587.208403,500,216.626586
1256.988318,377,216.777113
1538.024676,500,217.697691
1107.018132,333,217.839414
942.921785,285,217.955775
1031.79264,311,218.081552
1028.204994,306,218.201123
1247.571514,365,218.345912
1055.469923,316,219.237147
900.990892,266,219.368537
831.739795,245,219.484305
1123.47064,329,219.632953
725.578365,222,219.729479
800.050417,237,219.82972
886.97039,267,219.941527
934.791609,276,220.795982
1628.116951,500,221.054099
1062.858321,316,221.198553
1409.862724,500,221.418447
1578.10336,500,221.635254
983.341915,291,222.511887
1645.874901,500,222.76642
1105.202562,332,222.917352
1413.134656,420,223.098591
811.06041,241,223.199949
754.769948,233,223.297308
1045.455322,312,224.175436
1145.401508,331,224.346187
765.626923,232,224.456732
1462.277908,500,224.68212
1546.191429,451,224.874328
728.311602,226,224.969736
855.168313,253,225.809073
1325.678886,389,226.011948
829.023773,248,226.126945
1198.530098,348,226.282221
1207.859849,346,226.42996
884.321949,263,226.543447
1459.996909,441,227.531584
779.008408,237,227.661212
946.841794,281,227.80088
962.566198,287,227.931157
902.909011,271,228.050731
1431.489515,419,228.228274
759.160806,227,228.323779
1335.977141,394,229.234541
730.764026,228,229.355267
978.598689,295,229.498318
831.1465,243,229.611002
1503.470745,448,229.808004
859.469792,253,229.91545
852.961366,252,245.078404
806.432462,237,245.79316
1537.714433,466,245.983702
1266.229778,372,246.133256
1235.529207,370,246.281164
759.260568,228,246.373191
1320.565605,392,246.530294
1331.785212,401,247.307832
1342.536553,436,247.485058
1362.707219,403,247.647709
1553.777866,500,247.849022
703.710859,249,247.949349
963.148747,283,248.676286
1498.494931,500,248.881724
1415.218872,500,249.08936
1552.355609,500,249.305592
1663.884546,500,249.509979
1245.489486,363,250.323911
1349.292082,413,250.500409
1311.011667,387,250.69097
1455.799622,500,250.926588
1500.875872,448,251.799764
279.219226,110,251.867399
1654.33728,500,252.154365
918.076135,279,252.303106
1643.125057,500,252.546795
724.595326,221,252.645096
842.109124,248,252.757801
1053.584745,314,253.704479
1096.581312,323,253.946007
1291.077387,431,254.158942
708.267705,219,254.257905
914.567042,267,254.376467
1209.234262,349,254.536403
1551.109695,500,255.586587
1381.818659,407,255.782284
1512.370961,500,255.999738
1184.343507,348,256.14749
1437.204582,421,256.345796
926.271543,286,257.361578
1549.872326,500,257.61545
1252.037042,375,257.779495
266.844209,109,257.825333
1283.144083,386,257.987108
915.371489,269,258.094787
1490.60499,500,259.029679
253.005045,105,259.081172
1373.128696,500,259.308547
1543.525012,500,259.524061
1397.578571,500,259.736501
1622.978249,500,260.718626
1457.936447,500,260.948385
1295.241392,386,261.113034
1480.224376,500,261.318212
1255.592902,378,261.472213
1437.644057,500,262.458797
1061.056505,315,262.613099
1537.363473,500,262.832343
1623.017936,500,263.051842
1478.47129,500,264.108752
844.738094,252,264.225975
1580.277944,500,264.439042
1646.83867,500,264.642217
1448.346953,500,264.852084
1238.945997,405,282.195278
1516.879455,500,282.401447
1448.55589,500,282.607151
1449.987471,500,282.812239
1676.117292,500,283.788804
1519.976904,500,284.028445
1512.248626,500,284.250596
742.752829,249,284.35708
1633.009143,500,285.291752
778.8505,237,285.422915
986.918965,299,285.574413
918.084228,281,285.707496
1601.749188,500,285.928371
1478.470063,438,286.117987
854.860774,258,286.230997
810.523761,245,287.255149
1509.891654,500,287.536648
1138.163231,354,287.733213
1663.875348,493,287.973519
1651.759348,500,289.112634
1626.925168,500,289.405644
1585.88822,500,289.68554
1571.644221,500,289.941301
1443.738911,500,290.193319
1589.798018,500,291.403
1499.30054,500,291.680495
1038.600914,318,291.86071
1521.391095,500,292.135626
828.843866,248,292.255258
1054.188279,311,293.215811
1707.676631,500,293.474223
772.00792,230,293.588788
941.987819,278,293.718174
802.241307,247,293.830704
1498.348552,500,294.789549
915.049149,266,294.936437
1232.788811,374,295.120332
1644.018751,500,295.342516
726.859954,224,295.438977
944.320404,277,295.556549
967.072506,292,295.678744
1474.843568,445,296.652578
1439.319853,420,296.860235
1542.654904,500,297.08656
915.524363,293,297.212471
1696.783109,495,298.148368
1584.115496,475,298.398192
1575.815654,469,298.616091
1544.853505,500,298.837215
1518.601415,451,299.027534
1676.099298,500,300.007394
704.991011,216,300.112253
888.621099,273,300.235907
987.807532,290,300.362747
1581.471165,500,300.582166
843.260609,249,300.690212
1570.192113,500,301.680797
1605.984812,481,301.918663
1362.322026,400,302.094961
968.055189,283,302.215855
1207.978141,356,302.360964
1602.254885,500,303.328693
1077.288997,316,319.922693
912.631352,265,320.036762
820.148644,242,320.141821
1392.529754,407,320.311885
987.235933,298,320.45458
1574.256242,500,321.524245
1665.77939,500,321.765486
1193.833702,365,321.931662
1599.406482,500,322.150936
1604.01842,500,323.164777
916.855558,267,323.297634
789.49679,236,323.407226
989.506666,290,323.542865
1436.290976,425,323.736598
727.665105,222,323.834667
1240.232388,371,323.995124
967.74206,291,324.961575
1263.164982,367,325.163883
861.534373,260,325.311534
953.291756,282,325.454916
1668.478589,489,325.797796
945.012216,282,325.984765
1001.125123,297,327.058655
861.602226,256,327.209967
1266.987719,372,327.399076
719.977751,219,327.503134
898.908446,266,327.626672
782.273623,232,327.734044
1472.539579,439,327.930315
636.010472,224,329.003863
907.277393,269,329.139897
948.599936,275,329.270082
1593.755386,500,329.489278
774.661953,230,329.588262
1162.516288,373,329.746296
662.627463,225,329.849352
1538.959158,461,330.869618
906.910341,267,331.002619
862.461771,254,331.118931
1570.083024,467,331.325853
1286.957215,380,331.485637
987.510107,293,331.607981
885.228669,264,332.690752
1348.756397,395,332.937322
992.408867,292,333.114616
1509.567238,444,333.383385
802.639015,237,333.55558
1451.740539,422,333.808707
943.976695,286,334.918059
773.279655,231,335.049845
731.037829,224,335.178712
1121.137109,331,335.370063
1012.527908,299,335.543042
803.542453,241,335.678228
1503.882707,437,335.898163
1116.87683,325,336.920819
1533.478419,500,337.221987
987.066582,299,337.391916
1576.135147,500,337.661885
934.147389,277,337.796167
1619.635885,500,338.871457
899.642498,268,339.012185
1563.208056,500,339.251226
769.235252,226,339.35253
1529.572022,455,339.559099
1538.931735,500,340.563255
896.204695,268,340.701292
831.180795,247,340.820723
795.812405,240,340.937755
1548.78931,500,341.170485
864.139749,254,341.282897
1592.533819,500,342.301662
947.995668,284,342.459348
882.566378,267,342.59186
240.021856,100,342.639407
1023.538926,304,357.151968
801.227161,238,357.256258
1413.387596,404,357.437692
1549.105542,459,358.462877
879.636576,254,358.608082
1547.963628,500,358.868277
939.76455,274,358.99931
910.322252,276,359.127142
1524.093145,500,359.361512
864.518469,252,360.298544
840.146667,248,360.442926
1698.834686,500,360.745062
1545.201077,500,361.028664
1419.004554,407,361.272196
1510.324152,500,362.434242
1231.496052,362,362.645835
1622.996234,500,362.929939
1500.867865,500,363.228149
1598.299549,500,364.467538
966.756843,279,364.627677
906.258668,261,364.783048
1564.263532,500,365.066197
952.839371,283,365.214561
1009.672319,301,365.361696
1007.31007,295,365.497089
1218.250989,362,366.472292
785.463375,233,366.590405
893.784763,263,366.713647
1617.80325,500,366.932631
1060.932627,310,367.065622
1470.609701,437,367.971129
1533.592461,447,368.194966
1238.06731,364,368.359083
1557.723099,450,368.54852
961.463625,283,368.664139
845.183301,246,368.763681
1608.348515,500,369.695906
1553.808495,500,369.925869
920.05986,263,370.03743
1499.362385,500,370.263164
955.886521,276,370.380998
1673.23149,500,371.333021
1575.814286,500,371.560021
1014.7005,300,371.686641
1578.805887,500,371.893242
1148.940972,331,372.029671
1584.982783,500,372.9755
1585.646044,500,373.199934
1645.000723,500,373.407359
1709.991014,500,373.615019
1568.747131,500,374.581852
1623.496998,500,374.809329
1608.875842,500,375.019037
849.714942,251,375.121412
1576.274532,500,375.320866
840.459125,247,376.156792
945.250311,272,376.283155
856.969882,251,376.392807
993.267265,288,376.516797
804.898919,240,376.617981
877.930756,258,376.72472
1688.425879,500,377.62601
1599.076652,500,377.868984
1012.59644,299,377.998612
1604.672111,500,378.206585
973.344492,288,388.916676
1604.657407,500,389.808081
1345.852459,438,390.021521
1587.52181,500,390.236344
1606.897648,500,390.439468
1324.759371,386,390.597251
975.77253,286,391.42256
891.817677,253,391.54803
754.418596,226,391.654484
975.885622,289,391.783969
864.534661,250,391.889847
1586.027911,500,392.095951
973.120924,285,392.209121
883.412047,256,393.042997
988.844259,291,393.186269
1603.901512,500,393.413862
1417.501617,407,393.587928
1565.195504,500,393.794478
902.678551,266,394.63912
1691.477531,500,394.889641
1189.767714,343,395.042569
1013.186152,301,395.170707
1542.948373,500,395.378154
997.664431,293,395.497172
1542.524201,500,396.459186
1539.915626,464,396.675236
1566.471667,500,396.890693
1575.026234,500,397.094848
1558.546112,500,398.059352
1678.792243,487,398.280606
1632.827413,500,398.491291
1694.49932,500,398.700997
947.34252,278,399.545461
1584.268325,500,399.794042
903.7609,262,399.910744
1591.404968,500,400.125052
982.200902,294,400.247034
730.055705,223,400.337623
855.324598,249,401.177521
1575.384901,500,401.43258
1605.186797,500,401.656026
871.176881,257,401.764874
896.393845,267,401.878089
747.360625,235,401.973217
942.397475,274,402.839254
1584.878741,500,403.092064
1685.255032,500,403.338638
1483.362288,500,403.568195
1602.815534,500,403.798833
1595.771684,500,404.878573
1581.267033,500,405.106222
1109.313102,332,405.252398
837.420672,260,405.360945
1125.355079,332,405.50196
1696.005044,500,406.484231
1572.631963,500,406.726655
988.427788,291,406.85564
991.01395,293,406.982497
745.135047,228,407.079992
1554.336799,500,408.0486
1595.857336,500,408.304683
937.988658,273,408.429525
1584.820341,500,408.649539
1631.030046,500,416.441897
1603.883319,474,417.430014
992.698224,298,417.577788
956.697102,281,417.705105
921.331539,269,417.822411
1597.783371,466,418.021791
841.514388,246,418.127013
821.777627,238,419.028275
903.167572,258,419.172252
776.663814,231,419.291285
1447.594981,423,419.492225
860.039833,256,419.606713
985.826989,289,419.733384
1258.558569,367,419.888362
1708.764156,500,420.889831
1672.584795,500,421.129238
1598.927472,500,421.350104
1657.715137,500,421.561643
927.904425,267,422.399914
1015.950808,299,422.551247
1483.106562,431,422.745691
1695.804056,500,422.955039
1578.192045,500,423.160101
1601.078858,500,424.091921
981.755785,293,424.236703
1600.597375,500,424.462361
843.978104,244,424.566152
1608.129369,500,424.771185
973.805494,288,425.596877
1368.655124,405,425.800754
1631.327117,500,426.023393
1616.926521,500,426.231438
998.987595,300,426.352091
1252.242856,362,427.214339
1604.017147,500,427.458978
929.106586,282,427.584435
783.161549,235,427.685081
1547.463175,500,427.893543
813.912509,241,427.990318
1600.29454,472,428.91076
1135.453193,328,429.06415
776.355221,226,429.167108
1555.593192,500,429.38046
1570.677348,500,429.588014
940.473719,283,430.40674
1188.976657,347,430.58589
1573.778362,500,430.813083
1561.410057,457,431.006815
964.549329,286,431.122474
1484.56081,431,431.29544
1560.37919,500,432.249473
1585.952597,500,432.468295
1626.635269,500,432.675432
1580.128705,500,432.876897
253.621163,104,433.629263
867.970076,255,433.758284
1608.382136,500,433.989448
1591.334085,500,434.201096
1528.425765,444,434.384928
1567.421558,469,435.30258
1260.193483,368,435.47932
783.920806,240,435.584402
1295.946494,376,435.743687
1552.38807,500,435.946278
1538.451391,500,436.874458
1583.375985,500,452.842468
1530.59072,449,453.044824
1600.846276,500,453.259013
953.396828,288,453.37808
1648.108632,478,454.354104
1157.469659,337,454.521113
902.959748,268,454.644291
922.736345,266,454.759894
1596.69437,500,454.972338
951.499367,274,455.08563
953.873741,277,455.943741
827.862353,244,456.069893
979.081916,295,456.210805
1594.613362,500,456.431003
960.476753,278,456.55024
1589.78581,500,456.759242
1670.90771,500,457.711114
1000.279171,291,457.843027
932.296909,265,457.957258
853.865337,247,458.060638
953.805063,282,458.176731
904.796825,260,458.282885
1503.650262,436,459.160457
914.431472,266,459.288984
1391.836956,399,459.462993
1195.342185,342,459.604601
892.297235,265,459.710853
969.137774,289,459.823704
877.202881,254,459.923016
1473.342966,429,460.796524
980.389764,285,460.921102
1326.947102,381,461.077218
977.034392,287,461.1908
964.512417,278,461.297841
952.249453,282,461.407981
1028.379566,297,462.189356
991.64657,286,462.326705
890.171335,257,462.439573
954.770281,278,462.555591
1394.479762,401,462.713887
972.727121,280,462.823339
1629.26784,500,463.681806
859.257981,248,463.80134
971.031754,277,463.922509
983.467572,288,464.041206
1627.859319,500,464.240767
958.629632,285,464.350263
1057.095328,307,464.471528
1572.332624,457,465.334861
1589.12969,500,465.546587
1605.246745,500,465.743717
1118.764645,322,465.865978
1588.694087,500,466.724445
1600.926751,500,466.94781
1565.494292,500,467.149553
1642.094319,500,467.342369
1567.006581,500,468.263053
942.640853,270,468.410687
1698.930262,491,468.648706
1571.009005,500,468.869329
1117.918698,328,469.006722
829.880467,242,469.106402
1321.654593,387,470.025155
921.312564,265,470.15552
1603.43341,500,470.383677
948.128336,278,470.503682
1483.880205,436,470.688384
1598.407909,500,471.65697
955.198996,281,471.801039
1534.365268,500,487.886912
1609.539561,478,488.081248
1571.850163,500,488.285929
1592.567494,500,489.291501
1424.066143,412,489.480551
1177.83931,351,489.642181
1483.866106,432,489.86047
1192.308998,337,490.033315
1645.775477,500,491.11226
1557.061797,500,491.356231
1003.270592,290,491.484026
1477.873754,430,491.666842
1451.734278,430,491.842046
1632.197085,500,492.838099
1637.076259,500,493.054447
1588.662099,463,493.244775
1542.393654,500,493.445263
1558.48086,500,494.478975
1574.939729,462,494.68864
1596.477374,500,494.901469
975.038001,286,495.020106
1594.151428,500,495.981515
1590.859319,500,496.226638
1574.432979,500,496.448994
1488.964474,435,496.637149
1613.901701,500,496.850797
1045.99933,301,497.725727
1566.997626,500,497.965888
1405.76873,435,498.155022
1577.427143,500,498.367943
1597.857447,500,499.421754
1585.97675,500,499.680737
1603.19483,500,499.906708
1127.499965,328,500.046664
1482.01835,447,500.240447
1610.611975,500,501.248106
961.272269,288,501.390899
1621.204879,500,501.634605
1583.872887,500,501.874995
1470.196395,443,502.844504
921.601793,273,502.989166
1581.890469,500,503.233454
1639.594453,500,503.45299
1671.531714,487,503.655267
1289.136056,376,504.59711
1574.002531,500,504.865957
1622.715816,474,505.099381
1567.603255,500,505.32507
1625.131408,500,506.340606
1080.780561,312,506.510021
1208.835041,356,506.678587
1310.162238,380,506.853504
1220.79455,358,507.015537
980.769676,293,507.143469
979.660201,286,508.011437
1581.956159,500,508.258962
1662.631094,500,508.473702
1039.138278,298,527.323179
1602.225955,500,527.539006
1110.233746,321,528.43145
1182.057021,347,528.596659
1594.259483,500,528.817188
1040.165419,301,528.951862
1303.695796,375,529.116303
1609.545182,500,530.05402
1678.166981,482,530.29136
1581.256037,500,530.508431
1579.182832,500,530.714714
1544.964763,500,531.624906
1645.072654,500,531.874091
911.720229,278,531.999912
960.120264,277,532.116137
1549.03436,454,532.304411
1033.468807,301,532.427055
1476.576037,433,533.347951
1233.269367,357,533.517521
1098.697311,315,533.65858
1617.556634,500,533.874512
1361.463727,392,534.040734
1613.463249,500,535.203201
1620.279155,500,535.44314
1302.393504,385,535.618532
1620.114489,500,535.831029
1591.909367,500,536.851019
1601.643887,500,537.103834
1572.902909,500,537.321469
1152.773268,334,537.457153
1621.162251,500,537.663789
776.166289,226,538.500597
1275.445575,374,538.69977
975.543629,286,538.838254
1600.976914,500,539.073246
1133.724422,330,539.226384
1150.72095,338,539.38425
1595.496219,500,540.422511
1656.862265,500,540.753541
1617.640774,500,541.109536
1234.736743,361,541.325354
1594.048377,500,542.492217
1605.932114,500,542.772712
1335.455572,390,542.968986
1019.618959,299,543.10856
1707.152679,500,543.341777
928.171052,273,544.419244
1051.116818,307,544.596578
714.408777,212,544.714012
1601.080434,462,544.993763
1513.673866,439,545.222593
1601.429775,500,545.472706
1092.437159,317,546.631182
1618.96763,500,546.925473
995.528909,289,547.07994
1079.274771,310,547.246907
922.344581,265,547.376693
1205.872613,353,547.546987
1083.202567,314,548.525439
1587.70408,500,548.814753
1586.159583,500,549.07473
1669.735718,500,566.727678
1075.586871,311,567.928098
1595.382203,464,568.199671
1608.115089,500,568.486207
1607.722642,500,568.771563
1075.149762,309,568.929558
1596.544426,500,569.980145
1572.253245,500,570.257783
220.878545,94,570.306863
1579.917728,500,570.544976
1585.908156,500,570.771968
1585.022692,500,571.949669
1623.751546,500,572.217685
1683.547936,500,572.453969
1663.043801,488,572.686772
1593.423333,500,573.729605
1696.366288,500,573.979459
1579.75375,500,574.213511
1612.182673,500,574.43957
1599.673104,500,575.480296
1567.224669,500,575.756936
1611.396304,500,575.991277
1598.184597,500,576.229177
1610.405138,500,577.26091
1614.898388,500,577.51735
1643.674525,500,577.747405
729.554285,215,577.841321
1579.835125,500,578.06136
1594.415702,500,579.064248
1662.054715,500,579.303566
1092.107225,312,579.439678
779.145597,226,579.536326
1580.063233,500,579.745859
1671.688305,485,580.743312
1595.897657,500,580.993182
997.977356,299,581.131457
1624.44968,500,581.348123
1057.45929,308,581.477717
1599.420941,500,582.468488
1200.345082,349,582.636682
1021.966146,301,582.780948
1063.314122,309,582.925597
1609.966729,500,583.147826
1189.593743,354,584.067544
1652.909938,500,584.32441
1482.190947,429,584.520693
1069.387948,308,584.666212
1423.25596,432,584.858044
267.120477,108,584.904768
1328.719895,385,585.868721
1636.674616,500,586.132944
1599.382715,500,586.364586
1024.207766,295,586.495369
1601.392589,500,586.722081
1312.319806,388,587.692961
1592.546946,500,587.93635
1605.03381,500,588.167739
1577.858532,500,588.389207
1616.050717,500,604.702665
1237.829297,363,604.862816
1255.422707,369,605.020981
1590.70938,500,605.233737
1614.096519,500,605.442069
1624.002192,500,606.384296
1643.59592,500,606.59487
1611.519378,500,606.796447
1708.544241,491,606.993072
1621.411884,472,607.866888
1237.426157,364,608.021651
1614.708886,500,608.221693
1301.583235,370,608.371821
1593.786951,500,609.289624
1413.218344,400,609.483404
1588.195895,500,609.706711
1584.230409,500,609.915255
1607.130617,500,610.118894
1600.538538,500,611.07316
1649.067571,500,611.293856
1077.197942,312,611.426612
1681.269502,478,611.626769
1096.359932,313,611.756222
1597.65878,500,612.735073
1024.648537,295,612.86303
1596.172156,500,613.075411
1520.25599,442,613.254429
1623.271841,500,614.214765
1552.236759,452,614.424559
1573.47815,454,614.618526
1305.068773,380,614.776888
1128.020173,331,614.910678
1633.53381,500,615.887316
1327.935729,382,616.061503
1597.966065,500,616.273463
1110.7695,327,616.408554
844.917561,260,616.514104
1608.166096,500,617.439472
1081.848809,317,617.586801
1636.003682,500,617.802259
1615.592966,500,618.00476
776.130566,230,618.094809
1430.268009,418,618.981253
1609.511467,500,619.226112
829.732808,239,619.332475
1618.645395,500,619.542358
1184.542089,347,619.683502
1607.962679,500,620.629959
1609.547437,471,620.849208
1626.101331,500,621.063277
1638.223604,500,621.267995
696.679091,208,621.353336
1638.245075,500,622.29477
1028.526997,298,622.434578
808.687862,241,622.540674
1644.073829,500,622.750599
1624.406179,500,622.959524
917.570936,272,623.792559
1491.329128,439,638.787909
1383.085627,402,638.956468
1079.960106,313,639.087605
1591.633923,457,639.276958
1443.458847,419,639.455051
653.842193,196,640.317458
1189.847677,347,640.496738
835.047623,248,640.616712
782.603745,232,640.723901
1329.684368,386,640.896514
1053.009886,305,641.034013
1262.586334,368,641.981927
936.174483,273,642.13811
1682.101438,495,642.402873
957.77586,297,642.540308
1297.916937,371,642.702986
1029.726006,298,642.828461
1030.892009,300,643.707749
1616.731162,500,643.970765
1599.245938,500,644.204128
1661.698372,500,644.423944
1606.360569,500,644.650919
1600.09024,500,645.768844
1625.767682,500,646.061779
1608.08477,500,646.34742
1618.13505,500,646.689424
946.724689,279,647.671408
1588.17219,500,647.961278
1619.032545,500,648.226684
943.28931,272,648.355507
1516.134992,433,648.551134
1585.210244,472,649.575479
1613.792878,500,649.815725
872.074259,252,649.926931
1638.499621,500,650.152748
1638.412642,500,651.158972
1448.020744,430,651.413624
978.281077,286,651.568506
1701.039791,483,651.808987
1686.874625,500,652.044508
1017.46047,293,652.17685
1258.723243,369,653.296005
1612.443237,500,653.583094
1183.355046,340,653.772816
1592.754417,500,654.019629
1202.379624,348,654.180107
1600.751959,500,655.276692
1671.90937,500,655.53836
1294.57294,376,655.721299
1165.411446,326,655.871776
981.407269,288,655.997912
1563.571006,500,657.021799
1720.370495,499,657.261923
1600.591732,500,657.486362
1615.99557,500,657.699731
1606.844985,500,658.707818
1632.274975,500,658.945284
1635.980948,500,659.16243
811.500625,230,659.25911
1590.831027,500,660.218757
1604.614423,500,660.481775
1598.867013,500,676.82708
1595.985065,500,677.027643
1226.325178,361,677.172852
1609.91886,500,678.018576
1603.652497,500,678.230632
1594.685119,500,678.435266
1613.08594,500,678.639933
1604.615109,500,679.554648
1613.14991,500,679.780977
1617.174986,500,679.995743
1605.010563,500,680.229357
1475.274835,425,681.19756
1417.798998,414,681.394751
636.854871,194,681.478704
1626.504616,500,681.686153
619.139268,186,681.760871
1651.723344,500,681.974939
731.453391,213,682.791167
1280.156671,366,682.961972
1622.599208,500,683.176404
1617.376186,500,683.382007
1715.830579,500,683.584733
1606.820151,500,684.526439
990.062933,290,684.648019
1640.767794,471,684.837213
1608.530084,500,685.037014
1019.087972,294,685.151637
1705.161348,500,686.083003
1461.503759,423,686.262453
1137.243802,323,686.394285
1299.212383,376,686.547979
1614.686579,500,687.444777
1619.085569,500,687.679049
1623.410111,500,687.886942
1596.857378,464,688.070653
1607.948684,500,688.272538
911.654386,269,689.151192
925.433931,267,689.280426
1635.220732,500,689.503754
1703.747959,500,689.721795
1584.627383,458,689.905992
1749.104441,497,690.828762
1612.737458,500,691.049241
1178.65885,345,691.19139
1609.716377,500,691.394651
1336.727885,420,692.266351
1683.83467,479,692.491696
1609.968,500,692.701961
1112.598314,359,692.847324
263.375364,106,692.891848
1616.290001,500,693.799046
1615.239544,500,694.033992
1621.915558,500,694.242534
1681.667137,476,694.431193
1603.143872,500,694.628501
1619.892621,500,695.55811
1593.713763,500,695.780162
1615.300008,500,710.41539
247.892784,102,710.476753
1074.293189,305,710.639713
1591.225712,500,711.953876
1037.345828,295,712.130723
1620.755852,500,712.424668
1621.161495,500,712.686139
1614.748909,500,713.728073
1399.388285,441,713.960989
1618.741042,500,714.193972
1707.431256,500,714.416258
1629.148624,500,714.635365
1603.614079,500,715.779999
924.260402,263,715.91663
1594.510515,458,716.133212
1686.598616,500,716.353133
1600.981125,500,717.366351
1599.370988,500,717.632604
765.585018,218,717.738019
1604.106468,500,717.995047
1263.686424,365,718.184873
1722.070239,499,719.273737
1588.614282,500,719.551421
1623.945467,500,719.798429
1582.305973,500,720.042878
1129.868294,320,720.193506
1630.718722,500,721.235436
978.995966,285,721.381883
1608.542507,500,721.616776
1610.800172,500,721.836288
1615.356707,500,722.84667
1171.303208,340,723.032735
1628.601521,500,723.273006
895.957728,266,723.391545
928.491028,269,723.507093
262.313886,105,723.553598
1717.85418,492,724.50995
1406.707645,402,724.719141
1638.463202,500,724.961441
1111.000885,317,725.114895
1686.02751,500,725.345702
1646.052123,500,726.402186
1222.980353,349,726.602376
1611.069957,500,726.86066
1609.174335,500,727.096643
1006.294899,290,727.227078
1515.932735,434,728.188943
995.164492,284,728.336102
1054.621849,302,728.481311
1623.923136,500,728.719963
981.193892,283,728.873785
1427.244394,406,729.898105
1216.148655,349,730.098827
1602.583821,500,730.366107
1454.833231,414,730.574486
1587.838725,500,730.82797
759.934661,220,730.936394
1472.008334,425,731.987553
1625.283779,500,732.260718
1700.636305,500,732.508297
1047.005426,307,746.119542
1608.846932,500,747.221138
1204.960902,352,747.392421
1084.982626,320,747.535837
1603.697208,464,747.730127
1600.222949,500,747.939188
1730.886259,500,748.930634
1283.589313,371,749.108124
1635.938697,500,749.322229
1160.668856,333,749.4644
1640.432772,500,749.670866
1035.278042,300,750.513727
905.393036,265,750.63546
1038.496412,301,750.762312
1629.770536,500,750.964308
1649.115523,475,751.149609
1652.39011,500,752.055332
792.472747,235,752.16324
1071.754485,308,752.29378
1016.364387,295,752.416575
1128.162055,329,752.549377
1634.404873,500,752.748433
987.555249,288,753.631318
1454.314238,423,753.829958
1048.86669,302,753.958879
1667.507252,500,754.162298
997.981722,289,754.278538
1314.97364,383,754.43233
1145.699894,325,755.248987
1107.605664,322,755.395853
1118.374741,328,755.535053
1598.343611,463,755.723811
1638.953837,500,755.926098
954.243652,277,756.723271
1080.258106,313,756.868668
1022.735914,297,756.994626
981.243614,283,757.111596
790.158964,230,757.202336
1720.203415,500,757.399797
1637.393196,500,758.288348
1718.778867,498,758.513906
1047.607046,304,758.64062
1117.99203,322,758.770796
1623.715613,500,758.972827
1064.522765,304,759.769813
1170.385714,340,759.93139
1235.404547,359,760.08822
1082.60494,309,760.214018
1250.003167,362,760.360999
1153.191748,327,760.492712
1228.651274,354,761.319244
1056.45929,303,761.463553
1620.643315,500,761.677793
1622.75232,500,761.879832
1026.911307,295,761.999998
1541.298492,443,762.914306
1605.188317,500,763.172083
1297.710078,376,763.342874
1612.676017,500,763.561294
1604.855817,500,763.774423
1441.957578,418,764.711984
1589.695627,500,764.961404
1618.279331,500,765.184755
1621.964006,500,765.396641
1614.701967,500,780.716306
1162.181057,329,780.885867
1614.809722,500,781.116305
1616.41108,500,781.333083
1606.825172,500,782.278348
1097.648456,318,782.45172
865.830966,248,782.575848
1477.956467,421,782.766157
1617.085823,500,783.001677
1606.622808,500,783.222016
1623.62132,500,784.226884
1638.769817,500,784.457378
1215.226268,349,784.607159
265.558397,107,784.654606
1624.286507,500,784.86453
1000.949007,288,785.74976
1606.48733,500,786.029379
1623.513611,500,786.275655
1607.409365,500,786.497027
1608.094434,500,787.469361
1225.376385,353,787.654742
1567.460506,500,787.892833
1624.542814,466,788.09968
1254.811273,362,788.252105
1644.637373,500,789.250425
1005.431083,295,789.3948
1722.424818,489,789.614106
1616.516922,500,789.829388
1621.330251,500,790.037103
1253.941531,363,790.957913
1602.871144,500,791.197438
1624.942605,500,791.419006
1407.115414,408,791.595809
1611.811918,500,792.570741
893.0821,254,792.701016
713.040861,207,792.79905
1638.466246,500,793.02344
1622.172427,500,793.237335
1597.023087,461,794.182494
981.993048,285,794.33451
1613.855907,500,794.571605
1617.530493,500,794.79258
816.234458,235,794.895261
1272.157772,364,795.050748
1489.324408,434,796.035551
1357.054519,385,796.225947
676.43378,203,796.320039
1596.316031,500,796.553111
1621.492489,500,796.790884
1611.320752,500,797.819898
1625.923513,500,798.054445
1638.058665,500,798.281905
1143.016978,327,798.442501
1281.252279,364,799.610417
1050.56259,302,799.802564
1611.588072,500,800.103956
1602.73205,500,800.403339
1307.04074,378,800.628803
1707.739388,488,801.96778
1183.856833,336,819.081728
957.59535,273,819.189825
1611.239689,500,819.386522
1498.829793,430,819.55905
1078.610027,308,819.681117
1368.240023,392,820.590453
1615.432813,500,820.80614
1072.087737,305,820.937315
1630.987826,500,821.146821
1635.029159,500,822.032883
1638.80478,500,822.265996
1648.999833,500,822.477772
1324.979878,377,822.630492
1476.01383,419,822.794191
1611.244307,500,823.725253
1631.724824,500,823.960509
1621.857452,500,824.175795
1623.486005,500,824.382414
1072.366261,307,825.297347
1630.475375,500,825.535231
1092.485053,316,825.678885
1000.207317,307,825.812462
1260.968827,362,825.960354
1160.893005,332,826.100385
771.416556,221,826.970761
1627.489624,500,827.207734
1613.283272,500,827.438688
959.914767,274,827.556994
980.985489,282,827.673189
1627.466474,500,828.59795
711.924064,220,828.715212
994.795472,296,828.860862
1702.553296,500,829.076266
895.592375,255,829.181359
949.298209,277,829.292958
1639.193729,500,830.237635
1041.031149,296,830.382441
1465.645564,418,830.566154
1348.257725,389,830.728651
1612.972063,500,830.930554
1715.280317,492,831.881349
1625.311813,500,832.114893
1279.00885,368,832.272009
1220.067065,346,832.414323
1570.747755,454,832.594978
1163.449344,333,833.459735
1013.144322,289,833.608256
1604.291558,500,833.841096
1017.05144,294,833.963535
1605.356085,500,834.171572
1626.448174,500,835.2376
1702.622252,500,835.484085
1636.067101,500,835.700971
1617.338724,500,835.905691
1624.045106,500,836.836483
1646.473679,500,837.067475
1198.160727,348,837.218601
1680.435825,481,837.419261
1046.64336,297,837.539651
1265.255635,381,838.418883
1627.282633,500,838.668826
966.481389,281,851.426035
723.38325,220,851.519814
1232.990751,363,851.693576
977.924831,282,851.865637
1006.75024,289,852.018165
1628.304315,500,853.082842
1115.764306,315,853.235284
1005.4037,292,853.366861
1635.346882,500,853.585558
1364.332614,396,853.756415
1618.727772,500,854.860723
987.215374,284,855.015292
1625.80109,500,855.259136
1085.325682,308,855.419093
1016.172894,291,855.580221
1627.543193,500,856.637748
1620.280618,500,856.892295
1632.429508,500,857.121747
1704.348049,492,857.336655
1650.792801,500,858.424732
1707.110213,500,858.699488
1023.378654,296,858.856326
1073.926169,307,859.005469
1473.560711,421,859.202648
1010.972059,292,859.335019
1609.881232,463,860.358258
1631.07465,500,860.602939
1629.657806,500,860.837091
1661.056404,500,861.066578
1624.191347,500,862.167788
1435.054649,414,862.366875
959.189496,280,862.496058
1603.939045,500,862.786483
1607.236784,500,863.884573
1623.704146,500,864.1591
1288.827192,369,864.333584
1632.02399,500,864.555885
1623.748498,500,864.770669
1565.534603,451,865.741048
1618.311441,500,865.992305
949.885227,270,866.113613
1625.672481,500,866.330823
1256.917347,360,866.485235
1705.957834,500,867.486108
1696.462649,485,867.726155
1619.090906,500,867.952938
1611.862025,500,868.1723
1207.491643,343,869.086929
1627.509296,500,869.339822
1604.152807,500,869.568418
1027.111309,299,869.696134
1621.291028,500,869.906797
1143.52266,323,870.815098
1609.099472,500,871.061726
1617.95048,500,871.286281
1586.976036,500,871.501617
1504.056397,431,872.431074
1630.189425,500,872.687678
1597.446905,500,872.918366
884.044195,252,887.22266
1664.834269,500,887.430375
1598.497448,500,888.415149
1622.382196,500,888.658495
701.563037,216,888.755666
1185.06562,340,888.918389
1615.284596,500,889.146343
1596.855524,500,890.219238
817.511336,237,890.333019
896.04367,254,890.44913
1615.120901,500,890.667818
1607.43449,500,890.877679
855.792153,244,890.978605
941.162837,272,891.875996
1625.81359,500,892.126503
1607.624975,500,892.368073
1618.565758,500,892.657524
1613.178223,500,893.767024
1623.495173,500,894.01307
1614.83804,500,894.230834
1618.253541,500,894.43727
797.710865,229,894.531876
1039.925366,298,895.43828
932.65766,267,895.563854
1630.525557,500,895.778379
945.472135,270,895.88748
1619.076611,500,896.085868
1455.27978,421,896.942343
1162.448129,335,897.097968
1636.187826,500,897.307549
1674.407445,500,897.503687
1623.243554,500,897.69571
1621.219968,500,898.591382
1308.369497,378,898.752538
1622.494769,500,898.956764
1013.529844,291,899.07338
1731.830896,500,899.982561
1490.701676,428,900.200488
1682.03106,500,900.414123
865.83059,247,900.513399
1469.005602,425,900.68477
1621.935216,500,901.612349
1622.747621,500,901.850284
1595.995733,500,902.06279
1090.396908,312,902.190434
1468.441952,421,902.359892
1613.316901,500,903.304144
1619.813149,500,903.546493
1618.959541,500,903.799924
1621.716758,500,904.023964
1627.09578,500,904.996908
1214.596745,338,905.156048
1206.42444,357,905.310441
1614.749414,500,905.521573
1610.038643,500,905.726614
1642.094356,500,906.69274
1646.273181,500,906.917696
1633.240312,500,907.132467
995.993623,289,925.947535
1623.567537,500,926.929926
1623.761925,500,927.169331
1130.432187,321,927.309376
1274.932529,365,927.46126
791.355611,225,927.552597
1500.942402,432,927.731699
878.250671,249,928.581125
1443.895602,413,928.800766
1630.631129,500,929.038998
1088.547898,307,929.174115
1290.685824,368,929.333564
1635.206061,500,930.317124
1120.422255,319,930.485145
1632.650943,500,930.71832
1623.082073,500,930.940057
1671.813348,500,931.157352
1624.104894,500,932.16187
1213.772229,344,932.326203
1620.253492,500,932.547585
1147.531968,325,932.687533
1314.2968,376,932.850539
1618.542585,500,933.910942
1618.563061,500,934.143375
1121.663817,321,934.281808
1614.638072,500,934.49466
1098.116647,315,935.380467
1638.48889,500,935.652878
1583.945289,500,935.888891
1619.21941,500,936.107953
1635.753089,500,936.323953
1615.869574,500,937.348644
953.747303,274,937.482535
920.081783,267,937.60575
1605.266652,500,937.824342
1618.897768,500,938.036526
947.211651,278,938.930907
1619.502917,500,939.182906
1619.327645,500,939.461832
1618.671576,500,939.720967
1172.675684,347,940.643656
1619.465927,500,940.951581
1625.414929,500,941.21202
676.877674,207,941.31273
1627.724126,500,941.56361
1634.71084,500,942.621781
1624.862951,500,942.878281
1609.277199,500,943.106532
1032.727854,297,943.234097
1623.311958,500,943.443754
920.763501,268,944.326418
942.644031,274,944.466345
1511.360312,437,944.674065
1247.657073,359,944.834925
1092.728876,313,944.971769
1326.455842,381,945.150436
1223.899217,355,946.290816
938.882178,277,946.458517
1630.855063,500,946.757918
927.463226,274,946.91524
1607.989735,500,947.198249
1631.613895,500,965.495215
1188.417711,336,965.64698
1628.159657,500,965.861543
952.993226,280,965.980112
1186.117976,336,966.12044
1603.565103,500,967.128103
1407.823665,401,967.356053
1632.952055,500,967.611203
959.230119,278,967.739467
1623.791731,500,967.969692
898.979017,255,968.885108
954.060386,277,969.042483
1597.537362,500,969.296909
1207.434903,343,969.462093
1623.049182,500,969.686285
1675.96865,500,970.70953
1666.321341,500,970.992481
1669.957766,500,971.248904
1484.41606,428,971.458265
1666.705356,500,972.646565
1637.125854,500,972.935589
1278.377742,371,973.145301
1167.547691,336,973.329688
1263.317484,368,973.512745
1209.637209,354,973.67972
862.578207,247,974.629915
1072.862456,307,974.788906
1617.357883,500,975.035224
1665.525418,500,975.26313
1201.712977,342,975.409886
1072.044863,308,976.315915
793.223611,228,976.44636
1627.040139,500,976.705081
1634.201645,500,976.933528
1216.992042,349,977.084268
1569.98905,454,978.035448
1636.52915,500,978.294288
1634.653141,500,978.523648
1283.213978,371,978.685892
1055.997611,302,978.81482
1616.335284,500,979.793712
1643.128687,500,980.040766
1623.553711,500,980.265899
1104.92349,317,980.403306
1648.773281,500,980.61691
1626.714119,500,981.746409
1627.736317,500,982.019392
1711.659522,500,982.260069
784.518776,228,982.363918
1624.38816,500,983.446195
932.358156,268,983.597301
1077.876872,309,983.794313
1621.399384,500,984.066933
1261.199704,367,984.249702
1615.201615,500,985.301472
1215.109306,348,985.502583
1629.43371,500,985.771795
885.321371,249,985.899427
1495.052234,430,986.103304
1508.509019,437,986.296152
1630.811444,500,1003.548577
1010.030712,296,1003.666334
1708.526799,500,1003.866611
1635.72444,500,1004.065994
1629.289127,500,1004.984533
1609.487839,500,1005.214386
1628.970865,500,1005.426297
1631.450637,500,1005.631058
1619.482477,500,1006.781835
1641.240567,500,1007.053931
1613.562272,500,1007.278336
1626.887196,500,1007.488996
1224.813674,348,1007.629346
1635.283961,500,1008.579071
857.812218,247,1008.688152
1625.404769,500,1008.920392
1634.779133,500,1009.141279
1617.748136,500,1010.194285
1628.218475,500,1010.431083
1620.403607,500,1010.746909
1609.844035,500,1011.041472
1565.79711,454,1012.027861
1623.363358,500,1012.302688
1112.388341,319,1012.471184
1616.971599,500,1012.75895
1630.324397,500,1013.064797
1652.322516,500,1014.374916
778.470087,225,1014.492213
1632.18483,500,1014.727842
1682.221354,500,1014.946659
1482.45337,425,1015.125808
1627.317138,500,1016.13109
1613.220017,500,1016.374602
1237.341007,360,1016.536321
1481.259491,421,1016.715329
1206.369556,356,1017.606212
1647.188804,500,1017.844569
1412.885644,408,1018.017782
1638.878076,500,1018.220917
1638.308012,500,1018.440785
1732.718524,500,1019.511704
1645.165443,500,1019.768682
1625.685969,500,1019.996838
1004.247923,288,1020.122266
1215.554097,346,1020.272439
1648.365823,500,1021.296192
1703.211323,500,1021.53839
1616.506007,500,1021.77157
1650.044465,500,1022.002907
1421.911486,406,1023.054662
1388.426616,396,1023.321389
1349.167709,388,1023.550914
1638.889562,500,1023.845521
1043.062554,297,1024.015609
1167.275452,331,1025.040084
1227.804965,360,1025.241095
1632.781442,500,1044.766405
1319.536767,380,1045.040493
1734.491653,500,1045.372291
1634.570162,500,1046.466544
1618.021072,500,1046.744964
1700.990474,488,1046.970083
1689.65076,500,1047.181771
1642.613896,500,1048.204666
1230.133866,352,1048.381505
1621.432748,500,1048.612194
1064.582828,306,1048.749052
1227.420379,349,1048.933561
1219.974298,348,1049.852871
1617.354095,500,1050.091587
1180.838901,340,1050.241993
1626.701241,500,1050.460413
1005.101194,286,1050.579711
1627.848456,500,1051.534395
1616.413677,500,1051.778814
1625.785437,500,1052.000519
1593.808729,500,1052.207055
1753.530417,500,1053.250928
1616.82841,500,1053.498154
1625.923356,500,1053.717697
1620.678892,500,1053.925339
1623.087591,500,1054.890655
1166.636903,333,1055.054646
1619.160524,500,1055.280558
1548.346781,446,1055.469802
1687.620625,500,1055.67342
1669.274346,500,1056.633253
1615.357495,500,1056.860738
1111.840833,322,1056.995285
1640.07501,500,1057.199184
1626.082102,500,1058.179564
1461.585869,417,1058.403011
1137.541798,323,1058.576803
1629.136496,500,1058.823927
1658.510317,500,1059.05312
1661.90763,500,1060.099103
1490.719031,428,1060.311959
1624.275214,500,1060.543122
1623.709762,500,1060.760419
1600.30996,500,1061.746438
1628.554868,500,1061.990886
1618.125179,500,1062.208077
1622.126018,500,1062.415222
1617.847884,500,1063.358218
938.80366,268,1063.492017
1627.42406,500,1063.723961
1626.88326,500,1063.942653
1620.462636,500,1064.154846
1329.433867,380,1065.092126
928.161539,264,1065.221572
1625.82472,500,1065.447022
1430.636108,408,1080.792791
1208.131982,344,1080.952322
1613.911278,500,1081.938888
1631.894048,500,1082.171837
1611.347528,462,1082.383378
1640.072314,500,1082.608143
1621.620651,500,1083.679198
1632.141527,500,1083.930147
1746.845454,496,1084.150165
1696.762399,500,1084.374466
1607.811371,463,1085.323617
1618.621173,500,1085.558701
1213.656102,343,1085.707319
1625.266619,500,1085.963351
1139.444468,326,1086.144544
1638.330643,500,1087.594033
1142.004503,323,1087.780706
803.514837,231,1087.89522
1653.311161,500,1088.118242
1636.324393,500,1088.337983
1644.725411,500,1089.301678
1639.882425,500,1089.543063
1629.90813,500,1089.765478
1631.906538,500,1089.976579
1635.080225,500,1091.234688
1642.804783,500,1091.568276
1643.202354,500,1091.919785
1640.566279,500,1092.246345
896.144271,253,1092.432668
1633.191085,500,1093.808476
1631.536901,500,1094.095743
1270.212005,370,1094.272799
1630.207349,500,1094.502846
1632.836922,500,1095.450347
1631.253326,500,1095.690246
956.692118,276,1095.81365
1116.869659,320,1095.952561
1621.290969,500,1096.166185
1633.739914,469,1097.172977
1694.039167,484,1097.405534
1189.087018,338,1097.552256
1610.084235,500,1097.756877
1232.101698,352,1097.895969
1621.205295,500,1098.86403
1635.161382,500,1099.091888
998.669221,290,1099.213872
1614.062964,500,1099.420147
1379.220639,397,1099.578116
1305.859493,376,1100.493018
1644.448411,500,1100.722265
1629.830856,500,1100.931134
793.196721,227,1101.025807
1354.323111,387,1101.190889
1628.968694,500,1102.261068
1630.12409,500,1102.511329
911.384093,258,1102.627524
1617.695315,500,1102.841586
1613.693867,500,1121.526993
1214.724299,352,1121.710825
1627.048268,500,1121.958202
1638.77647,500,1122.189348
1640.863932,500,1122.417051
1554.519559,445,1123.429905
1218.558291,353,1123.606857
1492.664247,432,1123.802318
1219.962676,354,1123.953372
1407.906175,401,1124.122197
1209.308315,347,1125.087055
1627.604032,500,1125.42185
1655.808999,500,1125.72019
1691.723171,500,1126.013978
1604.913478,500,1127.38135
1629.522744,500,1127.702063
1609.361876,500,1128.000508
1627.480787,500,1128.30946
1653.699462,500,1129.434294
998.604844,283,1129.598337
1601.593151,457,1129.863727
1033.85032,300,1130.038013
684.775128,204,1130.151376
1247.443497,355,1130.330625
1616.729372,500,1131.355308
1169.905559,329,1131.533786
1626.93003,500,1131.771533
1612.605256,500,1131.989554
1623.130157,500,1132.203006
1085.200484,308,1133.141693
1628.681957,500,1133.413216
688.602935,206,1133.514419
1617.877294,500,1133.748553
1651.996655,500,1133.967893
1618.455186,500,1135.07109
1622.701119,500,1135.387891
1276.426637,367,1135.604616
1610.844657,500,1135.897538
1652.594228,500,1137.157157
1614.048125,500,1137.448334
888.27144,254,1137.594677
1638.223127,500,1137.895198
1624.83635,500,1138.163044
1618.475225,500,1139.40934
1621.877841,500,1139.704378
1636.753447,500,1139.978744
1222.060373,351,1140.16955
1539.443751,444,1141.351202
1628.972815,500,1141.636292
1133.854174,324,1141.826694
1629.949806,500,1142.082838
1629.998761,500,1142.318324
1657.274206,500,1143.399994
1641.447947,500,1143.657236
1565.332757,449,1143.867238
1623.004964,500,1144.096055
1621.755508,500,1160.616723
1626.188876,500,1160.843807
1389.276345,399,1161.029093
1633.553142,500,1161.251157
1599.341563,500,1162.221866
1626.625967,500,1162.454998
1632.347354,500,1162.663226
1626.462497,500,1162.865267
1060.988365,305,1162.988414
1629.602241,500,1164.134842
1681.131657,500,1164.3557
1627.470752,500,1164.587743
897.229884,255,1164.697991
947.523148,272,1164.815021
1628.949518,500,1165.782076
938.62329,270,1165.905091
1605.651775,500,1166.126235
1623.879329,500,1166.366341
1625.842858,500,1167.410527
1627.884581,500,1167.646115
1539.860605,451,1167.839596
1626.171431,500,1168.052411
1612.420755,500,1169.115763
1643.18328,500,1169.358216
1622.002653,500,1169.573799
1544.219982,447,1169.758999
1626.050239,500,1169.96422
1633.494708,500,1170.911741
1622.293584,500,1171.130955
1582.423549,500,1171.341785
1689.119531,500,1171.557457
1720.137039,500,1172.509142
1629.673851,500,1172.748151
1615.174388,500,1172.965305
722.498144,211,1173.052546
1610.006114,500,1174.031856
1731.558035,495,1174.27484
1641.746221,500,1174.490675
1636.948745,500,1174.698139
1616.691264,500,1174.906652
795.629309,229,1175.758146
1213.251131,347,1175.920879
1639.243509,500,1176.142221
1313.803092,377,1176.298749
1629.948892,500,1176.506848
1629.854761,500,1177.456924
1629.673702,500,1177.690845
1618.944784,500,1177.899569
808.136136,231,1177.997574
1621.221238,500,1179.008857
1624.28172,500,1179.363609
1646.478191,500,1179.803538
1621.322259,500,1180.184482
1705.966776,500,1181.919324
1619.070863,500,1201.218194
1619.912115,500,1201.446692
998.206813,285,1201.585546
1716.847652,500,1201.843677
1614.640837,500,1203.046544
1605.258161,500,1203.333488
1614.415901,500,1203.618966
1625.918035,500,1203.886632
1611.408209,500,1204.965765
1637.04772,500,1205.281451
1617.897363,500,1205.561618
1622.471749,500,1205.835754
1613.150193,500,1206.987143
1607.522944,500,1207.274138
1274.029728,365,1207.478963
1631.059198,500,1207.718706
1621.248671,500,1207.941794
1611.603013,500,1209.167228
915.45375,259,1209.313184
1622.033875,500,1209.58592
1651.589589,500,1209.821532
901.982492,267,1209.93781
1612.956752,500,1211.478028
1614.856864,500,1211.765341
1623.329516,500,1212.052075
1607.995738,500,1212.317437
1616.61238,500,1213.338103
1624.900499,500,1213.568748
1645.851385,500,1213.784648
1623.296488,500,1214.003455
1615.839365,500,1214.984057
1615.768541,500,1215.20713
1584.266809,500,1215.413575
1627.027618,500,1215.616077
1628.86881,500,1216.542131
1591.20208,456,1216.745963
1619.411514,500,1216.954156
1616.210232,500,1217.156733
1626.095209,500,1218.083841
1104.659678,315,1218.230257
1031.365609,293,1218.356631
1439.177015,412,1218.528935
1635.459307,500,1218.732474
1710.490589,487,1219.697304
1632.77005,500,1219.948148
1639.095404,500,1220.174568
1227.470556,354,1220.329302
1162.870857,332,1220.47122
1644.271839,500,1221.420254
1227.44937,358,1221.58199
1634.256483,500,1221.792777
1619.489626,500,1221.994523
1633.723317,500,1222.977362
1640.783613,500,1223.218808
855.872296,243,1223.32331
854.900996,242,1240.270562
1637.87949,500,1240.505205
1139.279028,325,1240.649475
1633.762804,500,1241.73254
1451.916305,413,1241.971623
1695.632875,486,1242.212337
1663.65457,500,1242.453858
1631.075712,500,1243.578982
1295.209099,373,1243.800501
1615.288993,500,1244.094714
1630.691505,500,1244.387441
1624.350873,500,1245.503347
1629.773246,500,1245.791593
1622.66872,500,1246.069557
1246.012176,359,1246.254837
1627.901433,500,1246.487564
1596.483283,461,1247.559219
1640.916213,500,1247.805928
1672.483123,500,1248.046885
1423.738556,409,1248.234842
1698.304215,500,1249.410022
1685.820834,500,1249.773822
1617.834446,500,1250.07485
1668.381526,500,1250.354145
1635.629146,500,1251.406694
1630.378185,500,1251.655497
1633.312617,500,1251.888969
1631.480823,500,1252.140578
1629.784119,500,1253.164426
907.692017,256,1253.303122
1637.142542,500,1253.590129
955.017238,271,1253.722682
1434.894827,407,1253.910638
1636.661723,467,1254.114149
1645.255179,500,1255.218314
1209.136817,345,1255.372604
1629.713689,500,1255.585476
1620.798633,500,1255.789719
1002.173278,282,1256.605418
1651.260113,500,1256.839603
1657.858295,500,1257.047997
1642.625407,500,1257.250861
1712.264228,500,1257.451133
1632.404494,500,1258.478152
1693.816888,500,1258.751027
1564.982835,451,1258.978719
1590.105506,460,1259.193127
1621.527453,500,1260.225019
1626.069935,500,1260.450747
1627.663691,500,1260.664366
1330.67586,378,1260.830664
1643.812836,500,1261.800071
1738.392233,498,1262.030978
1623.828831,500,1262.248981
1650.392977,500,1280.602237
1650.705246,500,1281.776666
1621.734012,500,1282.075989
1647.188814,500,1282.316204
1645.309503,500,1282.531365
1645.222345,500,1283.481321
1441.678908,410,1283.683271
1477.09417,423,1283.867033
1629.04686,500,1284.076842
1628.269201,500,1284.279092
1632.868945,500,1285.278712
1209.59787,352,1285.44556
1642.197752,500,1285.673209
1491.346066,433,1285.85744
1640.127021,500,1286.839479
1645.396687,500,1287.09075
1664.286337,500,1287.328191
1631.778382,500,1287.562159
1649.078244,470,1288.556035
1747.777006,499,1288.812796
1630.899901,500,1289.032813
1636.224455,500,1289.245926
1622.01644,500,1289.463929
1684.448312,500,1290.467312
1631.262241,500,1290.684671
1630.20376,500,1290.896349
1658.028254,477,1291.110331
1620.790164,500,1292.271008
1623.983314,500,1292.510791
1643.970563,500,1292.7392
1438.210932,408,1292.919098
1414.992789,405,1293.874117
1637.22104,500,1294.106652
1625.890242,500,1294.354155
1645.06871,500,1294.620434
1062.337545,306,1294.784522
1483.631325,423,1296.007139
1193.884186,345,1296.204556
1628.882886,500,1296.4543
1618.328942,464,1296.665183
1337.686789,384,1297.60937
1670.200341,500,1297.870144
1623.66265,500,1298.09184
1628.705463,500,1298.303135
1199.639695,343,1298.439085
1626.81814,500,1299.310646
1635.616761,500,1299.526468
1270.853397,367,1299.674515
1628.964255,500,1299.874075
1664.429606,500,1300.721496
1664.374146,500,1300.945345
1640.527926,500,1301.150128
1612.052213,500,1301.35157
1174.278492,334,1318.359726
942.820663,273,1319.16988
1637.12551,500,1319.399512
1623.38492,500,1319.622053
1623.567504,500,1319.828479
1629.736844,500,1320.730624
1615.377322,500,1320.964345
1651.84247,500,1321.176611
1622.460943,500,1321.380246
1739.162318,500,1322.318324
1631.591074,500,1322.592836
935.227654,270,1322.741304
1629.741886,500,1323.002722
1361.811294,391,1323.197645
1678.381335,500,1324.247007
1619.62722,500,1324.539671
1395.985509,397,1324.7734
1686.332518,500,1325.057654
1628.580623,500,1326.280402
1647.740218,500,1326.56425
1630.254801,500,1326.863454
1334.07025,386,1327.092862
1299.708888,376,1327.314711
1651.669412,500,1328.40499
1643.057965,500,1328.697152
1001.838404,289,1328.85823
1637.390882,500,1329.098621
1635.535855,500,1329.318672
1599.74301,463,1330.738765
1318.236897,377,1330.950269
1607.871494,464,1331.206194
1484.571954,424,1331.440569
1475.219687,421,1332.743048
1628.67974,500,1333.062712
1626.421359,500,1333.372687
1643.126072,500,1333.664755
1673.912935,500,1334.914039
1622.187519,500,1335.205446
1608.075957,500,1335.491544
1329.817874,383,1335.775922
1639.024423,500,1336.055716
1724.961883,500,1337.492459
1632.053204,500,1337.79529
1630.74216,500,1338.149086
1041.362673,302,1338.375849
1703.032694,500,1340.034361
1638.912776,500,1340.47481
1628.56386,500,1340.836068
1620.24898,500,1341.177468
1614.15084,500,1342.333041
1270.787589,369,1342.546176
1740.888449,500,1342.861792
1716.263225,500,1343.149955
1615.741155,500,1343.441472
1626.666011,500,1362.677189
1479.399533,423,1362.84573
1629.572579,500,1363.04947
830.106195,239,1363.145365
1640.854123,500,1364.111076
1632.036527,500,1364.358043
1625.564242,500,1364.716846
1627.818152,500,1365.055227
1632.802937,500,1365.480145
1602.945286,500,1366.696132
967.429136,276,1366.822309
1619.865425,500,1367.031166
1629.618823,500,1367.268848
1751.436278,500,1368.233988
1635.598631,500,1368.493905
1520.093757,437,1368.692927
1645.955773,500,1368.911495
1084.993518,314,1369.053551
1641.427694,500,1370.062885
1468.010772,419,1370.252492
1652.711973,500,1370.463714
1646.987019,500,1370.665337
1062.295784,304,1371.503627
1461.350671,424,1371.705559
1617.907299,465,1371.902592
1135.250745,326,1372.032753
1623.685929,500,1372.228082
1641.832576,500,1373.127219
912.968838,262,1373.244651
928.349855,266,1373.355721
1632.257021,500,1373.559149
1299.166664,376,1373.710688
1638.937945,500,1374.694207
1635.511849,500,1374.944994
1644.910036,500,1375.165408
1624.970166,500,1375.376106
1401.366126,400,1375.547565
1007.043786,291,1376.403991
1622.612292,500,1376.653944
1630.881791,500,1376.877433
889.965815,255,1376.982708
954.754107,276,1377.094248
1619.485381,500,1378.018782
1633.629388,500,1378.242488
1202.789912,346,1378.386683
1643.229554,500,1378.590375
1621.864678,500,1379.498029
1663.127015,500,1379.73955
1150.260871,323,1379.876856
1629.634429,500,1380.08332
1636.002107,500,1380.287311
1624.2485,500,1381.215412
1627.586123,500,1381.434267
1152.534317,327,1381.567475
1618.729481,500,1381.767252
1166.659873,331,1381.902584
1645.697635,500,1382.904259
1630.883072,500,1401.429516
1648.557475,500,1401.653785
1631.400839,500,1401.868852
