#{"t_start": 1704938227.6859932, "env_id": "CustomHopper-udr-v0"}
r,l,t
7.404042,11,1.552588
9.834328,13,1.576249
15.85698,16,1.602993
4.587209,21,1.639195
15.758215,23,1.678538
64.30296,40,1.756381
4.466371,21,1.801486
12.556526,13,1.822025
9.173249,10,1.835353
11.925459,14,1.853447
16.358287,20,1.879422
6.410341,14,1.897527
5.74039,8,1.907717
7.962176,15,1.92766
19.65258,20,1.953206
60.425226,43,2.008756
6.276125,16,2.030025
9.633672,12,2.045779
6.247636,19,2.071902
5.070831,22,2.101161
21.378946,20,2.127924
4.082514,15,2.148431
25.034836,30,2.187131
4.939661,9,2.198339
7.62213,12,2.213155
12.901583,16,2.232974
6.940006,14,2.250516
12.291484,15,2.26983
5.41101,9,2.281882
27.643616,25,2.31474
12.307547,16,2.334811
12.00485,13,2.35142
8.459601,11,2.365226
4.926083,11,2.379187
6.161287,18,2.402171
39.859564,36,2.446973
5.390042,12,2.46283
8.133228,17,2.484568
19.926749,17,2.507182
8.373276,11,2.521885
8.391161,13,2.540977
10.089282,14,2.559599
23.65594,40,2.613128
20.824387,27,2.64969
13.744463,13,2.666618
10.118256,25,2.699884
19.371826,19,2.724659
11.458825,17,2.74663
7.073804,9,2.758411
8.025302,22,2.78669
96.272914,50,2.859784
8.49759,12,2.87578
5.645719,15,2.895113
11.351933,16,2.9156
11.397754,17,2.938364
8.450296,24,2.969261
5.305096,14,2.987488
13.417566,15,3.009046
4.781713,7,3.019664
8.026525,19,3.046772
20.563786,19,3.072975
15.615095,13,3.090772
8.220879,10,3.104231
9.185164,11,3.118757
23.864364,27,3.155581
27.344706,22,3.183948
7.700373,10,3.196625
10.169088,12,3.211434
43.74272,28,3.24705
9.188528,22,3.276397
5.161227,8,3.287519
12.222503,14,3.305501
11.557757,16,3.325765
11.019308,14,3.344022
13.963501,16,3.364425
14.336704,14,3.383095
121.497711,61,3.464067
10.195932,14,3.482486
16.16378,16,3.50397
42.089552,29,3.542459
10.135674,15,3.562433
7.890585,10,3.575263
20.467844,25,3.607513
6.54926,9,3.618842
11.110784,12,3.634883
3.23651,17,3.656705
3.051497,14,3.675739
7.144804,13,3.692352
11.12185,22,3.72056
10.557604,18,3.743695
6.909173,11,3.758195
8.062416,9,3.77128
15.738098,14,3.789999
9.000628,10,3.803001
14.046152,16,3.829974
16.800258,14,3.850055
2.873815,23,3.880655
13.08169,14,3.899134
7.077718,17,3.922462
65.40513,41,3.975653
66.108703,38,4.02757
6.905466,20,4.05482
5.140845,8,4.065927
34.2642,30,4.106329
20.785769,27,4.1424
6.512092,14,4.160518
6.072602,8,4.171061
6.494724,11,4.185673
14.362638,16,4.206787
9.327099,15,4.226502
9.199983,22,4.255387
9.216628,13,4.272192
3.360947,14,4.291452
8.954611,12,4.306924
34.116397,43,6.345387
7.259599,10,6.359037
6.096386,13,6.376203
41.217169,45,6.434359
7.409034,14,6.452443
58.926662,42,6.507544
87.599721,53,6.577731
12.870446,22,6.607126
14.503986,16,6.627838
32.715596,29,6.667372
8.621626,19,6.692087
65.282188,44,6.74997
14.25138,15,6.769767
7.384099,24,6.800158
40.702041,33,6.842752
16.385719,21,6.869726
10.988711,13,6.891508
40.589154,51,6.960309
7.675299,11,6.974226
12.552494,14,6.992689
15.193177,27,7.030481
66.694106,48,7.09379
125.632094,76,7.194566
26.756496,25,7.226895
13.781686,21,7.254533
19.106491,26,7.289818
8.734537,19,7.315234
5.890679,18,7.338239
13.977655,20,7.363831
85.403526,56,7.435106
13.116626,19,7.460485
2.614624,10,7.47389
14.907351,20,7.501212
26.864168,34,7.547168
7.532402,10,7.561912
10.416533,16,7.582859
7.31245,10,7.596238
15.001164,18,7.619181
7.213175,29,7.658411
4.336926,11,7.67313
5.577861,9,7.684902
14.639872,34,7.727573
44.13318,51,7.793782
5.857285,10,7.806925
30.77824,30,7.84755
5.915377,13,7.864754
8.880003,34,7.912944
13.233503,20,7.94274
5.766662,9,7.955581
13.558291,17,7.977434
9.420431,16,7.998347
9.613824,13,8.016612
47.413859,27,8.054159
5.852616,12,8.070838
19.300664,23,8.10165
4.592981,11,8.116743
15.163471,16,8.13768
46.159873,41,8.193203
59.335008,40,8.245026
31.850797,33,8.288853
27.931729,41,8.340596
7.220389,11,8.354548
7.261577,10,8.367923
7.285291,14,8.385777
9.233985,12,8.401004
18.178482,25,8.431823
7.598318,14,8.449104
20.977681,29,8.485583
153.220064,78,8.584977
8.887987,15,8.604504
30.95687,27,8.640198
23.461891,29,8.678267
17.476106,25,8.710687
76.928289,56,8.783727
12.850615,16,8.804523
10.636945,22,8.832976
15.537237,16,8.853559
8.016156,13,8.870077
13.796242,28,8.90685
5.290832,19,8.935153
26.449117,39,8.989918
71.463187,47,10.340517
15.26184,41,10.39529
46.992827,54,10.464086
14.533105,19,10.488227
53.933994,32,10.530105
6.350466,10,10.543145
58.499976,45,10.602345
11.95214,14,10.620192
35.189341,38,10.669799
6.803543,10,10.68272
17.738826,17,10.704454
22.279385,22,10.732339
69.30868,62,10.813962
30.508388,31,10.854685
5.986177,10,10.867935
68.796287,40,10.921049
125.04281,75,11.027478
36.828449,32,11.069711
5.794531,13,11.087334
15.986719,18,11.111714
11.090569,14,11.130807
160.55015,85,11.2478
77.387351,47,11.312323
7.931327,14,11.331518
105.063457,61,11.412728
20.306396,21,11.441307
6.80964,10,11.455011
7.730109,12,11.470842
126.620451,66,11.554756
82.62549,64,11.641636
28.543659,27,11.678527
42.019497,35,11.725217
9.986093,17,11.748976
69.179836,44,11.808088
14.115648,20,11.847178
24.688833,41,11.925921
3.871941,12,11.947023
13.322968,17,11.978436
126.164705,74,12.110178
17.030485,17,12.1409
75.254359,49,12.223707
131.864832,67,12.334467
34.835669,44,12.40478
81.025521,55,12.493076
202.498784,103,12.66171
12.720923,18,12.69024
99.671391,65,12.791446
8.504961,12,12.8103
172.851631,91,12.955052
16.394892,27,13.001032
16.192402,17,13.032857
109.470078,67,13.156707
32.168354,30,13.207279
36.484691,25,13.247544
12.726925,18,13.277051
53.995775,34,13.332263
11.604477,14,13.355021
43.398206,35,14.99106
73.933548,45,15.055261
7.976972,13,15.07239
95.461914,62,15.16256
147.707982,72,15.260634
130.702221,70,15.367288
94.473753,55,15.450264
79.726792,51,15.520993
11.463767,15,15.540903
186.367462,141,15.726815
8.231481,11,15.741646
6.648806,9,15.753527
129.589249,65,15.838127
235.080443,106,15.978925
12.242902,14,15.997729
102.280268,88,16.116992
152.902753,99,16.26593
49.200384,36,16.31955
44.240172,38,16.375031
98.415485,54,16.450869
181.256623,105,16.587445
54.577804,32,16.629261
86.425547,47,16.691292
103.003927,69,16.782811
14.222104,15,16.802993
120.938155,82,16.907133
33.907114,28,16.943896
164.403116,77,17.053972
13.988074,16,17.078372
132.287772,77,17.190333
111.573562,59,17.26923
189.188247,82,17.381664
114.641556,60,17.464463
31.864756,29,17.503143
71.217615,42,17.559125
181.980074,110,17.705718
89.296061,48,19.121156
81.050823,53,19.197109
134.774757,75,19.318238
236.886322,115,19.479337
148.667485,76,19.581426
45.106559,26,19.61744
83.844771,48,19.684575
96.196238,54,19.756363
83.354809,47,19.818497
136.782757,76,19.919268
54.714265,38,19.970104
133.985094,95,20.096778
82.250159,49,20.161788
81.79658,67,20.256735
173.403856,82,20.363291
111.294769,61,20.440426
116.994206,65,20.522568
127.623713,69,20.613703
75.830262,52,20.682473
248.587558,118,20.83332
159.736998,75,20.930599
111.930806,59,21.007966
144.016491,80,21.117335
77.051296,52,21.18984
67.645243,52,21.270068
70.551418,41,21.324707
6.910832,11,21.339169
78.283301,44,21.397695
14.17497,15,21.418031
75.061739,51,21.484725
10.367954,14,21.503108
51.006721,29,21.54032
79.007393,43,21.596254
81.410872,47,21.658296
114.482218,86,21.768294
125.217237,69,21.855572
210.878449,92,23.29285
99.461597,54,23.368592
98.501786,53,23.4386
267.230104,159,23.649766
223.793457,100,23.78526
195.373494,98,23.917028
78.128425,43,23.973627
199.790007,99,24.108036
229.920674,104,24.242542
98.921734,64,24.335289
133.533624,81,24.440146
144.270933,77,24.552503
114.895073,62,24.665234
125.709703,80,24.797437
130.505787,75,24.92201
92.417184,52,25.02126
77.349177,45,25.095772
115.592756,62,25.199821
129.662707,68,25.314257
224.731258,108,25.514562
62.74556,38,25.580494
128.036996,69,25.693876
212.326395,116,25.896362
124.64046,68,26.008217
141.252336,84,26.154725
86.683514,55,26.246599
234.616223,108,27.945848
242.283779,114,28.098678
210.567949,107,28.239041
225.048011,116,28.393506
238.799575,122,28.561347
180.426347,103,28.697553
122.379239,73,28.790297
140.677062,80,28.895977
127.572194,85,29.007695
139.375137,75,29.107031
40.178704,33,29.152039
114.83559,67,29.238741
223.272895,107,29.378574
101.901769,58,29.454586
25.560058,24,29.485042
199.983906,101,29.623197
211.854746,109,29.763994
245.930974,108,29.902135
228.695981,107,30.039716
245.519862,113,30.188776
231.559631,116,30.339565
36.069369,31,30.380087
141.657231,73,30.473593
109.281055,64,30.56348
131.251596,73,31.970139
231.419129,110,32.118086
224.308262,106,32.256244
53.187306,44,32.313664
78.40286,51,32.379883
71.381539,44,32.435942
43.004542,35,32.480461
223.180099,99,32.615304
150.55032,83,32.723555
41.42197,33,32.7663
260.4694,116,32.914534
142.54538,77,33.015726
126.74368,71,33.111481
84.554722,54,33.184263
260.606361,135,33.363339
234.600489,108,33.509995
70.35702,46,33.571357
260.25384,113,33.734655
149.16668,84,33.847089
208.718363,111,33.996105
193.650302,107,34.14259
161.380534,86,34.258423
271.01469,121,34.420047
54.155469,45,34.479242
254.168048,115,35.975028
67.006321,42,36.032164
168.653985,90,36.152253
115.51999,68,36.244838
75.136087,48,36.312534
84.089727,57,36.389423
219.02493,106,36.528845
123.962098,71,36.622415
254.038363,123,36.794654
66.559901,43,36.851487
228.845336,115,37.002246
157.04543,82,37.116604
245.305274,112,37.293132
79.853308,50,37.382246
143.87365,78,37.51327
96.597431,61,37.61407
93.339202,57,37.712114
151.016158,79,37.845963
156.443459,86,37.991726
116.296206,68,38.103164
82.451163,49,38.187249
69.872382,43,38.256108
190.327179,96,38.413926
235.083843,107,38.589421
159.414596,81,38.720556
257.364285,113,38.913767
249.172611,119,40.595391
133.508496,78,40.693964
244.775823,118,40.853643
225.719428,102,40.993946
224.781683,114,41.146198
247.886029,122,41.309029
127.312187,73,41.406648
232.690776,110,41.549019
235.243317,114,41.700053
230.648319,110,41.847945
257.864952,119,42.014709
245.913062,123,42.177847
227.519422,114,42.324711
234.402409,110,42.47014
265.122593,135,42.645414
188.543069,94,42.768165
229.697919,102,42.90616
175.508086,98,43.040177
146.541645,77,43.144232
244.207535,115,43.299012
127.892151,70,44.705331
241.231468,115,44.861544
238.648143,117,45.026385
224.052456,102,45.165031
226.126719,100,45.296328
188.645124,93,45.416008
234.464293,106,45.564459
135.780543,75,45.661104
200.868863,102,45.798554
262.839264,122,45.963442
240.693495,112,46.124262
222.126072,108,46.272218
236.689584,119,46.430325
230.635831,107,46.570945
173.293802,89,46.688764
229.575673,105,46.834283
138.466966,79,46.940644
232.92892,108,47.090488
232.47331,116,47.246824
165.325266,84,47.360579
210.440312,97,48.84052
186.085571,94,48.970966
193.902431,96,49.109065
228.872112,105,49.24802
234.591816,112,49.413862
178.106863,86,49.526285
248.349512,111,49.67117
102.589505,60,49.751595
233.200988,106,49.928363
148.295442,79,50.079367
235.520782,109,50.270642
129.757936,73,50.391403
248.596831,112,50.572574
233.206568,108,50.750484
229.014096,109,50.932559
131.471553,73,51.053773
127.890116,69,51.185054
225.827753,109,51.373866
196.601914,98,51.534083
111.640655,66,51.640559
231.112337,107,51.81635
222.031724,101,53.447017
240.664993,107,53.590973
240.809406,106,53.728759
116.82001,62,53.813298
156.476914,83,53.922848
238.026679,106,54.063263
199.259606,105,54.202032
102.783364,61,54.291224
235.989644,108,54.432858
110.349423,63,54.513105
235.789096,109,54.658975
221.553111,101,54.795597
241.610494,110,54.941622
248.058384,107,55.086293
219.474866,99,55.225883
215.10458,100,55.371683
229.585427,105,55.516713
229.475075,101,55.650298
250.29674,110,55.811166
238.862835,114,55.967607
222.188662,106,56.112329
137.421233,73,56.213766
163.304194,80,57.640651
208.374089,90,57.759537
233.25154,103,57.900567
120.729351,64,57.983078
224.091323,97,58.112273
237.901364,101,58.24478
223.752055,98,58.385182
231.094343,106,58.530535
238.274533,109,58.676762
241.714744,105,58.812666
235.241074,110,58.961124
227.39033,109,59.10744
225.059838,99,59.237704
177.260243,86,59.357864
229.100993,105,59.498167
214.812909,94,59.621019
179.071266,88,59.73457
213.415598,92,59.858555
207.289051,91,59.976107
227.796374,100,60.110173
220.308554,99,60.240482
218.414328,101,61.715961
234.71769,99,61.853718
234.407337,102,61.988835
210.936157,105,62.131498
232.546482,104,62.269271
223.494527,100,62.403952
236.137448,101,62.542643
236.723434,108,62.725518
218.174787,103,62.900191
242.608832,116,63.097109
230.833486,104,63.274295
118.929149,63,63.377391
223.067591,97,63.548282
231.996572,105,63.716789
141.508317,71,63.836788
223.311379,98,64.000762
228.729966,101,64.171192
241.225192,112,64.355325
232.631053,101,64.520847
219.891738,103,64.705939
223.11918,100,66.302376
221.525502,102,66.440212
84.805124,49,66.504434
231.868005,104,66.648451
224.992035,104,66.788255
225.313202,103,66.927166
230.674113,103,67.065442
194.905868,94,67.193057
221.949265,97,67.322577
228.031666,98,67.453641
222.494039,100,67.594006
228.936017,103,67.738279
224.864107,102,67.874602
217.176199,97,68.003539
240.248204,108,68.148711
239.426713,105,68.284938
221.413668,96,68.409274
204.737273,90,68.522514
162.617955,89,68.636517
232.358404,104,68.778634
218.307009,95,68.906182
228.909135,104,70.352478
220.54493,99,70.479828
210.245658,92,70.598018
230.162408,102,70.736638
211.486872,93,70.855814
223.862407,96,70.980839
228.021966,101,71.116102
208.558413,92,71.23962
211.904043,97,71.370399
233.290006,100,71.503483
207.425172,90,71.624464
211.397615,94,71.753523
220.452238,96,71.879409
231.412303,114,72.032964
218.071166,93,72.160191
210.261205,90,72.279898
214.557938,102,72.414112
217.355091,101,72.549764
224.077589,102,72.691969
228.398478,99,72.830813
232.969315,104,72.96791
232.514398,102,74.427262
234.562168,101,74.560447
219.182948,95,74.685934
222.490826,100,74.820747
222.053896,97,74.947801
233.868169,101,75.083851
238.180378,106,75.221788
257.670826,112,75.430047
228.976259,104,75.609264
224.698094,98,75.770419
201.041342,89,75.928256
231.104972,102,76.101387
232.511941,104,76.290017
243.195632,109,76.478382
232.321753,102,76.652163
240.527237,104,76.829007
196.505913,88,76.989961
226.634166,101,77.156083
234.47542,101,77.319691
220.079893,100,77.496608
234.290861,103,77.672044
257.383487,112,79.219094
270.75661,120,79.386397
238.249248,106,79.54345
241.948706,103,79.682524
248.493758,109,79.832135
260.040201,115,79.991145
75.697335,46,80.054798
239.097348,110,80.20403
242.20302,108,80.345582
265.546016,116,80.497638
253.578445,115,80.649223
227.908046,104,80.784033
225.691206,103,80.92353
244.563924,106,81.073397
211.898357,97,81.203847
232.597843,102,81.340342
193.414019,88,81.456547
258.67517,113,81.604831
228.823875,98,81.733933
251.13944,102,83.170679
262.454511,117,83.324744
116.238607,61,83.406325
233.880402,105,83.548228
248.421974,110,83.693019
73.569667,42,83.749947
235.828727,107,83.895379
228.197242,98,84.033397
233.678419,102,84.176845
264.028628,127,84.344154
209.571125,94,84.465658
233.888509,101,84.599009
238.223932,104,84.732827
210.843487,91,84.852501
226.429525,102,84.984674
242.312417,106,85.13445
248.550456,107,85.276917
266.033675,113,85.42638
255.256188,117,85.585489
237.677188,104,85.72502
233.439401,103,85.859052
242.770994,104,87.325435
236.954215,105,87.463759
251.885381,105,87.606246
254.949695,109,87.748094
256.22717,111,87.895077
247.259002,108,88.08296
250.139251,109,88.278141
254.598862,115,88.46933
252.387245,112,88.650707
224.052414,100,88.817599
238.909402,111,88.998462
244.732861,106,89.177505
266.88466,119,89.382671
248.689992,104,89.553166
241.141743,105,89.725159
245.511946,106,89.897576
230.729114,103,90.081476
258.644128,113,90.276865
226.871937,103,90.452719
248.278989,105,91.946372
250.162303,108,92.096009
263.431494,111,92.242905
234.922334,106,92.394381
229.586774,100,92.522409
249.645477,110,92.665091
234.575654,100,92.794224
226.286556,98,92.920312
245.36731,108,93.063135
229.506995,99,93.194103
240.060724,105,93.331885
257.998477,111,93.483708
256.422077,109,93.623187
262.620482,112,93.765676
235.66442,107,93.905683
252.701454,108,94.053061
252.171707,106,94.197332
152.323191,75,94.295241
272.796474,119,94.456351
256.620256,110,95.889669
242.266697,108,96.033685
256.249158,113,96.18492
81.801732,47,96.250113
283.117755,116,96.402683
264.74525,112,96.557171
268.687759,116,96.706302
269.46896,113,96.866124
251.717934,107,97.006224
270.71284,116,97.161274
260.639974,109,97.304063
251.304328,111,97.457177
240.274651,105,97.597107
266.288904,117,97.747511
156.12903,80,97.850378
273.689406,121,98.009297
101.672984,55,98.08411
287.580405,118,98.234385
269.35453,113,98.382155
272.085631,127,98.552418
270.832687,111,100.00502
261.988586,114,100.1609
290.51518,121,100.318771
274.384516,120,100.479253
298.099244,127,100.67515
270.387953,137,100.909026
306.997163,131,101.130342
244.503725,107,101.313423
257.424793,110,101.500135
255.65673,118,101.714458
271.93879,118,101.917118
260.791984,112,102.103252
276.503481,111,102.289552
277.986394,123,102.486011
275.030926,122,102.693334
273.122638,119,102.903223
270.572421,115,103.107429
264.557005,116,104.615237
274.874802,115,104.773658
280.755501,120,104.932599
280.050533,122,105.096358
287.940757,127,105.270429
291.92753,122,105.430755
273.566465,114,105.586888
284.855123,118,105.74756
293.758751,127,105.91448
265.686946,126,106.085363
263.120778,129,106.259806
279.336332,119,106.41697
250.926803,119,106.567048
288.061152,123,106.72338
297.861045,129,106.896894
294.583196,121,107.068645
264.675347,120,107.22957
289.919846,119,108.700141
318.722828,144,108.898247
309.367287,128,109.066811
329.719348,136,109.249776
345.415244,155,109.463662
321.180521,149,109.682465
254.483053,129,109.861199
214.84904,112,110.007173
323.034207,136,110.191141
318.096043,136,110.368808
306.764632,147,110.560771
230.022524,113,110.708523
289.085534,133,110.889274
318.587196,142,111.076824
205.948514,101,111.211116
305.538719,144,112.740726
180.973558,93,112.861509
353.412855,157,113.077497
180.516893,89,113.196958
289.627584,135,113.420797
339.334049,162,113.695302
314.557533,138,113.916679
314.789501,143,114.163019
326.58659,156,114.409351
335.17553,147,114.660043
276.20234,126,114.866247
341.042148,164,115.154944
197.25081,98,115.312811
113.638182,62,115.417353
302.517675,127,115.649874
82.83815,45,115.73303
298.454451,128,115.951277
348.439644,150,117.502825
319.667343,138,117.688746
309.644501,131,117.864313
315.750438,141,118.054353
325.308401,139,118.2501
317.03166,135,118.436435
328.712826,141,118.623512
315.107713,134,118.799962
333.030703,147,118.992315
330.874356,142,119.19658
331.734553,139,119.384456
311.946668,135,119.566165
313.233922,132,119.744394
309.35387,130,119.91167
84.999247,48,119.975565
341.150555,146,121.49178
326.935574,140,121.681091
331.074894,150,121.874946
308.63283,133,122.050917
292.37801,126,122.224293
315.661115,136,122.394689
319.792382,143,122.577294
309.758098,137,122.757804
302.59323,132,122.927938
342.546917,155,123.133832
334.40039,154,123.344604
254.921581,128,123.513103
359.912914,166,123.733399
326.906808,145,123.935448
329.745138,141,125.432502
333.373804,150,125.632669
345.687424,146,125.825211
320.954118,138,126.049261
335.39498,145,126.311355
305.666003,133,126.531614
347.558296,152,126.777084
334.730558,147,127.012323
324.559734,144,127.258165
325.891769,141,127.501791
300.686848,128,127.711482
326.880278,148,127.953716
330.470187,147,128.210956
316.023771,136,128.458251
344.857329,158,128.724152
322.432336,148,130.220463
355.82319,163,130.442365
333.236282,149,130.634456
368.458416,178,130.88886
353.971309,169,131.115279
341.371394,151,131.317269
329.873596,137,131.502995
316.615214,135,131.675952
334.241496,138,131.854753
333.319379,143,132.043137
324.627675,139,132.230298
317.066141,137,132.413197
322.662789,133,132.592834
332.469118,142,132.77657
326.1526,140,134.265033
333.373905,146,134.462974
321.579747,143,134.653433
329.794011,143,134.838829
332.011476,147,135.031739
367.083877,180,135.265441
355.955489,171,135.510388
331.728061,169,135.744009
308.298395,214,136.023975
385.140403,194,136.285268
339.161973,216,136.582799
345.706406,178,136.815341
398.229814,210,138.41304
349.489143,160,138.621553
369.068621,184,138.929587
364.167589,170,139.217909
350.360623,162,139.488548
342.680209,169,139.777564
390.393785,202,140.118551
348.036816,169,140.402209
360.381793,175,140.687577
363.020943,183,141.012314
339.854796,185,141.342716
346.311585,165,142.925901
362.802198,169,143.150735
337.324006,155,143.354945
248.697398,160,143.567133
375.071889,185,143.812337
348.225308,163,144.028621
364.881617,157,144.234964
363.306146,167,144.454618
327.385695,148,144.649597
360.487273,172,144.882497
114.542081,56,144.956811
340.513414,154,145.162821
369.809565,180,145.396769
338.390729,180,146.951265
398.221794,188,147.202931
344.998825,156,147.407829
333.405437,158,147.61925
353.843926,166,147.836859
339.825292,150,148.055438
305.870994,126,148.222027
288.578561,124,148.384188
374.009641,175,148.610404
335.383209,151,148.798801
333.518985,143,148.989134
369.208007,170,149.217292
362.755704,158,149.423588
358.359311,166,150.952673
318.725965,132,151.133406
341.910502,161,151.353767
329.784524,141,151.597923
345.575852,137,151.826541
329.239132,134,152.055816
367.893901,156,152.315258
337.397735,143,152.541281
319.761049,133,152.766315
337.627056,154,153.014137
335.184744,145,153.25868
346.131352,154,153.515802
316.196478,135,153.74453
356.578874,164,154.029958
306.806465,138,155.518044
357.153323,166,155.736339
346.208853,148,155.932302
396.718454,189,156.193317
358.949622,162,156.408057
334.935624,145,156.600043
438.255216,186,156.845771
338.856636,150,157.041944
312.638904,172,157.278363
365.290401,171,157.509587
364.308989,177,157.742143
352.768834,158,157.950418
365.233574,174,158.204743
298.182687,169,159.735135
261.079297,156,159.938857
370.756459,187,160.189786
330.963936,147,160.390319
357.037255,179,160.624999
69.291188,34,160.667951
351.87079,168,160.881032
297.927994,159,161.091638
235.15138,111,161.236927
352.252645,166,161.465599
353.813093,157,161.679738
243.112191,110,161.826068
380.995188,171,162.051883
325.31469,136,162.240722
367.044589,171,163.784269
399.126983,205,164.057137
355.49625,156,164.341347
309.342478,139,164.575573
234.235732,124,164.770204
326.636981,133,164.982808
349.205043,145,165.220375
331.720653,138,165.465771
335.119523,141,165.697531
332.09785,134,165.91438
237.554914,107,166.093209
322.811026,127,166.312022
304.737986,124,166.529824
309.002483,130,166.751456
330.1425,137,168.264363
326.20313,140,168.465567
337.575665,130,168.636198
335.736573,134,168.810783
327.813051,135,168.983444
363.561032,145,169.175061
318.103985,134,169.352192
316.369313,132,169.531066
371.894335,150,169.746346
349.445014,143,169.930221
335.231727,134,170.107808
306.649696,129,170.277965
369.668424,141,170.462631
351.630058,141,170.654881
343.520603,135,170.830285
314.14025,129,172.321347
470.402216,169,172.543303
361.456723,144,172.755555
376.465042,148,172.964828
343.491344,137,173.15153
383.023861,146,173.340531
333.219118,139,173.523886
330.399172,135,173.708272
359.129272,143,173.894523
342.990152,136,174.073161
387.078525,152,174.274794
394.183061,152,174.478678
371.997709,144,174.679188
351.223085,143,174.863084
380.642584,144,176.362591
374.790379,143,176.549889
365.924916,142,176.741721
373.508031,149,176.989438
356.885101,146,177.240553
520.700897,191,177.553908
355.473909,136,177.787579
519.540937,193,178.10587
348.77512,141,178.334362
304.357732,129,178.541483
361.206079,138,178.784935
342.115708,144,179.024994
362.004358,140,179.263448
376.135286,162,179.531343
367.139456,145,181.04755
354.931507,137,181.228966
399.372522,148,181.428627
348.043781,142,181.618017
367.606688,133,181.786966
329.150428,144,181.981277
367.429031,137,182.165015
362.039838,146,182.356978
354.62301,144,182.548787
344.908659,142,182.733937
352.726101,139,182.922483
346.567892,136,183.102658
363.256535,146,183.306118
343.645299,143,183.498149
366.033568,154,185.035644
343.661854,139,185.223331
488.526841,184,185.473114
368.207131,134,185.653455
343.153589,131,185.827687
366.075355,136,186.022046
365.991667,138,186.208553
344.765007,133,186.391111
348.413664,136,186.575029
350.332533,138,186.759432
370.953732,142,186.948511
378.98462,144,187.149648
378.143002,138,187.327045
531.697872,177,187.561407
387.574873,144,187.744982
360.448042,136,189.242903
338.019353,139,189.423957
409.610913,152,189.677577
356.234636,131,189.900321
369.281616,141,190.136127
396.220877,144,190.375338
420.152607,157,190.625869
432.267074,160,190.891875
361.402546,137,191.124632
366.411944,133,191.343987
366.471116,136,191.569454
377.452288,139,191.810625
346.38967,130,192.033966
360.955194,134,192.259466
528.376062,193,193.816651
359.560591,136,193.999014
471.752797,170,194.236163
555.624813,190,194.483358
408.453814,161,194.691305
823.814743,276,195.042323
555.058638,198,195.30756
516.213981,189,195.582731
524.628863,198,195.845755
430.028359,159,196.053546
403.416612,148,196.259132
325.593077,140,197.763296
390.095841,139,197.942004
331.525712,126,198.10451
391.652493,150,198.315511
380.223658,139,198.497209
360.200883,143,198.685393
417.655098,150,198.882996
361.18138,134,199.059284
412.609369,152,199.271193
546.435816,194,199.536938
542.676601,191,199.807603
443.283692,169,200.033081
479.374859,170,200.25921
393.133919,141,200.459423
535.719684,186,202.014376
479.222021,172,202.281396
398.006854,143,202.532437
415.157304,150,202.775566
515.45711,175,203.076557
517.100007,184,203.382776
384.606994,142,203.636649
357.947114,137,203.86324
555.55407,195,204.18651
268.129545,117,204.383618
301.386464,123,204.600922
482.525658,166,204.891199
364.944047,142,205.093354
617.256602,211,206.682896
374.709105,146,206.8748
708.487799,235,207.185884
795.193346,270,207.54425
218.732322,93,207.677097
1161.688018,418,208.227329
596.272465,200,208.490897
676.903415,252,208.825871
751.841032,259,209.160862
766.973593,288,210.869252
409.245192,169,211.094403
598.18692,240,211.434561
1030.527543,353,211.907539
1192.30164,500,212.556503
780.646049,368,213.044531
1211.592835,500,215.043767
344.691211,142,215.301275
760.883058,266,215.736886
342.332286,135,215.959575
538.988987,220,216.330172
252.391313,120,216.526498
259.042328,150,216.771318
374.837621,280,217.254699
308.401432,132,217.478191
472.534921,379,219.35954
354.375962,155,219.566333
332.186457,135,219.760069
535.52345,210,220.047922
233.473814,140,220.233502
347.945071,152,220.434473
302.53129,135,220.607055
215.993754,134,220.785847
355.661088,163,221.005293
540.321681,202,221.278758
319.963753,137,221.459529
403.530814,167,221.683602
352.675927,147,221.878348
335.57941,143,223.360065
246.220826,135,223.542344
457.11229,215,223.831567
422.839368,227,224.144649
589.509441,500,224.821602
121.783546,55,224.89405
1021.822891,439,225.49203
536.950472,215,225.794733
378.739902,161,226.006498
338.472027,145,227.523108
475.861243,189,227.830271
344.72045,136,228.055635
350.17524,140,228.298255
358.543899,141,228.534724
367.940215,144,228.768202
392.104398,150,229.02443
343.762031,132,229.245983
365.948169,145,229.490469
486.304356,186,229.808426
342.78428,132,230.057243
361.005665,137,230.300046
342.647039,146,230.52314
544.429226,205,232.086107
357.49192,144,232.275204
361.920754,140,232.461642
366.096534,140,232.6446
368.232258,145,232.837466
362.166777,136,233.012361
367.842211,139,233.195234
369.799575,136,233.384018
370.872424,140,233.586814
450.447897,178,233.838668
290.330098,127,234.00799
295.560915,129,234.180712
358.387958,139,234.369666
349.425177,129,234.540211
351.274282,135,234.719574
292.134311,126,236.207672
332.591318,128,236.38312
339.050967,134,236.565667
308.670361,124,236.731571
385.649212,153,236.932487
368.985042,142,237.119458
393.230676,147,237.311391
398.26684,148,237.516427
419.977025,178,237.75528
519.393826,195,238.011817
563.226569,203,238.283655
346.718767,133,238.464258
421.488176,167,238.689815
546.472425,197,240.272834
529.175151,202,240.598825
415.729082,164,240.874043
404.517181,160,241.136997
511.673193,208,241.477323
462.364967,172,241.784668
361.333398,135,242.003556
370.60337,147,242.243138
413.339964,164,242.510588
362.91287,133,242.74698
492.10784,183,243.061452
363.894992,135,243.261361
367.484749,146,244.777972
532.271914,191,245.026744
495.633434,186,245.273594
403.868268,155,245.478124
542.980843,219,245.778108
202.251256,101,245.913407
363.397378,135,246.099313
368.592567,146,246.292258
363.142809,141,246.476795
404.057782,163,246.689511
335.907602,130,246.868812
370.102538,143,247.058399
367.150581,151,247.262832
352.572736,134,247.444395
353.314759,138,248.944706
341.903993,131,249.123243
334.44507,130,249.301147
358.755335,140,249.488889
353.710968,140,249.679168
351.841078,135,249.875994
346.49362,131,250.06177
345.358799,138,250.246533
341.286563,130,250.419588
351.472925,148,250.627708
340.18846,129,250.795247
380.081913,147,250.994158
356.570301,138,251.178901
357.943268,142,251.366382
526.386135,210,252.98493
411.289577,174,253.253849
383.422097,150,253.505116
412.46383,168,253.772378
342.771436,134,254.006777
351.780417,133,254.221754
320.450141,123,254.426834
325.612053,127,254.634201
366.054204,146,254.874009
347.721713,139,255.120401
334.703588,138,255.362921
369.526501,147,255.61945
450.726672,186,255.930611
342.986252,129,256.109342
349.963485,135,257.600839
359.551463,140,257.779703
403.389493,161,257.988155
351.505995,138,258.178178
347.095721,133,258.353049
328.215773,123,258.513098
337.185263,127,258.679292
316.165264,114,258.828271
326.8737,123,258.991457
345.254749,132,259.172682
324.111689,121,259.330052
338.600528,133,259.509447
327.857551,122,259.668375
324.165628,123,259.830253
342.126177,132,260.020841
343.344838,130,260.199745
325.544909,120,261.664673
290.489017,115,261.813822
337.641745,129,261.983717
349.382495,137,262.166527
325.398454,119,262.330941
336.891539,132,262.505894
325.268982,123,262.669314
354.236246,136,262.844839
350.365613,133,263.024246
322.904542,120,263.183364
331.450978,121,263.348056
401.786452,163,263.560196
295.804488,116,263.722448
342.628961,128,263.905619
355.726648,140,264.097003
343.283621,131,264.277575
327.197819,123,265.726176
354.054011,145,265.954767
353.099779,138,266.194855
341.449045,133,266.41871
335.64114,130,266.629433
334.783613,129,266.835855
337.019731,133,267.054624
305.352715,118,267.254094
325.130142,128,267.474041
343.293898,134,267.694081
326.087921,127,267.89621
316.984433,122,268.112994
342.185682,132,268.346803
321.54785,122,268.578812
348.13019,137,268.766435
350.352617,142,268.954403
336.206531,132,270.453589
337.627362,130,270.629732
337.72055,140,270.816021
352.847206,143,271.024371
337.269987,127,271.192347
358.166692,154,271.39329
345.845245,133,271.582343
337.243099,128,271.751418
321.980207,115,271.903052
354.829022,138,272.085526
334.164093,126,272.249276
561.774994,245,272.574856
383.367735,180,272.810934
286.733521,140,272.989806
501.932525,206,274.580393
681.404334,291,274.958649
525.811104,224,275.259555
841.358603,413,275.806976
216.343973,108,275.946306
516.030205,218,276.236803
777.096781,391,276.761299
350.170151,154,276.957663
259.128171,129,278.456838
521.811667,214,278.840078
258.116364,133,279.059412
251.817219,129,279.271923
516.453858,224,279.631878
303.132231,146,279.893037
587.372314,500,280.723357
589.056573,500,281.556998
588.892359,500,283.549288
586.021661,500,284.252479
587.733084,500,284.92989
512.827949,230,285.237456
324.234468,150,285.439056
406.586556,206,285.709467
589.590056,500,287.712536
333.966132,162,287.933781
314.037589,147,288.136621
339.000835,140,288.32238
284.735847,148,288.522357
367.202179,176,288.752556
587.46866,500,289.437007
944.36655,462,291.39829
587.917198,500,292.28604
587.795519,500,293.146789
877.785278,374,293.792025
674.708824,304,294.316484
584.039532,500,296.324093
505.965418,220,296.61664
255.685604,126,296.784833
593.033171,500,297.461529
643.164634,308,297.868132
945.926799,420,298.424282
508.630723,205,298.69769
590.323229,500,300.683215
538.246976,231,300.980379
588.282208,500,301.668129
784.026818,371,302.175808
322.356656,149,302.373672
521.4439,224,302.67653
587.896385,500,304.80858
253.10257,130,305.023362
397.341845,165,305.295826
419.721813,216,305.654387
488.227853,219,306.035523
503.394276,256,306.4947
511.633334,254,306.91015
528.009579,261,307.256605
585.491327,500,309.234529
588.616898,500,309.908709
588.812302,500,310.583465
586.249977,500,311.267227
585.72718,500,313.254497
587.944159,500,313.917559
586.057212,500,314.588896
584.163542,500,315.261813
797.04847,500,317.417297
818.463675,417,318.10342
681.470588,309,318.610093
1045.093943,500,319.479264
658.041228,287,319.86878
339.464247,130,320.064577
346.012557,152,320.263139
355.279632,153,321.771007
548.79482,247,322.107086
599.241062,271,322.480194
538.540627,249,322.829258
501.301853,202,323.110596
359.522584,168,323.33283
356.059163,144,323.524896
480.582637,212,323.817561
328.248233,152,324.036474
526.445981,237,324.35871
587.079484,500,326.353349
535.412387,240,326.662771
498.672473,193,326.909179
495.83788,204,327.181206
510.483307,214,327.460698
584.954536,500,328.131228
444.358941,176,328.362891
587.318198,500,330.593718
337.728237,126,330.803433
332.945208,123,330.997328
348.140699,141,331.227597
612.012535,306,331.755227
431.05734,170,332.049587
507.165549,204,332.363525
533.255535,218,332.660136
663.676699,314,333.074333
724.138841,303,334.803894
528.817616,201,335.061973
401.014866,166,335.27631
585.771564,500,335.939609
405.495112,181,336.181529
582.976362,275,336.551474
518.197402,198,336.810479
464.775406,354,338.589674
654.335216,500,339.26365
263.56063,132,339.444121
534.092465,195,339.710637
519.423141,197,339.970457
344.229389,126,340.136207
496.66551,185,340.385786
755.169147,305,340.799893
503.147735,195,341.059715
541.308604,203,342.774116
530.479333,195,343.095273
557.89872,219,343.453052
473.682196,206,343.818944
677.450929,500,344.68805
686.780081,287,345.122243
745.351349,298,345.519155
521.887462,197,345.785805
696.399898,299,347.514543
489.419838,186,347.757286
799.245325,386,348.285916
728.097653,295,348.677974
569.450934,233,348.984465
727.024849,286,349.357629
672.755765,311,349.773351
711.886346,299,351.496523
589.132398,500,352.167973
584.055672,500,352.835456
524.685509,207,353.116131
712.394196,306,353.541972
987.304112,500,355.721946
513.199521,214,356.077378
617.485664,500,356.911809
585.980358,500,357.769298
834.504499,500,358.453513
925.159123,390,360.290226
803.590398,402,360.824739
496.45485,201,361.098369
375.198855,151,361.308416
327.432931,122,361.468856
117.093882,52,361.539002
324.439849,122,361.702774
514.300663,224,361.997594
499.96913,214,362.290553
496.845485,194,362.548791
339.305055,134,364.042193
459.97667,189,364.299704
402.705253,165,364.517327
753.673128,293,364.898144
349.968408,137,365.074819
525.195999,203,365.363575
543.997642,232,365.67634
593.507913,500,366.360101
661.276064,291,366.750794
336.500833,126,368.396151
521.494326,207,368.732867
543.035353,213,369.090784
1037.938664,500,369.930465
183.952834,142,370.178756
179.679181,83,370.329967
316.225961,244,370.656956
914.88018,445,371.248559
1080.130546,497,373.235444
586.655024,500,373.936848
783.972883,500,374.60338
860.531064,500,375.254571
1149.857974,444,377.183919
892.455067,500,377.853282
877.970883,500,378.508537
677.238741,500,379.181991
786.002366,500,381.420294
191.298992,149,381.670008
220.192141,169,381.947597
652.777123,440,382.681734
191.874752,136,382.924301
222.18453,157,383.162389
241.625508,165,383.376332
797.77852,500,384.061593
595.825151,382,385.919202
337.83785,232,386.227529
183.033777,146,386.417807
615.5729,479,387.050036
794.978388,500,387.706003
853.311507,479,389.655264
913.112998,500,390.324528
888.749316,373,390.804123
1158.118908,482,391.441112
870.83201,365,391.920068
1061.645793,500,394.174117
1093.184958,500,394.998571
202.933233,142,395.246437
193.679175,136,395.484387
896.060715,500,396.223376
156.146054,137,396.410878
196.380661,137,396.589906
1075.234825,415,398.466212
223.14117,135,398.639402
1011.548681,500,399.29404
964.810898,348,399.75094
932.873824,368,400.229335
976.40688,347,400.680291
565.444191,203,402.256528
774.203198,319,402.695606
517.103121,194,402.950199
698.395913,267,403.309303
723.684702,262,403.658044
552.353313,210,403.935794
435.288214,159,404.147039
558.364241,205,404.426515
755.182496,267,404.786824
431.29931,153,404.99115
495.166831,180,406.801636
427.004094,154,407.060489
468.08398,170,407.348097
335.80555,121,407.567058
752.590299,288,408.066394
362.132041,136,408.302934
570.111648,216,408.656001
355.666122,128,408.827432
427.718382,161,409.038731
529.725181,197,409.315635
445.277132,153,409.533586
693.021599,257,411.201946
389.908583,156,411.403704
510.89761,199,411.67823
506.709123,176,411.910045
369.952425,129,412.084745
383.488984,155,412.294115
349.769074,132,412.465985
360.017251,134,412.648439
355.999204,135,412.825195
394.050155,159,413.031778
428.650997,166,413.249234
379.524949,146,413.439042
335.072599,127,413.617261
367.975817,141,415.113989
357.495983,133,415.292944
399.427929,157,415.504321
378.348374,148,415.725233
341.529757,128,415.894341
460.984746,183,416.137401
386.021642,138,416.326177
445.833168,169,416.549036
390.156862,152,416.75679
425.347551,164,416.972584
315.188273,116,417.129197
370.790896,138,417.320726
211.609197,84,417.430742
460.550876,174,417.667538
490.657811,180,419.408574
356.03033,126,419.613818
463.090484,173,419.923507
486.745488,184,420.228668
414.337616,147,420.464652
513.559992,193,420.789315
455.63611,165,421.087047
444.321167,164,421.349779
380.307669,131,421.526523
485.957613,176,421.758402
378.506788,143,421.962359
337.62999,129,422.133824
478.414186,182,422.371204
354.126873,126,423.850698
438.322796,162,424.078546
501.553114,207,424.354994
505.169852,194,424.607875
475.323896,177,424.84129
320.75762,114,425.010872
583.644376,226,425.309569
595.118682,249,425.634296
556.070582,221,425.924958
216.41374,104,426.074844
401.571668,175,426.310356
342.339941,122,426.470094
370.608527,145,428.041594
535.779322,228,428.379598
523.539849,211,428.658757
369.342063,151,428.867059
337.87411,125,429.038881
720.731899,293,429.466818
755.805564,320,429.903341
547.739942,216,430.2156
742.113549,323,430.650532
897.307114,382,432.899867
1097.922779,500,433.751333
974.741141,404,434.372352
528.434864,197,434.625108
546.060037,217,434.91063
520.229708,195,435.171823
535.331913,197,435.449108
515.02103,216,437.07309
341.623804,126,437.238737
724.161332,284,437.612619
516.365055,201,437.874859
710.997462,287,438.248691
529.127641,217,438.541384
405.545341,160,438.747311
515.475608,212,439.020442
507.068489,192,439.273542
314.559812,118,439.435092
541.402295,223,441.064653
532.059107,212,441.347377
508.394574,197,441.61829
512.741276,194,441.880297
482.379954,179,442.114503
509.302657,190,442.367893
334.654657,121,442.542156
474.823772,181,442.780035
328.647623,120,442.941691
490.550936,187,443.201941
384.541733,146,443.398269
323.456943,115,443.558893
342.63462,127,445.359193
550.506072,205,445.734578
468.508466,177,446.041796
359.785761,130,446.272776
518.370072,193,446.627458
532.545798,190,446.937532
741.507166,270,447.296395
200.09985,82,447.411266
544.315851,196,447.696622
544.185902,203,447.963937
221.943152,87,448.0758
335.84345,120,448.244354
523.99955,196,449.833494
327.731363,118,449.988736
536.912754,201,450.255542
337.404931,126,450.419966
319.806019,117,450.571991
542.534996,196,450.829015
535.954055,195,451.092194
340.8041,131,451.267606
339.909115,125,451.433887
341.96719,128,451.603177
363.997492,144,451.819452
373.443813,142,452.023371
504.790239,190,452.280999
532.024294,215,453.878639
522.360729,203,454.154399
531.403888,201,454.443923
209.096246,85,454.554455
343.6209,132,454.72675
200.49106,79,454.837439
211.405755,84,454.948916
357.525137,136,455.12789
347.938883,133,455.306718
352.328053,134,455.482055
518.786446,191,455.737489
331.989154,126,455.92312
370.4659,144,456.113417
334.637157,132,456.293296
455.927698,177,456.527579
354.993708,144,458.374739
354.440577,137,458.591623
328.534076,124,458.783399
352.711814,132,459.022251
506.35543,203,459.362339
312.892951,113,459.54269
519.718077,199,459.795107
494.974609,195,460.056667
365.585178,143,460.241848
367.252187,146,460.42997
373.384376,145,460.61116
365.922431,140,460.788334
417.044125,160,461.004291
403.024932,158,462.514498
338.250177,129,462.678306
354.211914,140,462.853536
349.128296,137,463.036763
507.729361,186,463.277646
350.535751,134,463.453735
351.803012,139,463.641026
363.992458,143,463.829284
366.620931,141,464.015815
348.277843,133,464.199824
348.96477,138,464.380746
336.245001,131,464.553155
353.366053,139,464.738033
334.154323,129,464.906778
342.302851,136,465.098088
366.222658,149,466.603168
343.486485,133,466.783735
438.732128,171,467.015435
373.332033,145,467.214225
319.275405,123,467.377019
346.642705,134,467.553143
349.639156,135,467.72473
348.701167,133,467.898521
338.395528,128,468.071586
334.844097,127,468.250603
361.050025,141,468.441173
355.564766,137,468.625144
340.448041,132,468.795566
364.058567,138,468.980547
350.855816,135,469.165653
332.755278,126,470.990566
440.731793,170,471.295341
376.297749,150,471.534636
352.378379,136,471.765151
365.97498,144,472.015681
409.118711,164,472.286159
332.556841,131,472.470043
356.12287,138,472.650688
351.866337,138,472.831663
342.813243,133,473.009149
344.420702,135,473.190233
340.859596,132,473.37156
344.991715,132,473.544671
347.261866,136,473.72429
334.365924,131,473.905843
343.051387,137,475.414154
343.900844,135,475.599975
354.887405,141,475.79534
335.57016,130,475.974539
364.448554,142,476.230557
344.949286,136,476.519562
355.542928,138,476.740868
355.500085,136,476.920377
337.276331,128,477.090278
400.532163,157,477.300339
392.573112,148,477.509583
347.726378,134,477.692447
425.562085,162,477.913519
413.391674,162,478.130105
349.97519,133,479.614538
397.548216,152,479.812104
422.27386,168,480.028384
420.74916,159,480.238327
353.55396,136,480.41777
459.545958,176,480.655148
353.272744,136,480.832204
418.304221,159,481.047045
361.822552,141,481.234833
352.944771,136,481.416674
389.709585,152,481.621633
424.026193,164,481.836842
364.757688,140,482.024912
362.414913,139,482.210648
354.931435,135,484.111656
383.420782,147,484.361551
474.923796,181,484.691066
396.136765,158,484.951834
375.855305,145,485.148143
365.122698,140,485.330962
405.161429,164,485.542272
363.069204,144,485.73995
337.183474,131,485.907317
374.910418,143,486.102395
347.895968,137,486.287638
345.855235,136,486.465939
362.050881,146,486.670933
388.865744,155,486.882025
345.82685,134,488.369307
390.057852,159,488.576228
415.91922,160,488.792783
381.53865,147,488.981629
426.372262,162,489.197709
386.052833,151,489.394315
356.788227,139,489.578322
379.495816,147,489.765053
361.517857,139,489.955458
364.880432,141,490.144081
349.376233,134,490.316135
354.321567,137,490.490093
365.314227,138,490.669278
360.035767,136,490.851753
338.414968,132,492.312701
349.175388,133,492.487449
353.539125,132,492.664677
363.191463,143,492.858752
365.55844,141,493.052396
367.324377,143,493.247206
380.731763,148,493.442538
344.414502,131,493.616432
353.054459,137,493.801214
333.684044,129,493.979993
336.971281,128,494.153367
361.648174,137,494.34338
326.250145,126,494.50658
356.322751,138,494.695056
349.497707,134,494.876312
355.324931,138,496.858555
357.181243,137,497.097859
351.10643,135,497.331072
341.641195,131,497.560753
349.040563,133,497.750251
378.127544,149,497.940652
363.832463,139,498.131892
370.350035,143,498.3204
266.969336,112,498.467832
356.640462,137,498.647469
354.483524,137,498.823186
353.655616,136,498.998327
359.892497,141,499.196139
338.423567,129,499.361552
360.891724,141,499.544863
357.551963,138,501.022572
351.034036,139,501.218816
350.151038,136,501.402802
345.227569,137,501.579293
364.451469,150,501.775212
356.572201,140,501.954694
346.221195,133,502.135374
354.503255,141,502.330913
345.557139,135,502.507329
353.319563,138,502.689897
352.952856,141,502.874019
346.097912,136,503.055118
349.201084,139,503.245449
324.548737,131,503.415928
348.69794,138,503.600632
328.406144,131,505.119179
369.641533,149,505.332384
360.119672,143,505.526012
362.193812,148,505.729036
350.978845,140,505.917943
346.455475,142,506.108281
348.680727,139,506.301706
367.631208,148,506.501583
344.901297,135,506.706017
346.862084,136,506.899754
348.050825,136,507.094013
350.368312,139,507.284274
353.465172,146,507.474484
355.505849,141,507.688277
367.679931,150,509.67893
350.444644,140,509.931795
364.662967,149,510.204045
358.510742,138,510.444806
370.173352,148,510.639559
365.905927,147,510.837344
382.791744,149,511.040179
356.496168,142,511.233449
349.787107,135,511.4156
370.226035,152,511.620452
359.852912,139,511.803895
383.338336,151,512.006351
388.158951,154,512.220114
376.442824,149,512.417305
380.43168,153,513.968181
377.288889,151,514.176644
366.422433,153,514.37835
385.909789,155,514.5905
350.100419,139,514.770709
371.2415,153,514.969502
352.394756,138,515.155861
371.241975,150,515.353096
374.078675,148,515.55002
386.576562,156,515.757394
384.762604,152,515.955309
372.122147,150,516.159288
393.654569,156,516.369372
388.848617,157,516.583635
372.443436,146,518.135888
372.737387,152,518.342893
364.287016,141,518.527563
357.224367,144,518.740512
377.103336,155,518.959101
219.517597,97,519.103742
374.280719,159,519.338415
378.426643,149,519.555173
384.986998,154,519.790266
383.985037,155,520.006263
398.421341,159,520.232291
413.038532,171,520.492347
349.019079,150,520.745763
350.838291,154,520.997267
470.380402,184,523.140228
483.94578,195,523.430191
468.021073,197,523.716271
390.961539,169,523.9634
388.830351,155,524.186157
396.814255,160,524.406896
385.979842,156,524.618735
488.750762,188,524.878248
430.25461,180,525.124267
399.418736,162,525.341478
406.473552,171,525.56973
446.734234,187,527.153666
346.785589,152,527.365491
428.487925,173,527.621677
473.972757,180,527.911835
479.438163,181,528.162789
422.391006,176,528.398609
472.620475,185,528.63936
417.821314,169,528.858948
407.27808,164,529.089347
385.71599,166,529.317318
422.708067,169,529.543516
413.019323,164,529.758636
418.010853,161,531.326213
424.382512,161,531.538642
390.451503,159,531.75108
449.364501,169,531.977449
417.663749,168,532.206343
405.448806,158,532.42152
397.675555,159,532.633672
387.373712,163,532.851422
398.347489,160,533.073957
373.578075,150,533.317516
489.6202,185,533.62975
390.535554,158,533.885629
386.596198,159,534.164995
456.18247,178,536.168615
472.547422,184,536.419949
488.096312,200,536.684502
425.289072,172,536.910378
396.661783,159,537.138088
393.422471,162,537.366894
356.726496,141,537.56427
408.42891,166,537.787008
458.962678,173,538.0236
473.937178,183,538.281998
415.802235,160,538.500386
451.320354,171,538.730143
425.767081,163,540.292831
363.003811,143,540.490728
407.901643,162,540.711112
436.023104,173,540.94831
467.567991,172,541.186348
442.221501,170,541.420413
397.358984,163,541.640795
406.768108,159,541.849361
428.477706,162,542.066056
382.454835,147,542.264141
414.453191,159,542.483252
406.552329,160,542.698185
395.782134,151,542.904859
418.789287,161,544.46168
365.498776,142,544.649745
373.293309,152,544.850481
380.154299,147,545.045596
387.056635,152,545.250637
358.79031,144,545.454151
406.289969,160,545.664397
384.702298,153,545.868124
397.896359,157,546.135058
439.161831,180,546.458298
377.44339,159,546.719737
438.852242,169,546.993487
373.433931,161,547.263713
451.136871,180,549.206259
462.664755,180,549.447685
440.914703,169,549.682786
368.110593,142,549.872815
403.052697,152,550.078883
375.038334,155,550.28972
361.896726,144,550.484473
430.311413,168,550.721374
447.024754,180,550.96987
488.575066,198,551.242628
434.197945,170,551.477335
495.077479,191,551.742517
442.023449,173,553.328701
422.046083,171,553.560168
371.803012,152,553.770106
388.709906,149,553.968563
405.085057,170,554.203605
420.305898,173,554.440312
479.642062,178,554.684284
357.760257,143,554.874575
402.200299,153,555.076483
394.722433,165,555.295474
446.577466,178,555.53391
455.197089,174,555.76818
434.002014,173,557.349465
456.958162,173,557.584172
480.090133,182,557.83109
408.709267,164,558.049891
359.578534,140,558.245005
404.689475,170,558.49142
490.614651,185,558.749678
474.8259,176,559.053596
451.969879,178,559.354564
445.521817,174,559.640831
456.687782,184,559.947639
544.460358,199,560.2846
482.134427,205,562.236719
458.826007,182,562.478761
470.228077,185,562.722976
494.230176,190,562.983342
541.284357,207,563.262809
270.315559,132,563.445294
556.858012,208,563.723747
494.828001,196,563.994661
492.597822,191,564.254104
454.701273,180,564.496798
480.515415,184,564.74288
513.038517,190,566.318894
478.544951,181,566.554185
472.445389,180,566.793527
316.519467,145,566.983893
461.649079,173,567.224634
467.507573,184,567.503836
466.20252,183,567.763789
507.977622,192,568.023998
515.190285,193,568.27757
460.07083,180,568.522058
317.046557,140,568.719592
419.718385,172,568.943546
537.283667,197,570.528414
462.196332,174,570.76048
480.427312,185,571.009104
381.557925,158,571.233221
490.355018,188,571.489367
380.320187,162,571.74045
278.496547,127,571.95567
696.602158,244,572.359702
554.577045,206,572.690732
272.142877,125,572.893402
285.277108,133,573.121901
273.789404,125,573.336033
556.800257,200,575.145271
259.326916,128,575.319263
302.821907,137,575.497168
575.480603,217,575.782215
281.581712,123,575.942593
515.127942,188,576.187562
289.832476,131,576.366744
512.709572,203,576.62527
784.677054,271,576.979571
519.773477,203,577.243552
541.490984,206,577.522467
246.43713,113,578.981973
774.965832,265,579.336954
261.959233,129,579.515837
284.280804,134,579.691356
421.281506,176,579.920846
553.511568,205,580.192503
267.183157,130,580.377012
265.784907,128,580.544026
272.373233,128,580.713174
751.823731,256,581.051764
542.617245,200,581.316695
494.459109,182,581.572801
847.072799,286,583.277252
497.246185,193,583.544912
559.412302,208,583.827876
843.174841,280,584.199227
585.913596,205,584.526444
794.972066,255,584.943559
577.527079,215,585.289209
278.591019,129,585.500393
489.837039,180,585.813094
475.682769,186,587.717477
566.744292,200,587.985863
580.917351,205,588.261169
498.173278,185,588.506757
531.885873,190,588.761158
524.358657,186,589.022751
443.465208,169,589.275974
426.221694,156,589.48858
505.085687,185,589.747342
452.573823,171,589.971075
533.039493,189,590.22408
534.716736,193,590.476891
463.838128,172,592.049875
524.762772,187,592.295667
544.491819,189,592.547578
551.214072,195,592.810566
534.456359,189,593.059015
522.177962,188,593.3086
485.403514,186,593.559859
457.998439,174,593.80021
496.283788,178,594.044245
501.885342,186,594.309285
517.950627,187,594.56067
495.839501,187,596.152651
493.778013,190,596.404649
453.198156,172,596.632229
505.477446,182,596.879609
504.077013,184,597.150857
429.311123,170,597.446193
456.778052,171,597.741261
454.339745,164,598.027205
505.243679,189,598.333321
510.809826,185,598.639616
513.885028,189,598.974278
549.756315,194,600.76093
440.592481,173,600.992202
483.253776,176,601.238336
487.606959,180,601.473543
542.173891,201,601.734453
556.878175,201,601.99368
559.660644,199,602.266101
539.282365,193,602.519809
483.536782,181,602.761478
507.554154,181,603.004271
518.156408,180,603.251858
481.215649,172,604.805457
391.274158,160,605.01524
472.79871,176,605.255772
458.380336,168,605.477081
448.217282,166,605.698241
382.77153,153,605.900866
372.840988,140,606.086183
365.27552,145,606.294125
385.347068,148,606.498422
384.091958,146,606.68905
364.027867,142,606.875975
383.22366,149,607.069283
418.689709,157,607.285626
436.012608,159,608.807668
405.612888,155,609.011989
439.454475,168,609.245467
370.981024,145,609.438599
435.11739,161,609.659616
350.785662,134,609.856629
386.018468,147,610.117125
376.46046,142,610.365953
376.825833,147,610.607011
403.094071,153,610.85827
377.437288,146,611.104012
361.496017,145,611.364116
370.910702,146,611.602662
398.597424,149,611.842806
369.532785,142,613.524951
402.492698,150,613.72093
477.505296,174,613.949662
416.703207,156,614.165267
401.630943,147,614.361015
446.698439,165,614.588481
370.518936,146,614.779426
406.020261,150,614.977371
374.656938,145,615.172837
466.588968,174,615.403663
391.789118,153,615.612909
419.156264,157,615.829561
433.841156,161,616.048845
439.982614,162,617.630949
366.108119,145,617.826471
411.63378,152,618.030245
493.729256,179,618.27011
365.081591,143,618.458151
379.41668,146,618.657447
436.676743,163,618.868711
364.311134,143,619.059308
402.222936,152,619.267113
435.231608,161,619.484586
386.06831,147,619.68741
425.26848,157,619.912137
415.734829,157,620.122053
438.253161,162,621.696327
438.287843,162,621.918408
335.511208,138,622.103241
353.319296,138,622.289323
424.283528,163,622.510042
363.651172,138,622.757311
500.523772,179,623.062122
471.811383,176,623.356283
348.353873,133,623.572791
408.151436,150,623.831348
396.224293,155,624.094133
383.466859,151,624.343529
336.109647,134,624.555952
422.757339,164,624.838704
376.649709,143,626.45954
436.979766,168,626.679328
389.319689,149,626.886785
359.567006,139,627.071508
392.859317,148,627.268013
451.168858,170,627.498919
426.015223,156,627.707814
364.544691,142,627.908125
391.538949,147,628.118354
371.736741,145,628.319555
371.656269,149,628.523572
428.216041,161,628.732674
391.085245,149,628.936582
341.728152,136,630.438136
372.848496,144,630.622879
366.148937,142,630.80838
341.9848,131,630.994456
336.751027,131,631.171857
401.185023,157,631.380018
349.052616,135,631.558309
359.488032,139,631.739295
414.841339,159,631.958483
380.610585,146,632.153257
378.438407,145,632.3451
341.983063,130,632.516211
363.458293,141,632.701096
406.580655,158,632.921639
376.962679,145,633.114943
405.919791,162,634.624782
331.702486,131,634.794549
388.541404,152,635.000772
422.906131,163,635.219411
432.640418,163,635.493522
435.99602,163,635.766346
429.706755,158,636.047367
456.262484,169,636.330914
405.570462,164,636.611762
396.021625,152,636.865197
381.296833,146,637.119876
413.099608,157,637.378928
361.455022,141,637.625414
326.985255,129,639.215979
467.066724,175,639.446183
425.497454,160,639.663281
434.811365,168,639.887022
393.711272,150,640.086181
433.311524,171,640.32651
451.135118,174,640.562769
467.673991,174,640.785202
358.594623,143,640.974342
350.524362,138,641.168853
301.049261,123,641.336522
337.83572,133,641.518032
399.686311,156,641.725006
357.606476,142,643.233187
348.074521,137,643.413735
283.333463,116,643.564188
363.413472,142,643.746962
409.298314,159,643.956695
375.283876,147,644.153818
385.628537,151,644.367068
423.005674,163,644.580344
372.68851,145,644.769796
348.785261,142,644.956018
337.136287,131,645.13063
336.922377,131,645.314677
242.802308,106,645.454704
355.84972,141,645.646438
347.664136,138,645.824424
299.530678,128,647.316138
375.337806,149,647.512807
336.268614,132,647.694931
355.193631,143,647.886819
350.807409,138,648.103192
317.478934,132,648.333926
333.008721,136,648.559965
325.311817,128,648.766816
378.300137,154,649.019197
305.472719,133,649.241849
404.56782,160,649.530046
393.401378,158,649.794947
261.311523,110,649.979035
292.692028,125,650.193826
339.986409,147,650.451184
391.437629,154,652.117251
347.931007,140,652.304391
356.290288,140,652.49219
364.241368,145,652.690328
359.905939,148,652.885743
399.919956,156,653.095468
349.192529,144,653.293159
336.75536,132,653.474311
357.267631,145,653.680629
358.859865,148,653.880146
361.860067,152,654.094371
334.156022,141,654.285261
286.620052,122,654.440696
316.51062,127,654.618799
365.203004,153,656.109036
349.548154,137,656.299145
334.7133,132,656.468777
253.493893,112,656.6146
348.624939,139,656.802369
325.970816,131,656.973209
353.878334,145,657.168735
361.652354,143,657.352603
303.61155,130,657.525384
353.760173,143,657.724584
234.303208,105,657.866628
359.350994,147,658.060101
343.76084,137,658.243963
350.920861,142,658.437494
339.715537,135,658.629169
319.431188,130,660.157634
346.833038,136,660.332658
308.17175,123,660.491017
342.366703,136,660.667147
317.021871,126,660.846692
346.82278,142,661.102655
302.606479,120,661.307915
331.377068,132,661.519789
350.932134,141,661.753038
342.544738,138,661.991092
308.236293,122,662.204494
345.98856,140,662.437367
327.536394,131,662.647878
316.74452,130,662.871671
318.415152,127,663.096525
328.975731,131,663.322616
305.051706,122,664.853166
340.900489,135,665.045074
349.722389,140,665.233397
350.872506,142,665.426698
337.610177,135,665.610347
307.513411,122,665.773135
266.268091,108,665.917634
314.477364,125,666.089648
334.914614,133,666.282156
294.824273,117,666.439125
329.167912,130,666.60827
348.467875,142,666.799059
305.528949,122,666.962851
306.910876,121,667.132694
346.040019,137,667.321105
339.598576,135,667.505349
363.312352,146,669.035055
349.35381,139,669.221525
354.064089,145,669.416408
342.092036,134,669.592847
348.164007,137,669.777559
315.853677,124,669.943592
247.963334,104,670.091143
343.029684,136,670.269914
328.944175,138,670.448103
325.093461,129,670.616006
342.215892,136,670.793112
339.430721,138,670.973086
348.222678,143,671.175126
346.255685,143,671.381142
330.040426,132,671.559947
345.906268,140,673.052209
325.770062,133,673.238675
342.338257,137,673.424283
346.536127,146,673.653378
326.907824,130,673.878282
329.805381,132,674.103031
333.243185,130,674.337988
348.179721,141,674.561565
349.136971,146,674.79699
344.861974,139,675.029403
306.133048,120,675.24932
348.816564,140,675.479453
311.443867,123,675.686628
347.710078,139,675.927491
351.565198,142,676.178909
347.401941,144,677.734644
344.669911,143,677.925965
352.461643,147,678.124286
333.76084,138,678.308493
239.820387,100,678.446527
303.68942,121,678.608825
349.261421,145,678.798062
335.458128,133,678.970338
333.076714,130,679.144476
348.514587,142,679.337337
346.615609,138,679.526163
308.457075,124,679.693411
289.397498,120,679.853658
345.942625,141,680.037624
351.616896,143,680.23096
353.656283,147,681.786087
310.137215,126,681.95259
339.657943,136,682.137497
351.493826,146,682.335336
339.427216,136,682.522425
354.982164,146,682.717821
350.194483,146,682.91371
354.065111,146,683.107253
346.541438,138,683.293582
353.25469,148,683.490521
245.788927,113,683.637985
337.044846,133,683.810578
236.009767,108,683.951702
340.882163,141,684.14037
354.006704,145,684.335947
349.295702,149,685.838912
352.2494,146,686.029358
348.789174,148,686.226503
274.592363,114,686.417521
369.578881,154,686.678042
350.292647,137,686.901897
363.296612,147,687.145244
353.792846,145,687.383914
349.885119,142,687.644055
353.574788,145,687.878073
349.050333,142,688.111779
347.997841,145,688.347361
349.037876,147,688.609291
355.119776,153,688.881863
342.925937,139,690.426185
348.797046,143,690.609983
341.145016,136,690.794129
345.167718,140,690.979341
349.815281,146,691.176684
315.660302,126,691.349057
323.505913,129,691.523318
343.813077,139,691.716598
316.981899,127,691.89838
307.774345,125,692.06521
301.923376,123,692.231698
232.770473,102,692.369788
321.801741,130,692.541979
305.922675,124,692.713175
293.843231,119,692.873597
244.280797,103,693.013437
326.921539,133,694.523811
282.138071,116,694.679493
298.260921,120,694.847973
269.415736,112,694.996203
318.882538,129,695.171521
320.277999,131,695.353051
292.86664,118,695.507893
292.373241,120,695.664179
272.787655,114,695.819017
302.869765,123,695.98603
320.247111,129,696.16643
245.464933,104,696.310223
333.251959,135,696.494551
288.689166,118,696.644668
335.705676,134,696.837114
342.119205,139,697.025359
326.348788,129,697.196782
324.870008,129,698.690269
343.524552,138,698.881353
291.2384,116,699.057133
314.754109,124,699.28102
332.670012,134,699.507322
298.890182,120,699.710277
298.30125,119,699.914822
327.528337,139,700.145635
286.83415,116,700.343685
317.338579,127,700.554696
294.487551,118,700.752229
264.986523,110,700.939776
317.412961,129,701.160785
287.779169,118,701.36954
255.076203,116,701.564713
323.566547,131,701.784041
308.460142,125,701.977695
311.533345,125,703.485051
270.255764,111,703.626029
291.74074,120,703.787502
282.577776,117,703.941983
258.009614,108,704.096335
239.995215,112,704.247268
284.102254,116,704.39903
321.41964,132,704.570017
323.541556,131,704.745009
278.565403,115,704.894102
306.905094,127,705.070562
298.972895,124,705.23568
319.326559,132,705.414703
244.565587,109,705.558134
281.626216,118,705.714228
264.305449,121,705.876139
290.886983,124,706.04035
263.622981,112,707.532227
313.31566,130,707.708718
315.522543,134,707.897879
278.875581,122,708.070145
243.796284,107,708.225942
251.548841,116,708.387208
236.071904,107,708.531017
259.057724,110,708.677638
240.263682,105,708.818025
267.421395,112,708.969424
270.640469,115,709.127646
247.748788,107,709.280562
249.300477,112,709.43348
250.224209,109,709.581829
245.83633,109,709.730671
243.386294,113,709.884757
212.685169,94,710.015144
243.422233,106,710.161516
250.576714,110,711.622351
239.463817,103,711.769586
239.239738,104,711.952731
258.792063,112,712.148999
283.455898,122,712.37893
255.183922,110,712.563673
220.00262,96,712.721132
247.832649,108,712.897303
248.676729,112,713.09056
239.64207,110,713.276302
238.085113,103,713.455362
227.850394,100,713.613823
227.545159,99,713.777851
259.143529,111,713.971106
230.695076,107,714.160855
231.922242,108,714.353047
257.221392,110,714.53049
247.820153,112,714.673992
243.286686,107,714.819291
237.832588,108,716.262405
228.448538,102,716.40295
254.290525,111,716.553828
228.348553,100,716.685233
266.43445,117,716.83746
224.107186,100,716.973781
242.009426,106,717.116145
252.522159,108,717.263945
248.859035,109,717.413926
269.559141,115,717.585141
243.861496,113,717.735203
266.756418,117,717.894081
271.105426,120,718.059852
235.889078,104,718.20263
280.081232,120,718.364422
228.563815,109,718.516711
236.734391,104,718.653013
228.019804,102,718.788353
236.141406,105,718.928366
258.597517,111,720.40939
245.988047,106,720.552415
252.520053,115,720.706255
277.305827,117,720.85922
244.700164,108,721.001574
253.944694,114,721.155977
259.661981,113,721.308953
232.438026,103,721.447524
260.339715,113,721.604473
249.665093,109,721.750496
238.57532,106,721.903289
276.138926,121,722.076898
241.381471,107,722.220451
243.25658,107,722.366764
245.745679,108,722.514917
239.099192,105,722.677464
248.8317,109,722.82789
240.042971,112,722.981388
239.054344,104,724.443441
276.852995,119,724.66671
248.692839,112,724.860834
261.56547,115,725.048522
231.815442,102,725.218907
263.824873,114,725.402224
267.73238,117,725.586686
264.589182,116,725.798123
252.86863,109,725.971255
240.458673,113,726.160995
264.36947,115,726.363151
266.868926,118,726.56544
247.192945,108,726.762734
246.327021,109,726.958305
258.370338,111,727.159509
245.394579,109,727.305588
260.946658,111,727.453281
268.684349,117,727.605011
271.274798,118,729.068672
274.077679,117,729.227046
277.366691,116,729.380957
289.435601,122,729.542444
269.639815,116,729.694719
284.997083,120,729.858501
300.937986,123,730.022771
286.31009,126,730.194478
282.096465,116,730.347226
324.879777,134,730.522022
295.159285,125,730.684687
319.541933,136,730.867493
302.155683,124,731.033694
328.408241,136,731.215403
309.570415,126,731.390855
292.02526,125,731.565333
293.631444,122,731.728331
267.650527,123,733.243641
249.511144,117,733.404139
330.128778,138,733.590364
319.486399,133,733.77413
251.304965,115,733.929639
333.922759,136,734.119276
338.013026,138,734.306307
342.717838,140,734.497037
337.088314,138,734.676777
316.12972,128,734.848556
336.217782,139,735.042612
328.458626,133,735.219766
323.709092,130,735.398467
344.314621,146,735.601952
342.106043,141,735.788933
261.65725,120,737.367099
331.990982,137,737.606576
346.548003,144,737.845196
339.268615,139,738.085035
332.936486,132,738.303532
281.034688,122,738.514622
351.480567,148,738.758977
350.082703,146,739.00216
355.409447,150,739.258139
345.473922,141,739.50177
349.636695,146,739.750209
339.645174,136,739.963864
336.701874,134,740.155278
349.97641,144,740.349086
347.585244,142,740.536865
269.042297,112,741.999795
339.529171,138,742.18894
353.761028,150,742.3917
327.808993,131,742.56667
256.88666,111,742.716148
354.877053,147,742.914273
333.7783,132,743.102512
234.892208,109,743.256556
346.906822,140,743.441756
346.292609,141,743.631156
343.623677,138,743.817481
351.237651,146,744.014203
352.410359,153,744.221483
330.220002,140,744.416334
349.279196,149,744.612534
348.604664,143,746.131343
347.657696,138,746.324636
351.294061,145,746.517895
350.060742,141,746.701658
354.788718,149,746.896034
351.628397,140,747.085248
343.926268,144,747.278227
345.861758,139,747.477044
345.416188,141,747.672788
351.365988,145,747.868031
347.85235,140,748.059295
340.440476,137,748.24352
338.264651,134,748.435762
352.74486,147,748.630921
358.411528,149,748.826876
358.552665,145,750.457788
204.643919,97,750.613787
353.160086,146,750.850606
362.797566,148,751.09484
353.934858,151,751.350163
354.174687,150,751.613302
356.944192,142,751.846396
357.925598,151,752.118749
361.831462,149,752.393941
352.716265,145,752.647968
360.91756,143,752.838597
359.198105,150,753.035962
353.138368,140,753.221727
354.947483,142,753.418741
355.572296,142,754.928105
363.058971,148,755.127267
360.541762,143,755.312445
358.493621,144,755.501013
358.158709,147,755.695653
357.715019,147,755.885284
360.723702,149,756.082064
358.271052,141,756.269411
358.531923,146,756.462108
358.871799,147,756.660493
356.306758,142,756.849888
360.482221,145,757.041103
360.479944,149,757.240269
360.447752,147,757.435579
359.515914,145,758.949706
354.482213,145,759.149818
357.473545,142,759.335608
356.449257,144,759.523936
359.084567,141,759.719141
360.246127,146,759.917396
358.284019,147,760.116682
362.191242,141,760.305819
362.063897,146,760.490788
357.288961,151,760.69004
368.165455,146,760.873528
363.232703,145,761.062805
360.65581,147,761.2652
358.226896,151,761.468343
358.637254,150,763.124018
361.812365,147,763.367393
349.152363,148,763.626945
366.375099,146,763.873727
362.067692,146,764.120956
362.006039,153,764.374328
361.757704,145,764.608761
355.784678,146,764.859936
357.915475,145,765.110923
353.124536,140,765.352265
351.950245,138,765.533335
351.745433,144,765.725356
351.979282,145,765.922847
331.526231,129,766.093223
349.879457,142,767.614902
341.808198,135,767.798717
319.129996,126,767.977837
329.609476,131,768.165775
330.336532,133,768.353144
333.133031,133,768.526249
325.421037,129,768.69665
287.730765,115,768.848566
334.31237,137,769.03926
326.739384,131,769.214432
322.066659,129,769.386473
340.698654,138,769.570883
342.805055,139,769.752099
339.822016,136,769.939399
328.307281,130,770.113397
335.404013,137,770.29522
314.625607,126,771.763694
324.074968,130,771.934792
313.065341,128,772.112669
329.490622,133,772.293676
319.288566,130,772.464487
313.345943,129,772.636023
264.982433,112,772.784698
308.50576,126,772.951088
307.530422,126,773.133398
302.475572,124,773.296755
298.798288,122,773.459368
279.477955,116,773.611001
308.986613,125,773.773829
311.385665,125,773.953522
280.513491,116,774.12067
308.353802,126,774.285989
326.635232,132,775.91051
315.820137,127,776.131452
287.607601,117,776.327165
325.56866,131,776.539309
334.989577,136,776.766603
335.765636,135,776.991982
335.303715,134,777.231185
322.670299,129,777.455833
342.656621,139,777.703467
335.204412,133,777.929631
346.29989,144,778.156547
342.826541,142,778.352833
352.581084,149,778.550095
344.589743,140,778.735188
341.085604,137,778.913031
347.409751,144,780.420557
346.366459,147,780.61639
349.06754,145,780.810577
345.307465,138,780.995163
348.188813,144,781.190374
347.38559,145,781.396426
345.847094,140,781.585781
347.081138,145,781.776453
342.481251,138,781.959489
341.030824,142,782.153668
346.649872,144,782.35192
351.721955,148,782.554764
346.648308,141,782.755621
228.813605,103,782.897497
346.593569,142,783.094714
346.6366,144,784.644571
349.754039,143,784.82948
351.574532,144,785.018719
350.86431,146,785.215733
317.819329,134,785.401615
354.616449,144,785.588052
347.375347,144,785.779043
347.770149,145,785.972061
349.673044,146,786.166407
350.722427,139,786.361856
293.040652,132,786.543148
355.831177,151,786.744452
346.660916,145,786.936446
343.553844,144,787.126669
353.128717,149,788.839523
344.933425,145,789.075117
352.177079,147,789.315711
344.02154,144,789.568678
331.297931,140,789.803624
346.899937,143,790.037422
351.46815,144,790.285594
346.268561,142,790.527767
340.431763,141,790.79127
339.094933,140,790.975138
351.706189,146,791.168035
354.72877,144,791.358988
353.659529,145,791.552837
357.205756,153,791.764501
351.487473,147,793.271599
351.891417,142,793.462686
347.679504,145,793.659524
347.821553,140,793.845327
343.446915,145,794.03863
337.65068,134,794.216887
345.36854,138,794.41018
342.3471,135,794.587448
345.158114,138,794.777369
348.788828,140,794.962663
345.353093,141,795.152631
348.790651,140,795.33926
352.425775,141,795.521404
346.658642,139,795.711494
347.514428,139,795.894982
349.511664,139,797.403595
350.408653,140,797.585985
338.475714,133,797.764424
348.120742,145,797.951581
350.129904,141,798.146985
350.422504,141,798.338231
348.929326,138,798.524192
351.572095,139,798.710794
351.086249,140,798.90358
352.528465,141,799.089631
355.902951,143,799.275406
354.974682,141,799.455769
349.061411,140,799.639893
352.397385,139,799.830802
350.204851,138,800.01092
350.208237,138,801.751168
343.828181,135,801.993212
350.327652,139,802.232575
344.818299,136,802.457457
340.945307,133,802.668657
351.83799,147,802.916722
345.95785,137,803.164146
351.872493,141,803.402093
352.186077,140,803.618409
342.560766,135,803.791624
356.467233,144,803.995385
355.787605,143,804.185495
342.184691,144,804.37585
351.449453,138,804.565167
350.599325,138,806.106355
346.659356,136,806.290859
345.272341,136,806.471753
348.085948,136,806.654291
355.321668,143,806.84692
355.95926,143,807.047691
355.093778,140,807.233442
351.922804,146,807.429613
354.39278,143,807.632715
357.715366,140,807.825508
355.187459,138,808.010017
353.131112,139,808.207004
337.041423,131,808.378533
359.055896,144,808.565607
359.610772,147,808.756965
354.931987,137,810.268537
357.897233,142,810.455992
344.627029,134,810.62888
354.815785,145,810.820436
350.505872,135,810.997192
362.995401,145,811.203185
354.537004,139,811.392325
361.672071,146,811.585476
354.798421,140,811.769994
355.503211,139,811.955603
347.562756,134,812.136579
351.841778,140,812.328179
349.95736,136,812.505289
359.440416,143,812.691234
219.338148,99,812.830661
356.953342,143,814.59566
348.46447,135,814.824925
355.757335,142,815.061824
360.198513,146,815.307769
353.671118,141,815.53302
357.542572,143,815.776101
353.893425,142,816.023954
348.617251,138,816.265598
353.220673,139,816.462732
346.850956,136,816.639879
350.845986,138,816.827343
349.481903,137,817.008487
353.596934,142,817.198945
346.397894,135,817.381907
350.079301,139,817.56472
336.234193,130,819.033579
338.925502,132,819.21065
352.778505,140,819.40113
352.975695,139,819.584241
355.086154,139,819.76449
355.192319,144,819.953477
351.60245,137,820.140271
356.856997,144,820.332344
352.117629,137,820.519438
354.929935,146,820.707884
340.064344,138,820.888757
351.573709,144,821.076605
355.320523,142,821.268637
340.552943,143,821.467397
350.640484,140,822.968293
348.053638,138,823.154749
350.243208,142,823.345043
349.562055,142,823.543929
351.019715,140,823.72376
347.23741,133,823.904676
351.89472,136,824.082381
302.472243,127,824.248888
219.270235,98,824.37771
357.628787,139,824.567456
453.36879,174,824.794549
277.284688,122,824.953968
356.83677,142,825.160175
298.76478,126,825.327673
352.125598,139,825.522478
350.791963,139,827.248101
208.701507,93,827.401142
351.251271,139,827.656735
354.214438,140,827.883986
354.24946,144,828.126965
353.711085,143,828.37473
351.358726,140,828.627988
351.313212,142,828.877827
342.185041,144,829.109269
191.886951,87,829.225299
353.324603,139,829.411454
355.972148,142,829.600626
365.771919,146,829.801358
203.681738,91,829.927125
310.856674,131,830.104689
374.198087,150,830.306442
368.459539,146,831.824338
351.928846,139,832.006361
354.340691,142,832.201795
355.449711,143,832.391043
303.993274,133,832.565875
345.460949,141,832.758031
347.683632,140,832.94251
343.978964,139,833.123377
345.639526,140,833.305315
345.562121,136,833.483788
355.069733,144,833.675221
347.452413,139,833.866966
379.622763,148,834.066214
296.760547,125,834.236718
354.762593,147,835.77774
358.178361,150,835.985528
352.785498,140,836.181487
351.324775,139,836.372478
357.045791,147,836.565083
350.134048,145,836.761659
350.312409,138,836.953989
375.292469,148,837.158087
219.737071,97,837.29089
355.767281,141,837.48346
356.981917,141,837.679139
290.421198,125,837.846311
359.80006,142,838.047281
363.183957,143,838.240967
362.682017,142,838.430741
358.544049,140,840.200223
362.922021,142,840.43698
361.208631,144,840.668581
363.190415,143,840.894261
364.455224,142,841.163706
403.534885,156,841.432788
363.554492,144,841.681937
361.977688,143,841.869501
358.93195,142,842.064012
383.55469,149,842.268638
413.112371,158,842.475555
368.510064,143,842.663514
439.582102,162,842.878825
513.699363,187,843.133423
453.960475,166,844.734102
504.641789,181,844.981982
431.160936,163,845.211545
384.062094,149,845.408279
371.168854,143,845.599238
437.019927,166,845.829447
476.160585,172,846.059633
380.157395,148,846.265157
362.319,139,846.454647
361.608927,141,846.636621
353.041467,137,846.818147
379.948716,148,847.012566
365.048296,146,847.218839
361.436271,142,848.751115
385.996465,148,848.948868
359.497728,141,849.143688
362.10855,141,849.341116
363.139789,142,849.529263
403.30221,154,849.735325
360.02481,142,849.925769
360.311394,141,850.117894
373.250824,144,850.321201
425.499995,161,850.525512
366.573226,142,850.709647
378.627484,150,850.903693
377.035624,143,851.092925
416.080308,162,851.321675
363.808038,141,853.159297
430.623825,162,853.442049
407.913344,153,853.695527
356.336475,137,853.938349
391.265703,159,854.225096
411.863159,161,854.499438
431.829902,166,854.727283
501.311404,185,854.971789
413.966786,157,855.192321
437.684725,171,855.415939
438.524931,173,855.649033
437.984051,171,855.882878
403.990674,168,856.107751
504.970854,193,857.687249
520.79552,188,857.936037
441.928051,170,858.176967
420.158445,166,858.403192
398.035789,165,858.630869
496.998929,184,858.874585
440.978131,169,859.101032
427.102489,166,859.321116
508.780313,186,859.577799
439.830145,168,859.800787
435.674775,170,860.034237
428.253824,171,860.25886
422.303774,167,861.823792
498.131858,185,862.076112
510.090369,189,862.331873
501.174627,192,862.587777
518.668704,191,862.843948
489.5456,176,863.076307
427.415334,171,863.303712
443.880744,170,863.523934
440.151201,174,863.760285
525.741433,193,864.012487
523.789491,196,864.273004
425.252288,166,866.207898
500.227278,183,866.499
472.049435,174,866.807429
492.829455,181,867.1244
455.576214,176,867.376117
436.60234,167,867.603391
436.516683,170,867.838933
459.744709,178,868.07366
438.012723,172,868.307665
458.704762,176,868.545538
459.601852,175,868.773345
460.139605,173,869.011795
519.09302,190,870.580362
524.749724,191,870.828536
525.960152,190,871.087768
441.543498,173,871.321352
430.417266,161,871.535363
433.085861,164,871.75074
532.020136,189,872.002179
472.643552,178,872.241165
439.264796,172,872.470005
522.836559,190,872.721431
508.285808,187,872.974056
422.502148,161,874.564858
511.406545,189,874.808616
511.810022,185,875.060517
489.139889,179,875.302672
505.186767,184,875.545371
517.170861,188,875.789781
538.731655,193,876.054899
430.36367,160,876.267193
475.813143,171,876.503203
485.892085,176,876.732294
469.392014,168,876.94936
523.314468,188,878.894557
545.100654,188,879.211845
521.387411,182,879.520193
377.072772,149,879.774865
492.097207,177,880.039806
516.063069,187,880.305652
468.954044,170,880.533996
454.802241,165,880.748481
435.912657,162,880.959582
452.420687,163,881.18879
529.578266,185,881.440331
535.699455,185,881.692106
522.264032,183,883.256107
489.399556,175,883.48598
321.945108,129,883.657427
453.198745,165,883.871396
364.400518,139,884.059356
370.790261,142,884.260521
357.255188,137,884.442621
371.700576,144,884.634272
429.188163,161,884.852234
407.369962,154,885.055695
397.890715,156,885.277104
464.163026,173,885.508722
358.514304,142,885.698751
410.867556,158,887.239595
350.082528,138,887.432594
392.701075,153,887.643699
430.032187,162,887.86225
367.912329,144,888.062311
413.046453,155,888.271361
439.889891,165,888.50131
418.947152,162,888.719393
366.809162,146,888.915182
352.624006,138,889.10203
406.484052,154,889.319538
393.187364,151,889.529337
417.79312,160,889.737201
367.413262,147,889.947534
361.374465,145,891.915346
474.756222,176,892.216224
505.161715,181,892.526541
510.540805,190,892.817107
497.991809,182,893.058364
456.737786,173,893.294042
403.570718,156,893.503644
446.19987,168,893.73351
426.59202,161,893.95193
462.531213,173,894.193265
470.644508,175,894.428077
482.256975,182,894.671427
405.241916,152,896.209745
504.241968,189,896.462076
463.821185,173,896.702325
422.968356,164,896.940223
462.43935,175,897.184695
349.296481,135,897.368412
355.410019,140,897.55484
386.863175,153,897.766019
461.544712,174,897.9924
398.3599,156,898.198923
435.13864,164,898.42329
457.196618,171,898.651826
355.297037,140,898.844259
459.726762,173,900.430941
376.643108,149,900.626303
373.982888,146,900.824701
362.271289,143,901.012876
352.466131,139,901.199619
436.178302,165,901.425074
481.626896,179,901.660861
442.369704,167,901.886764
498.946359,186,902.13632
496.470467,187,902.391893
486.619305,180,902.623156
491.121241,181,902.938882
450.966245,168,904.956907
492.438735,184,905.276862
489.451958,182,905.567673
396.520877,155,905.778786
473.529599,175,906.024075
447.118305,168,906.255426
477.52618,173,906.495833
494.901202,182,906.736329
446.763607,164,906.963169
495.998128,183,907.222226
518.319084,195,907.483027
512.640117,189,907.726844
401.655933,168,909.27416
433.63679,180,909.517667
391.661538,162,909.735105
471.364505,180,909.979124
460.446515,180,910.229884
512.032997,195,910.493644
523.992357,199,910.759227
438.481118,182,910.998757
726.824605,253,911.354427
532.645334,196,911.619361
525.529269,202,913.253629
404.425112,170,913.485555
452.335522,181,913.722411
440.491093,175,913.952882
514.461919,193,914.224808
523.374579,203,914.499863
464.212077,185,914.745719
459.326477,184,914.991849
439.068966,175,915.238256
460.078603,187,915.510527
509.199039,192,915.850459
641.996064,247,918.033548
674.433766,251,918.448413
522.399604,206,918.720315
531.045789,200,918.986191
532.33004,205,919.265395
713.629146,269,919.64443
562.440729,210,919.934101
624.878117,235,920.25862
686.587354,258,920.624661
710.994252,268,922.348031
523.279874,202,922.625103
509.349589,201,922.88752
926.644849,331,923.335458
716.769598,273,923.719987
728.394294,274,924.097644
746.647663,279,924.485805
683.328046,242,924.811738
538.146949,197,926.39024
902.562127,318,926.821618
659.912671,238,927.138965
520.749675,197,927.407348
897.597679,323,927.864655
514.229571,193,928.124686
475.082039,187,928.418562
541.084952,204,928.77079
679.731734,246,929.178138
743.340519,272,931.294921
507.898243,192,931.554062
521.833161,200,931.826062
432.735293,181,932.068527
429.72292,178,932.305588
407.972021,169,932.532319
382.692506,167,932.759396
406.392551,165,932.979677
510.61021,202,933.248582
446.139074,182,933.494148
458.179868,185,935.109171
432.727098,168,935.336575
422.499457,175,935.570118
394.755961,168,935.799938
280.850587,132,935.979495
409.325771,167,936.206966
488.947772,197,936.475781
531.237872,207,936.756029
512.474011,195,937.022727
470.143098,186,937.271828
486.00669,187,937.522372
492.826671,188,937.777946
490.41395,194,939.378248
499.97305,197,939.63921
516.174827,204,939.916031
474.065698,186,940.166139
478.998113,185,940.41767
493.183631,191,940.674495
471.975397,184,940.928753
503.515043,189,941.234
490.110409,187,941.555991
461.007349,179,941.851197
468.653471,183,942.151429
517.403834,190,944.116221
503.221582,191,944.375557
478.413157,182,944.616269
499.50795,196,944.873749
489.061867,182,945.124667
510.781689,194,945.379527
414.469634,172,945.607301
514.097988,194,945.857332
422.822262,173,946.099565
139.478973,65,946.191061
391.98983,166,946.418263
513.512135,194,948.015873
530.929549,199,948.302394
683.226191,257,948.644739
498.336614,190,948.895744
521.213121,197,949.177871
455.169348,170,949.413291
491.815843,185,949.660083
402.688409,162,949.872266
418.095031,163,950.08909
416.814964,152,950.30017
522.00238,193,950.552936
426.890204,166,950.774922
506.755225,196,952.387204
432.032008,169,952.619714
502.875351,188,952.875016
518.936276,195,953.136996
359.463594,139,953.3319
494.504803,183,953.576146
537.359043,203,953.86917
520.607319,197,954.219329
438.262954,168,954.509548
466.673452,187,954.814844
511.842734,197,955.14647
522.170383,195,957.126283
490.625273,182,957.366038
483.693614,179,957.626354
722.278803,260,957.974865
488.568598,183,958.22586
703.908448,263,958.601138
341.939587,132,958.778412
515.512837,194,959.034529
360.634844,140,959.225663
418.534651,171,959.458834
486.508281,178,959.708981
529.625123,193,961.290186
540.584805,203,961.561807
524.335449,199,961.839927
523.685196,192,962.094568
466.20364,183,962.338583
431.318921,161,962.555244
359.141888,139,962.754607
403.908211,163,962.973305
421.69245,167,963.204024
556.329783,213,963.500142
531.622082,206,963.7902
483.677324,183,965.378617
518.717281,201,965.651591
452.074929,181,965.897638
880.007147,338,966.351694
702.870808,272,966.785168
527.360979,206,967.131016
721.555512,268,967.569273
489.873177,188,967.891833
702.738771,275,969.971466
208.856486,98,970.104019
1102.468908,415,970.65272
611.768028,232,970.962985
370.084075,142,971.159271
1115.345781,500,971.814695
142.940832,70,971.908045
1061.491589,500,972.57437
1009.281424,500,974.56578
122.803146,60,974.645359
970.593751,500,975.313652
931.722788,408,975.860766
504.781441,219,976.163507
760.388212,346,976.6315
142.230144,69,976.726648
231.578768,129,978.263658
738.998239,366,978.745946
332.665618,218,979.049654
842.83671,476,979.781748
707.472286,500,980.60887
531.223136,327,981.153882
397.409115,165,982.962964
151.031047,72,983.058168
936.129134,500,983.743829
901.289909,500,984.435726
772.338812,500,985.115659
811.334677,500,987.169636
590.720268,500,987.848248
572.38031,500,988.515984
174.868581,85,988.630654
573.849567,500,989.313476
729.484526,500,991.308723
835.167439,500,991.975214
543.466642,307,992.465849
687.903999,334,993.030027
393.299618,261,993.454273
790.450545,500,995.825732
679.197974,500,996.487769
721.139051,500,997.16375
806.563997,479,997.802441
606.504536,500,998.466199
699.652078,500,1000.460865
776.141054,500,1001.126569
354.723635,203,1001.402905
607.770193,500,1002.091142
672.047234,500,1004.083106
662.465206,500,1004.754693
819.623236,500,1005.596628
789.46715,500,1006.453907
662.284171,500,1008.752318
867.594341,500,1009.439717
834.239497,500,1010.142373
163.396954,82,1010.253081
140.90021,72,1010.350257
841.129286,500,1011.008976
610.940684,372,1012.836982
869.065866,432,1013.424227
677.374451,323,1013.852724
578.05702,288,1014.250805
583.918082,244,1014.572537
1026.881209,474,1015.211265
1017.353956,500,1017.200078
995.27652,425,1017.828476
487.26699,252,1018.2487
1074.682911,500,1019.068812
917.190585,393,1019.731315
1031.789197,481,1021.87762
1062.820157,500,1022.554284
1254.419127,479,1023.192829
904.899816,385,1023.70304
585.567641,242,1024.025738
576.51766,251,1025.711421
720.712343,291,1026.103182
828.978035,345,1026.576149
551.555898,199,1026.84041
645.398882,268,1027.195693
838.205501,362,1027.685858
1229.379413,500,1028.355111
513.893556,206,1029.952004
768.852599,285,1030.339919
881.700162,360,1030.942708
631.514341,241,1031.342976
526.260692,209,1031.689297
624.403537,258,1032.119557
1127.883931,442,1032.878723
1018.439941,391,1034.810067
950.614718,393,1035.318981
884.596129,344,1035.758875
1132.67248,419,1036.32795
239.601036,130,1036.502532
827.338809,322,1036.94575
614.01356,262,1038.652014
1219.545977,500,1039.327609
665.508275,258,1039.660969
247.274311,129,1039.830874
230.687381,122,1039.997196
650.871038,266,1040.351053
1102.336513,440,1040.951187
1122.241454,500,1043.049545
1052.968691,421,1043.764104
232.610335,122,1043.97905
1165.719152,500,1044.821193
838.216689,361,1045.450974
241.658029,127,1045.672956
234.249661,130,1045.907643
618.285876,243,1047.621215
531.3552,237,1047.939787
223.416235,122,1048.107831
222.882472,122,1048.280502
223.334825,126,1048.45061
230.75509,125,1048.614458
1212.554501,436,1049.204474
232.336812,129,1049.380061
528.595183,255,1049.718942
